timestamp,symbol,strategy,entry_price,portfolio_balance,max_single_position_allowed,max_total_exposure_allowed,current_total_exposure,calculated_quantity,calculated_notional,buffered_max_notional,block_reason
2025-12-05T11:59:40.534Z,XLTCZEUR,mean_reversion,70.73065999999999,32000,4800,8000,0,0,87360.00000000178,4656,MAX_POSITION
2025-12-05T11:59:40.558Z,NANOUSD,mean_reversion,0.8168880719999999,32000,4800,8000,0,0,87360.00000000096,4656,MAX_POSITION
2025-12-05T11:59:41.538Z,XLTCZUSD,mean_reversion,82.32223999999998,32000,4800,8000,0,0,87360.0000000013,4656,MAX_POSITION
2025-12-05T11:59:41.574Z,NOSUSD,mean_reversion,0.266266,32000,4800,8000,0,0,87360.00000000048,4656,MAX_POSITION
2025-12-05T11:59:42.049Z,ADA/USDT,vwap_pullback,0.43152709599999994,32000,4800,8000,0,10789.588980989505,4656,4656,PASS
2025-12-05T11:59:42.256Z,ADAAUD,mean_reversion,0.6494087599999999,32000,4800,8000,0,0,87360.00000000057,4656,MAX_POSITION
2025-12-05T11:59:43.174Z,MASKEUR,mean_reversion,0.5805799999999999,32000,4800,8000,0,0,87360.00000000077,4656,MAX_POSITION
2025-12-05T11:59:43.188Z,OPEUR,mean_reversion,0.2720718,32000,4800,8000,0,0,87360.00000000038,4656,MAX_POSITION
2025-12-05T11:59:43.278Z,AKTEUR,mean_reversion,0.38988949999999994,32000,4800,8000,0,0,87360.00000000175,4656,MAX_POSITION
2025-12-05T11:59:44.148Z,OPUSD,mean_reversion,0.31701669999999993,32000,4800,8000,0,0,87360.0000000019,4656,MAX_POSITION
2025-12-05T11:59:44.566Z,ATOMEUR,mean_reversion,1.9445426,32000,4800,8000,0,0,87360.00000000106,4656,MAX_POSITION
2025-12-05T11:59:44.827Z,DOT/EUR,vwap_pullback,1.9239219999999997,32000,4800,8000,0,2420.0565303583,4656,4656,PASS
2025-12-05T11:59:45.222Z,MEUSD,mean_reversion,0.3362358999999999,32000,4800,8000,0,0,87360.00000000127,4656,MAX_POSITION
2025-12-05T11:59:45.395Z,PROVEEUR,mean_reversion,0.39519479999999996,32000,4800,8000,0,0,87360.0000000004,4656,MAX_POSITION
2025-12-05T11:59:46.002Z,AUDUSD,vwap_pullback,0.6629923299999999,32000,4800,8000,0,0,48657.89708197464,4656,MAX_POSITION
2025-12-05T11:59:46.418Z,TIA/USD,vwap_pullback,0.6153147,32000,4800,8000,0,7566.859689846513,4656,4656,PASS
2025-12-05T11:59:46.675Z,RUNEEUR,mean_reversion,0.5685679999999999,32000,4800,8000,0,0,87360.00000000109,4656,MAX_POSITION
2025-12-05T11:59:46.797Z,MNTUSD,mean_reversion,1.0649639,32000,4800,8000,0,0,87360.00000000029,4656,MAX_POSITION
2025-12-05T11:59:47.055Z,CAKEUSD,mean_reversion,2.3123099999999996,32000,4800,8000,0,0,87360.00000000175,4656,MAX_POSITION
2025-12-05T11:59:48.476Z,RUNEUSD,mean_reversion,0.658658,32000,4800,8000,0,0,87360.0000000004,4656,MAX_POSITION
2025-12-05T11:59:48.582Z,NANOEUR,mean_reversion,0.707725018,32000,4800,8000,0,0,87360.00000000016,4656,MAX_POSITION
2025-12-05T11:59:48.711Z,CVXUSD,mean_reversion,1.8248229999999999,32000,4800,8000,0,0,87360.00000000054,4656,MAX_POSITION
2025-12-05T11:59:49.528Z,SOSOUSD,mean_reversion,0.6080074,32000,4800,8000,0,0,87360.00000000067,4656,MAX_POSITION
2025-12-05T11:59:50.244Z,DOTEUR,mean_reversion,1.9239219999999997,32000,4800,8000,0,0,87360.00000000093,4656,MAX_POSITION
2025-12-05T11:59:50.530Z,ONDO/USD,vwap_pullback,0.48042994999999994,32000,4800,8000,0,9691.319202726641,4656,4656,PASS
2025-12-05T11:59:50.936Z,TONEUR,mean_reversion,1.365364,32000,4800,8000,0,0,87359.9999999999,4656,MAX_POSITION
2025-12-05T11:59:51.724Z,DOTGBP,mean_reversion,1.6714697999999997,32000,4800,8000,0,0,87360.00000000083,4656,MAX_POSITION
2025-12-05T11:59:52.251Z,NANOUSD,mean_reversion,0.8168880719999999,32000,4800,8000,0,0,87360.00000000096,4656,MAX_POSITION
2025-12-05T11:59:52.638Z,TONUSD,mean_reversion,1.5885869999999997,32000,4800,8000,0,0,87360.00000000081,4656,MAX_POSITION
2025-12-05T11:59:53.355Z,DOTUSDC,mean_reversion,2.2362339999999996,32000,4800,8000,0,0,87360.00000000202,4656,MAX_POSITION
2025-12-05T11:59:53.507Z,NOSUSD,mean_reversion,0.266266,32000,4800,8000,0,0,87360.00000000048,4656,MAX_POSITION
2025-12-05T11:59:54.221Z,TRUMPUSD,mean_reversion,5.881876,32000,4800,8000,0,0,87359.99999999981,4656,MAX_POSITION
2025-12-05T11:59:54.691Z,DOTUSDT,mean_reversion,2.238236,32000,4800,8000,0,0,87360.00000000057,4656,MAX_POSITION
2025-12-05T11:59:55.222Z,OPEUR,mean_reversion,0.2720718,32000,4800,8000,0,0,87360.00000000038,4656,MAX_POSITION
2025-12-05T11:59:55.703Z,XETCZUSD,mean_reversion,13.488474999999998,32000,4800,8000,0,0,87360.000000001,4656,MAX_POSITION
2025-12-05T11:59:55.891Z,ENA/USD,vwap_pullback,0.27847819999999995,32000,4800,8000,0,16719.441593632826,4656,4656,PASS
2025-12-05T11:59:56.474Z,OPUSD,mean_reversion,0.31701669999999993,32000,4800,8000,0,0,87360.0000000019,4656,MAX_POSITION
2025-12-05T11:59:57.010Z,ETHFIEUR,mean_reversion,0.6906899999999999,32000,4800,8000,0,0,87360.00000000016,4656,MAX_POSITION
2025-12-05T11:59:57.218Z,USDCHF,vwap_pullback,0.8045737699999999,32000,4800,8000,0,0,173008.789237668,4656,MAX_POSITION
2025-12-05T11:59:58.127Z,PROVEEUR,mean_reversion,0.39519479999999996,32000,4800,8000,0,0,87360.0000000004,4656,MAX_POSITION
2025-12-05T11:59:58.190Z,EULEUR,mean_reversion,3.3213179999999998,32000,4800,8000,0,0,87360.00000000019,4656,MAX_POSITION
2025-12-05T11:59:58.400Z,BAT/USD,vwap_pullback,0.25339313999999996,32000,4800,8000,0,18374.60950994964,4656,4656,PASS
2025-12-05T11:59:58.821Z,XXRPZCAD,mean_reversion,2.8898669799999994,32000,4800,8000,0,0,87360.0000000017,4656,MAX_POSITION
2025-12-05T11:59:59.386Z,RUNEEUR,mean_reversion,0.5685679999999999,32000,4800,8000,0,0,87360.00000000109,4656,MAX_POSITION
2025-12-05T12:00:00.084Z,XXRPZEUR,mean_reversion,1.7791874099999998,32000,4800,8000,0,0,87360.00000000051,4656,MAX_POSITION
2025-12-05T12:00:00.732Z,RUNEUSD,mean_reversion,0.658658,32000,4800,8000,0,0,87360.0000000004,4656,MAX_POSITION
2025-12-05T12:00:01.389Z,EWTUSD,mean_reversion,0.6886879999999999,32000,4800,8000,0,0,87360.00000000105,4656,MAX_POSITION
2025-12-05T12:00:01.447Z,XRPGBP,mean_reversion,1.5531616099999999,32000,4800,8000,0,0,87360.00000000077,4656,MAX_POSITION
2025-12-05T12:00:02.395Z,SOSOUSD,mean_reversion,0.6080074,32000,4800,8000,0,0,87360.00000000067,4656,MAX_POSITION
2025-12-05T12:00:02.749Z,FORTHUSD,mean_reversion,1.7357339999999999,32000,4800,8000,0,0,87360.00000000086,4656,MAX_POSITION
2025-12-05T12:00:03.049Z,XRPRLUSD,mean_reversion,2.0702081399999996,32000,4800,8000,0,0,87360.00000000186,4656,MAX_POSITION
2025-12-05T12:00:03.784Z,TONEUR,mean_reversion,1.365364,32000,4800,8000,0,0,87359.9999999999,4656,MAX_POSITION
2025-12-05T12:00:04.442Z,FXSUSD,mean_reversion,0.805805,32000,4800,8000,0,0,87360.00000000052,4656,MAX_POSITION
2025-12-05T12:00:04.461Z,XRPUSDT,mean_reversion,2.07014808,32000,4800,8000,0,0,87360.00000000012,4656,MAX_POSITION
2025-12-05T12:00:04.979Z,TONUSD,mean_reversion,1.5885869999999997,32000,4800,8000,0,0,87360.00000000081,4656,MAX_POSITION
2025-12-05T12:00:05.478Z,KSMUSD,mean_reversion,8.45845,32000,4800,8000,0,0,87359.99999999991,4656,MAX_POSITION
2025-12-05T12:00:05.738Z,XTZEUR,mean_reversion,0.42062019999999994,32000,4800,8000,0,0,87360.0000000017,4656,MAX_POSITION
2025-12-05T12:00:05.961Z,TRUMPUSD,mean_reversion,5.882876999999999,32000,4800,8000,0,0,87360.00000000132,4656,MAX_POSITION
2025-12-05T12:00:05.980Z,TIA/USD,vwap_pullback,0.6153147,32000,4800,8000,0,7566.859689846513,4656,4656,PASS
2025-12-05T12:00:06.505Z,LINKEUR,vwap_pullback,12.069127069999999,32000,4800,8000,0,0,46123.575013180256,4656,MAX_POSITION
2025-12-05T12:00:06.801Z,XTZUSD,mean_reversion,0.4897893,32000,4800,8000,0,0,87360.00000000079,4656,MAX_POSITION
2025-12-05T12:00:07.512Z,AKT/USD,vwap_pullback,0.45545499999999994,32000,4800,8000,0,10222.744288678356,4656,4656,PASS
2025-12-05T12:00:07.624Z,LINKUSD,vwap_pullback,14.065091039999999,32000,4800,8000,0,0,76493.47404814845,4656,MAX_POSITION
2025-12-05T12:00:08.228Z,USDCHF,vwap_pullback,0.8041333299999999,32000,4800,8000,0,0,191839.99999999916,4656,MAX_POSITION
2025-12-05T12:00:08.604Z,LINKUSDC,vwap_pullback,14.079075009999997,32000,4800,8000,0,0,69073.53263875944,4656,MAX_POSITION
2025-12-05T12:00:09.376Z,XXRPZCAD,mean_reversion,2.8898669799999994,32000,4800,8000,0,0,87360.0000000017,4656,MAX_POSITION
2025-12-05T12:00:09.703Z,LINKUSDT,vwap_pullback,14.07969563,32000,4800,8000,0,0,72280.88807870465,4656,MAX_POSITION
2025-12-05T12:00:10.925Z,XXRPZEUR,mean_reversion,1.7787569799999998,32000,4800,8000,0,0,87360.00000000105,4656,MAX_POSITION
2025-12-05T12:00:10.972Z,XLTCZEUR,mean_reversion,70.73065999999999,32000,4800,8000,0,0,87360.00000000178,4656,MAX_POSITION
2025-12-05T12:00:12.354Z,XLTCZUSD,mean_reversion,82.32223999999998,32000,4800,8000,0,0,87360.0000000013,4656,MAX_POSITION
2025-12-05T12:00:12.392Z,XRPGBP,mean_reversion,1.5531616099999999,32000,4800,8000,0,0,87360.00000000077,4656,MAX_POSITION
2025-12-05T12:00:13.792Z,XRPRLUSD,mean_reversion,2.0702081399999996,32000,4800,8000,0,0,87360.00000000186,4656,MAX_POSITION
2025-12-05T12:00:13.892Z,MASKEUR,mean_reversion,0.5805799999999999,32000,4800,8000,0,0,87360.00000000077,4656,MAX_POSITION
2025-12-05T12:00:15.057Z,XRPUSDT,mean_reversion,2.07014808,32000,4800,8000,0,0,87360.00000000012,4656,MAX_POSITION
2025-12-05T12:00:15.580Z,MEUSD,mean_reversion,0.3362358999999999,32000,4800,8000,0,0,87360.00000000127,4656,MAX_POSITION
2025-12-05T12:00:16.402Z,XTZEUR,mean_reversion,0.42062019999999994,32000,4800,8000,0,0,87360.0000000017,4656,MAX_POSITION
2025-12-05T12:00:16.877Z,MNTUSD,mean_reversion,1.0649639,32000,4800,8000,0,0,87360.00000000029,4656,MAX_POSITION
2025-12-05T12:00:17.677Z,XTZUSD,mean_reversion,0.4897893,32000,4800,8000,0,0,87360.00000000079,4656,MAX_POSITION
2025-12-05T12:00:18.782Z,NANOEUR,mean_reversion,0.707725018,32000,4800,8000,0,0,87360.00000000016,4656,MAX_POSITION
2025-12-05T12:00:20.245Z,NANOUSD,mean_reversion,0.8168880719999999,32000,4800,8000,0,0,87360.00000000096,4656,MAX_POSITION
2025-12-05T12:00:21.289Z,NOSUSD,mean_reversion,0.266266,32000,4800,8000,0,0,87360.00000000048,4656,MAX_POSITION
2025-12-05T12:00:22.606Z,OPEUR,mean_reversion,0.2720718,32000,4800,8000,0,0,87360.00000000038,4656,MAX_POSITION
2025-12-05T12:00:23.625Z,OPUSD,mean_reversion,0.31701669999999993,32000,4800,8000,0,0,87360.0000000019,4656,MAX_POSITION
2025-12-05T12:00:24.923Z,PROVEEUR,mean_reversion,0.39519479999999996,32000,4800,8000,0,0,87360.0000000004,4656,MAX_POSITION
2025-12-05T12:00:26.245Z,RUNEEUR,mean_reversion,0.5685679999999999,32000,4800,8000,0,0,87360.00000000109,4656,MAX_POSITION
2025-12-05T12:00:27.918Z,AKT/USD,vwap_pullback,0.45545499999999994,32000,4800,8000,0,10222.744288678356,4656,4656,PASS
2025-12-05T12:00:28.185Z,RUNEUSD,mean_reversion,0.6606599999999999,32000,4800,8000,0,0,87360.0000000008,4656,MAX_POSITION
2025-12-05T12:00:29.438Z,SOSOUSD,mean_reversion,0.6080074,32000,4800,8000,0,0,87360.00000000067,4656,MAX_POSITION
2025-12-05T12:00:30.462Z,TONEUR,mean_reversion,1.365364,32000,4800,8000,0,0,87359.9999999999,4656,MAX_POSITION
2025-12-05T12:00:32.176Z,TONUSD,mean_reversion,1.5865849999999997,32000,4800,8000,0,0,87360.00000000176,4656,MAX_POSITION
2025-12-05T12:00:32.595Z,SUPER/USD,vwap_pullback,0.2530528,32000,4800,8000,0,18399.32219679055,4656,4656,PASS
2025-12-05T12:00:33.722Z,TRUMPUSD,mean_reversion,5.882876999999999,32000,4800,8000,0,0,87360.00000000132,4656,MAX_POSITION
2025-12-05T12:00:33.794Z,ADAAUD,mean_reversion,0.6494087599999999,32000,4800,8000,0,0,87360.00000000057,4656,MAX_POSITION
2025-12-05T12:00:34.820Z,AKTEUR,mean_reversion,0.38988949999999994,32000,4800,8000,0,0,87360.00000000175,4656,MAX_POSITION
2025-12-05T12:00:36.223Z,USDCHF,vwap_pullback,0.8041333299999999,32000,4800,8000,0,0,191839.99999999916,4656,MAX_POSITION
2025-12-05T12:00:36.392Z,ATOMEUR,mean_reversion,1.9445426,32000,4800,8000,0,0,87360.00000000106,4656,MAX_POSITION
2025-12-05T12:00:37.659Z,AUDUSD,vwap_pullback,0.6629923299999999,32000,4800,8000,0,0,48737.16535121267,4656,MAX_POSITION
2025-12-05T12:00:37.799Z,XXRPZCAD,mean_reversion,2.8894465599999997,32000,4800,8000,0,0,87360.00000000022,4656,MAX_POSITION
2025-12-05T12:00:38.824Z,XXRPZEUR,mean_reversion,1.77859682,32000,4800,8000,0,0,87359.99999999988,4656,MAX_POSITION
2025-12-05T12:00:38.922Z,CAKEUSD,mean_reversion,2.3123099999999996,32000,4800,8000,0,0,87360.00000000175,4656,MAX_POSITION
2025-12-05T12:00:39.842Z,XRPGBP,mean_reversion,1.5531616099999999,32000,4800,8000,0,0,87360.00000000077,4656,MAX_POSITION
2025-12-05T12:00:40.250Z,CVXUSD,mean_reversion,1.8248229999999999,32000,4800,8000,0,0,87360.00000000054,4656,MAX_POSITION
2025-12-05T12:00:40.892Z,XRPRLUSD,mean_reversion,2.0702081399999996,32000,4800,8000,0,0,87360.00000000186,4656,MAX_POSITION
2025-12-05T12:00:41.390Z,DOTEUR,mean_reversion,1.9211192,32000,4800,8000,0,0,87360.00000000001,4656,MAX_POSITION
2025-12-05T12:00:41.953Z,ADAAUD,mean_reversion,0.6494087599999999,32000,4800,8000,0,0,87360.00000000057,4656,MAX_POSITION
2025-12-05T12:00:42.126Z,XRPUSDT,mean_reversion,2.07014808,32000,4800,8000,0,0,87360.00000000012,4656,MAX_POSITION
2025-12-05T12:00:42.402Z,DOTGBP,mean_reversion,1.6714697999999997,32000,4800,8000,0,0,87360.00000000083,4656,MAX_POSITION
2025-12-05T12:00:43.369Z,AKTEUR,mean_reversion,0.38988949999999994,32000,4800,8000,0,0,87360.00000000175,4656,MAX_POSITION
2025-12-05T12:00:43.625Z,XTZEUR,mean_reversion,0.42062019999999994,32000,4800,8000,0,0,87360.0000000017,4656,MAX_POSITION
2025-12-05T12:00:43.882Z,DOTUSDC,mean_reversion,2.2362339999999996,32000,4800,8000,0,0,87360.00000000202,4656,MAX_POSITION
2025-12-05T12:00:44.596Z,ATOMEUR,mean_reversion,1.9445426,32000,4800,8000,0,0,87360.00000000106,4656,MAX_POSITION
2025-12-05T12:00:44.676Z,XTZUSD,mean_reversion,0.4897893,32000,4800,8000,0,0,87360.00000000079,4656,MAX_POSITION
2025-12-05T12:00:44.909Z,DOTUSDT,mean_reversion,2.238236,32000,4800,8000,0,0,87360.00000000057,4656,MAX_POSITION
2025-12-05T12:00:45.835Z,AUDUSD,vwap_pullback,0.6629923299999999,32000,4800,8000,0,0,48737.16535121267,4656,MAX_POSITION
2025-12-05T12:00:46.169Z,XETCZUSD,mean_reversion,13.488474999999998,32000,4800,8000,0,0,87360.000000001,4656,MAX_POSITION
2025-12-05T12:00:46.825Z,CAKEUSD,mean_reversion,2.3123099999999996,32000,4800,8000,0,0,87360.00000000175,4656,MAX_POSITION
2025-12-05T12:00:47.171Z,ETHFIEUR,mean_reversion,0.6906899999999999,32000,4800,8000,0,0,87360.00000000016,4656,MAX_POSITION
2025-12-05T12:00:48.328Z,CVXUSD,mean_reversion,1.8248229999999999,32000,4800,8000,0,0,87360.00000000054,4656,MAX_POSITION
2025-12-05T12:00:49.003Z,EULEUR,mean_reversion,3.3213179999999998,32000,4800,8000,0,0,87360.00000000019,4656,MAX_POSITION
2025-12-05T12:00:49.866Z,DOTEUR,mean_reversion,1.9211192,32000,4800,8000,0,0,87360.00000000001,4656,MAX_POSITION
2025-12-05T12:00:49.956Z,AKT/USD,vwap_pullback,0.45545499999999994,32000,4800,8000,0,10222.744288678356,4656,4656,PASS
2025-12-05T12:00:50.954Z,DOTGBP,mean_reversion,1.6714697999999997,32000,4800,8000,0,0,87360.00000000083,4656,MAX_POSITION
2025-12-05T12:00:51.253Z,EWTUSD,mean_reversion,0.6886879999999999,32000,4800,8000,0,0,87360.00000000105,4656,MAX_POSITION
2025-12-05T12:00:51.960Z,DOTUSDC,mean_reversion,2.2362339999999996,32000,4800,8000,0,0,87360.00000000202,4656,MAX_POSITION
2025-12-05T12:00:52.269Z,FORTHUSD,mean_reversion,1.7357339999999999,32000,4800,8000,0,0,87360.00000000086,4656,MAX_POSITION
2025-12-05T12:00:53.145Z,FXSUSD,mean_reversion,0.805805,32000,4800,8000,0,0,87360.00000000052,4656,MAX_POSITION
2025-12-05T12:00:53.280Z,DOTUSDT,mean_reversion,2.238236,32000,4800,8000,0,0,87360.00000000057,4656,MAX_POSITION
2025-12-05T12:00:54.124Z,KSMUSD,mean_reversion,8.45845,32000,4800,8000,0,0,87359.99999999991,4656,MAX_POSITION
2025-12-05T12:00:54.628Z,XETCZUSD,mean_reversion,13.488474999999998,32000,4800,8000,0,0,87360.000000001,4656,MAX_POSITION
2025-12-05T12:00:55.089Z,LINKEUR,vwap_pullback,12.071139079999998,32000,4800,8000,0,0,45764.711184641856,4656,MAX_POSITION
2025-12-05T12:00:55.436Z,XRP/CAD,vwap_pullback,2.88974686,32000,4800,8000,0,1611.2137933078334,4656,4656,PASS
2025-12-05T12:00:55.750Z,ETHFIEUR,mean_reversion,0.6906899999999999,32000,4800,8000,0,0,87360.00000000016,4656,MAX_POSITION
2025-12-05T12:00:56.842Z,LINKUSD,vwap_pullback,14.051967929999998,32000,4800,8000,0,0,82559.9618646239,4656,MAX_POSITION
2025-12-05T12:00:56.854Z,EULEUR,mean_reversion,3.3213179999999998,32000,4800,8000,0,0,87360.00000000019,4656,MAX_POSITION
2025-12-05T12:00:58.124Z,LINKUSDC,vwap_pullback,14.079075009999997,32000,4800,8000,0,0,69073.53263875944,4656,MAX_POSITION
2025-12-05T12:00:59.183Z,EWTUSD,mean_reversion,0.6886879999999999,32000,4800,8000,0,0,87360.00000000105,4656,MAX_POSITION
2025-12-05T12:00:59.671Z,LINKUSDT,vwap_pullback,14.07969563,32000,4800,8000,0,0,72280.88807870465,4656,MAX_POSITION
2025-12-05T12:01:00.434Z,FORTHUSD,mean_reversion,1.7357339999999999,32000,4800,8000,0,0,87360.00000000086,4656,MAX_POSITION
2025-12-05T12:01:00.934Z,XLTCZEUR,mean_reversion,70.70062999999999,32000,4800,8000,0,0,87360.00000000077,4656,MAX_POSITION
2025-12-05T12:01:01.508Z,FXSUSD,mean_reversion,0.805805,32000,4800,8000,0,0,87360.00000000052,4656,MAX_POSITION
2025-12-05T12:01:02.464Z,XLTCZUSD,mean_reversion,82.28219999999999,32000,4800,8000,0,0,87360.00000000108,4656,MAX_POSITION
2025-12-05T12:01:02.492Z,KSMUSD,mean_reversion,8.45845,32000,4800,8000,0,0,87359.99999999991,4656,MAX_POSITION
2025-12-05T12:01:03.648Z,LINKEUR,vwap_pullback,12.071139079999998,32000,4800,8000,0,0,45764.74241722094,4656,MAX_POSITION
2025-12-05T12:01:03.873Z,MASKEUR,mean_reversion,0.5805799999999999,32000,4800,8000,0,0,87360.00000000077,4656,MAX_POSITION
2025-12-05T12:01:04.915Z,LINKUSD,vwap_pullback,14.051967929999998,32000,4800,8000,0,0,82559.97159873211,4656,MAX_POSITION
2025-12-05T12:01:06.255Z,MEUSD,mean_reversion,0.3362358999999999,32000,4800,8000,0,0,87360.00000000127,4656,MAX_POSITION
2025-12-05T12:01:06.451Z,SYRUP/USD,vwap_bounce,0.26624597999999994,32000,4800,8000,0,17487.587981610093,4656,4656,PASS
2025-12-05T12:01:06.452Z,LINKUSDC,vwap_pullback,14.079075009999997,32000,4800,8000,0,0,69073.53263875944,4656,MAX_POSITION
2025-12-05T12:01:07.662Z,LINKUSDT,vwap_pullback,14.07969563,32000,4800,8000,0,0,72280.88807870465,4656,MAX_POSITION
2025-12-05T12:01:07.898Z,NANOEUR,mean_reversion,0.707725018,32000,4800,8000,0,0,87360.00000000016,4656,MAX_POSITION
2025-12-05T12:01:08.694Z,XLTCZEUR,mean_reversion,70.70062999999999,32000,4800,8000,0,0,87360.00000000077,4656,MAX_POSITION
2025-12-05T12:01:08.785Z,NANOUSD,mean_reversion,0.8168880719999999,32000,4800,8000,0,0,87360.00000000096,4656,MAX_POSITION
2025-12-05T12:01:09.807Z,NOSUSD,mean_reversion,0.266266,32000,4800,8000,0,0,87360.00000000048,4656,MAX_POSITION
2025-12-05T12:01:09.910Z,XLTCZUSD,mean_reversion,82.27219,32000,4800,8000,0,0,87360.00000000032,4656,MAX_POSITION
2025-12-05T12:01:10.972Z,MASKEUR,mean_reversion,0.5805799999999999,32000,4800,8000,0,0,87360.00000000077,4656,MAX_POSITION
2025-12-05T12:01:11.224Z,OPEUR,mean_reversion,0.2720718,32000,4800,8000,0,0,87360.00000000038,4656,MAX_POSITION
2025-12-05T12:01:12.213Z,MEUSD,mean_reversion,0.3362358999999999,32000,4800,8000,0,0,87360.00000000127,4656,MAX_POSITION
2025-12-05T12:01:12.249Z,ADAAUD,mean_reversion,0.6494087599999999,32000,4800,8000,0,0,87360.00000000057,4656,MAX_POSITION
2025-12-05T12:01:12.550Z,OPUSD,mean_reversion,0.31691659999999994,32000,4800,8000,0,0,87360.00000000131,4656,MAX_POSITION
2025-12-05T12:01:13.241Z,AKTEUR,mean_reversion,0.38988949999999994,32000,4800,8000,0,0,87360.00000000175,4656,MAX_POSITION
2025-12-05T12:01:13.625Z,PROVEEUR,mean_reversion,0.39519479999999996,32000,4800,8000,0,0,87360.0000000004,4656,MAX_POSITION
2025-12-05T12:01:13.658Z,NANOEUR,mean_reversion,0.707725018,32000,4800,8000,0,0,87360.00000000016,4656,MAX_POSITION
2025-12-05T12:01:14.303Z,ATOMEUR,mean_reversion,1.9445426,32000,4800,8000,0,0,87360.00000000106,4656,MAX_POSITION
2025-12-05T12:01:14.878Z,RUNEEUR,mean_reversion,0.5685679999999999,32000,4800,8000,0,0,87360.00000000109,4656,MAX_POSITION
2025-12-05T12:01:15.267Z,NANOUSD,mean_reversion,0.8168880719999999,32000,4800,8000,0,0,87360.00000000096,4656,MAX_POSITION
2025-12-05T12:01:15.581Z,AUDUSD,vwap_pullback,0.6634227599999999,32000,4800,8000,0,0,47212.74062936231,4656,MAX_POSITION
2025-12-05T12:01:16.157Z,RUNEUSD,mean_reversion,0.6606599999999999,32000,4800,8000,0,0,87360.0000000008,4656,MAX_POSITION
2025-12-05T12:01:16.281Z,NOSUSD,mean_reversion,0.266266,32000,4800,8000,0,0,87360.00000000048,4656,MAX_POSITION
2025-12-05T12:01:17.023Z,CAKEUSD,mean_reversion,2.3123099999999996,32000,4800,8000,0,0,87360.00000000175,4656,MAX_POSITION
2025-12-05T12:01:17.349Z,OPEUR,mean_reversion,0.2720718,32000,4800,8000,0,0,87360.00000000038,4656,MAX_POSITION
2025-12-05T12:01:17.416Z,SOSOUSD,mean_reversion,0.6080074,32000,4800,8000,0,0,87360.00000000067,4656,MAX_POSITION
2025-12-05T12:01:18.352Z,CVXUSD,mean_reversion,1.8248229999999999,32000,4800,8000,0,0,87360.00000000054,4656,MAX_POSITION
2025-12-05T12:01:18.800Z,OPUSD,mean_reversion,0.31691659999999994,32000,4800,8000,0,0,87360.00000000131,4656,MAX_POSITION
2025-12-05T12:01:18.806Z,AKT/USD,vwap_pullback,0.45545499999999994,32000,4800,8000,0,10222.744288678356,4656,4656,PASS
2025-12-05T12:01:18.810Z,TONEUR,mean_reversion,1.365364,32000,4800,8000,0,0,87359.9999999999,4656,MAX_POSITION
2025-12-05T12:01:19.646Z,DOTEUR,mean_reversion,1.9211192,32000,4800,8000,0,0,87360.00000000001,4656,MAX_POSITION
2025-12-05T12:01:20.214Z,TONUSD,mean_reversion,1.5865849999999997,32000,4800,8000,0,0,87360.00000000176,4656,MAX_POSITION
2025-12-05T12:01:20.991Z,PROVEEUR,mean_reversion,0.39519479999999996,32000,4800,8000,0,0,87360.0000000004,4656,MAX_POSITION
2025-12-05T12:01:21.152Z,TRUMPUSD,mean_reversion,5.882876999999999,32000,4800,8000,0,0,87360.00000000132,4656,MAX_POSITION
2025-12-05T12:01:21.172Z,DOTGBP,mean_reversion,1.6714697999999997,32000,4800,8000,0,0,87360.00000000083,4656,MAX_POSITION
2025-12-05T12:01:21.973Z,RUNEEUR,mean_reversion,0.5685679999999999,32000,4800,8000,0,0,87360.00000000109,4656,MAX_POSITION
2025-12-05T12:01:22.538Z,SUPER/USD,vwap_pullback,0.2529527,32000,4800,8000,0,18406.603289864077,4656,4656,PASS
2025-12-05T12:01:22.803Z,DOTUSDC,mean_reversion,2.2362339999999996,32000,4800,8000,0,0,87360.00000000202,4656,MAX_POSITION
2025-12-05T12:01:23.360Z,RUNEUSD,mean_reversion,0.6606599999999999,32000,4800,8000,0,0,87360.0000000008,4656,MAX_POSITION
2025-12-05T12:01:23.575Z,USDCHF,vwap_pullback,0.8041333299999999,32000,4800,8000,0,0,191839.99999999916,4656,MAX_POSITION
2025-12-05T12:01:24.183Z,DOTUSDT,mean_reversion,2.238236,32000,4800,8000,0,0,87360.00000000057,4656,MAX_POSITION
2025-12-05T12:01:24.947Z,SOSOUSD,mean_reversion,0.6080074,32000,4800,8000,0,0,87360.00000000067,4656,MAX_POSITION
2025-12-05T12:01:25.436Z,XRP/CAD,vwap_pullback,2.88974686,32000,4800,8000,0,1611.2137933078334,4656,4656,PASS
2025-12-05T12:01:25.879Z,XXRPZCAD,mean_reversion,2.88974686,32000,4800,8000,0,0,87360.00000000041,4656,MAX_POSITION
2025-12-05T12:01:26.034Z,XETCZUSD,mean_reversion,13.488474999999998,32000,4800,8000,0,0,87360.000000001,4656,MAX_POSITION
2025-12-05T12:01:26.521Z,TONEUR,mean_reversion,1.365364,32000,4800,8000,0,0,87359.9999999999,4656,MAX_POSITION
2025-12-05T12:01:27.083Z,ETHFIEUR,mean_reversion,0.6906899999999999,32000,4800,8000,0,0,87360.00000000016,4656,MAX_POSITION
2025-12-05T12:01:27.307Z,XXRPZEUR,mean_reversion,1.77859682,32000,4800,8000,0,0,87359.99999999988,4656,MAX_POSITION
2025-12-05T12:01:27.780Z,TONUSD,mean_reversion,1.5865849999999997,32000,4800,8000,0,0,87360.00000000176,4656,MAX_POSITION
2025-12-05T12:01:28.568Z,XRPGBP,mean_reversion,1.5531616099999999,32000,4800,8000,0,0,87360.00000000077,4656,MAX_POSITION
2025-12-05T12:01:28.699Z,EULEUR,mean_reversion,3.3213179999999998,32000,4800,8000,0,0,87360.00000000019,4656,MAX_POSITION
2025-12-05T12:01:29.822Z,XRPRLUSD,mean_reversion,2.0702081399999996,32000,4800,8000,0,0,87360.00000000186,4656,MAX_POSITION
2025-12-05T12:01:30.031Z,TRUMPUSD,mean_reversion,5.872866999999999,32000,4800,8000,0,0,87360.00000000051,4656,MAX_POSITION
2025-12-05T12:01:30.839Z,XRPUSDT,mean_reversion,2.07014808,32000,4800,8000,0,0,87360.00000000012,4656,MAX_POSITION
2025-12-05T12:01:32.670Z,XTZEUR,mean_reversion,0.42062019999999994,32000,4800,8000,0,0,87360.0000000017,4656,MAX_POSITION
2025-12-05T12:01:32.671Z,EWTUSD,mean_reversion,0.6886879999999999,32000,4800,8000,0,0,87360.00000000105,4656,MAX_POSITION
2025-12-05T12:01:33.522Z,USDCHF,vwap_pullback,0.8041333299999999,32000,4800,8000,0,0,191839.99999999916,4656,MAX_POSITION
2025-12-05T12:01:33.927Z,FORTHUSD,mean_reversion,1.7357339999999999,32000,4800,8000,0,0,87360.00000000086,4656,MAX_POSITION
2025-12-05T12:01:34.196Z,XTZUSD,mean_reversion,0.4897893,32000,4800,8000,0,0,87360.00000000079,4656,MAX_POSITION
2025-12-05T12:01:34.959Z,XXRPZCAD,mean_reversion,2.88974686,32000,4800,8000,0,0,87360.00000000041,4656,MAX_POSITION
2025-12-05T12:01:35.097Z,FXSUSD,mean_reversion,0.805805,32000,4800,8000,0,0,87360.00000000052,4656,MAX_POSITION
2025-12-05T12:01:36.163Z,KSMUSD,mean_reversion,8.45845,32000,4800,8000,0,0,87359.99999999991,4656,MAX_POSITION
2025-12-05T12:01:36.229Z,XXRPZEUR,mean_reversion,1.77859682,32000,4800,8000,0,0,87359.99999999988,4656,MAX_POSITION
2025-12-05T12:01:37.396Z,LINKEUR,vwap_pullback,12.071139079999998,32000,4800,8000,0,0,45764.74241722094,4656,MAX_POSITION
2025-12-05T12:01:37.810Z,XRPGBP,mean_reversion,1.5531616099999999,32000,4800,8000,0,0,87360.00000000077,4656,MAX_POSITION
2025-12-05T12:01:38.337Z,LINKUSD,vwap_pullback,14.051967929999998,32000,4800,8000,0,0,82559.97159873211,4656,MAX_POSITION
2025-12-05T12:01:38.680Z,SYRUP/USD,vwap_bounce,0.26579552999999995,32000,4800,8000,0,17517.22461246809,4656,4656,PASS
2025-12-05T12:01:39.070Z,XRPRLUSD,mean_reversion,2.0702081399999996,32000,4800,8000,0,0,87360.00000000186,4656,MAX_POSITION
2025-12-05T12:01:39.879Z,LINKUSDC,vwap_pullback,14.079075009999997,32000,4800,8000,0,0,69073.53263875944,4656,MAX_POSITION
2025-12-05T12:01:40.079Z,XRPUSDT,mean_reversion,2.07014808,32000,4800,8000,0,0,87360.00000000012,4656,MAX_POSITION
2025-12-05T12:01:41.103Z,XTZEUR,mean_reversion,0.42062019999999994,32000,4800,8000,0,0,87360.0000000017,4656,MAX_POSITION
2025-12-05T12:01:41.398Z,LINKUSDT,vwap_pullback,14.07969563,32000,4800,8000,0,0,72280.88807870465,4656,MAX_POSITION
2025-12-05T12:01:42.803Z,XTZUSD,mean_reversion,0.4897893,32000,4800,8000,0,0,87360.00000000079,4656,MAX_POSITION
2025-12-05T12:01:42.859Z,XLTCZEUR,mean_reversion,70.65057999999999,32000,4800,8000,0,0,87360.00000000124,4656,MAX_POSITION
2025-12-05T12:01:44.752Z,XLTCZUSD,mean_reversion,82.27219,32000,4800,8000,0,0,87360.00000000032,4656,MAX_POSITION
2025-12-05T12:01:46.222Z,MASKEUR,mean_reversion,0.5805799999999999,32000,4800,8000,0,0,87360.00000000077,4656,MAX_POSITION
2025-12-05T12:01:47.877Z,MEUSD,mean_reversion,0.3362358999999999,32000,4800,8000,0,0,87360.00000000127,4656,MAX_POSITION
2025-12-05T12:01:48.990Z,AKT/USD,vwap_pullback,0.45545499999999994,32000,4800,8000,0,10222.744288678356,4656,4656,PASS
2025-12-05T12:01:50.528Z,NANOEUR,mean_reversion,0.707725018,32000,4800,8000,0,0,87360.00000000016,4656,MAX_POSITION
2025-12-05T12:01:52.012Z,NANOUSD,mean_reversion,0.8168880719999999,32000,4800,8000,0,0,87360.00000000096,4656,MAX_POSITION
2025-12-05T12:01:52.620Z,SUPER/USD,vwap_pullback,0.2529527,32000,4800,8000,0,18406.603289864077,4656,4656,PASS
2025-12-05T12:01:53.022Z,NOSUSD,mean_reversion,0.266266,32000,4800,8000,0,0,87360.00000000048,4656,MAX_POSITION
2025-12-05T12:01:54.282Z,OPEUR,mean_reversion,0.2720718,32000,4800,8000,0,0,87360.00000000038,4656,MAX_POSITION
2025-12-05T12:01:54.651Z,XRP/CAD,vwap_pullback,2.88974686,32000,4800,8000,0,1611.2137933078334,4656,4656,PASS
2025-12-05T12:01:55.246Z,OPUSD,mean_reversion,0.31691659999999994,32000,4800,8000,0,0,87360.00000000131,4656,MAX_POSITION
2025-12-05T12:01:56.566Z,PROVEEUR,mean_reversion,0.39519479999999996,32000,4800,8000,0,0,87360.0000000004,4656,MAX_POSITION
2025-12-05T12:01:57.902Z,RUNEEUR,mean_reversion,0.5685679999999999,32000,4800,8000,0,0,87360.00000000109,4656,MAX_POSITION
2025-12-05T12:01:58.910Z,RUNEUSD,mean_reversion,0.6606599999999999,32000,4800,8000,0,0,87360.0000000008,4656,MAX_POSITION
2025-12-05T12:02:00.572Z,SOSOUSD,mean_reversion,0.6080074,32000,4800,8000,0,0,87360.00000000067,4656,MAX_POSITION
2025-12-05T12:02:02.095Z,TONEUR,mean_reversion,1.365364,32000,4800,8000,0,0,87359.9999999999,4656,MAX_POSITION
2025-12-05T12:02:02.325Z,ADAAUD,mean_reversion,0.6494087599999999,32000,4800,8000,0,0,87360.00000000057,4656,MAX_POSITION
2025-12-05T12:02:03.389Z,TONUSD,mean_reversion,1.5865849999999997,32000,4800,8000,0,0,87360.00000000176,4656,MAX_POSITION
2025-12-05T12:02:03.834Z,AKTEUR,mean_reversion,0.38988949999999994,32000,4800,8000,0,0,87360.00000000175,4656,MAX_POSITION
2025-12-05T12:02:04.418Z,TRUMPUSD,mean_reversion,5.872866999999999,32000,4800,8000,0,0,87360.00000000051,4656,MAX_POSITION
2025-12-05T12:02:05.429Z,ATOMEUR,mean_reversion,1.9445426,32000,4800,8000,0,0,87360.00000000106,4656,MAX_POSITION
2025-12-05T12:02:05.813Z,APT/USD,vwap_pullback,1.8504485999999998,32000,4800,8000,0,2516.146625202127,4656,4656,PASS
2025-12-05T12:02:06.788Z,AUDUSD,vwap_pullback,0.6634227599999999,32000,4800,8000,0,0,47212.74062936231,4656,MAX_POSITION
2025-12-05T12:02:06.869Z,USDCHF,vwap_pullback,0.8040332299999999,32000,4800,8000,0,0,196709.38775509797,4656,MAX_POSITION
2025-12-05T12:02:07.158Z,AVAX/USD,vwap_pullback,13.793779999999998,32000,4800,8000,0,337.54344349409666,4656,4656,PASS
2025-12-05T12:02:08.123Z,CAKEUSD,mean_reversion,2.3123099999999996,32000,4800,8000,0,0,87360.00000000175,4656,MAX_POSITION
2025-12-05T12:02:08.448Z,IMX/EUR,vwap_pullback,0.25315289999999996,32000,4800,8000,0,18392.046861797753,4656,4656,PASS
2025-12-05T12:02:08.503Z,XXRPZCAD,mean_reversion,2.88974686,32000,4800,8000,0,0,87360.00000000041,4656,MAX_POSITION
2025-12-05T12:02:09.113Z,CVXUSD,mean_reversion,1.8248229999999999,32000,4800,8000,0,0,87360.00000000054,4656,MAX_POSITION
2025-12-05T12:02:09.914Z,XXRPZEUR,mean_reversion,1.7786768999999998,32000,4800,8000,0,0,87360.00000000096,4656,MAX_POSITION
2025-12-05T12:02:10.412Z,DOTEUR,mean_reversion,1.9211192,32000,4800,8000,0,0,87360.00000000001,4656,MAX_POSITION
2025-12-05T12:02:11.234Z,XRPGBP,mean_reversion,1.5531616099999999,32000,4800,8000,0,0,87360.00000000077,4656,MAX_POSITION
2025-12-05T12:02:11.924Z,DOTGBP,mean_reversion,1.6714697999999997,32000,4800,8000,0,0,87360.00000000083,4656,MAX_POSITION
2025-12-05T12:02:12.233Z,ADAAUD,mean_reversion,0.6494087599999999,32000,4800,8000,0,0,87360.00000000057,4656,MAX_POSITION
2025-12-05T12:02:12.324Z,XRPRLUSD,mean_reversion,2.0702081399999996,32000,4800,8000,0,0,87360.00000000186,4656,MAX_POSITION
2025-12-05T12:02:12.927Z,DOTUSDC,mean_reversion,2.2362339999999996,32000,4800,8000,0,0,87360.00000000202,4656,MAX_POSITION
2025-12-05T12:02:13.232Z,AKTEUR,mean_reversion,0.38988949999999994,32000,4800,8000,0,0,87360.00000000175,4656,MAX_POSITION
2025-12-05T12:02:13.301Z,XRPUSDT,mean_reversion,2.07014808,32000,4800,8000,0,0,87360.00000000012,4656,MAX_POSITION
2025-12-05T12:02:14.205Z,DOTUSDT,mean_reversion,2.238236,32000,4800,8000,0,0,87360.00000000057,4656,MAX_POSITION
2025-12-05T12:02:14.330Z,XTZEUR,mean_reversion,0.42062019999999994,32000,4800,8000,0,0,87360.0000000017,4656,MAX_POSITION
2025-12-05T12:02:14.534Z,ATOMEUR,mean_reversion,1.9445426,32000,4800,8000,0,0,87360.00000000106,4656,MAX_POSITION
2025-12-05T12:02:14.564Z,BAT/USD,vwap_pullback,0.25250224999999993,32000,4800,8000,0,18439.439648557593,4656,4656,PASS
2025-12-05T12:02:15.525Z,XTZUSD,mean_reversion,0.4897893,32000,4800,8000,0,0,87360.00000000079,4656,MAX_POSITION
2025-12-05T12:02:15.794Z,AUDUSD,vwap_pullback,0.6634227599999999,32000,4800,8000,0,0,47212.74062936231,4656,MAX_POSITION
2025-12-05T12:02:15.865Z,XETCZUSD,mean_reversion,13.488474999999998,32000,4800,8000,0,0,87360.000000001,4656,MAX_POSITION
2025-12-05T12:02:16.995Z,CAKEUSD,mean_reversion,2.3123099999999996,32000,4800,8000,0,0,87360.00000000175,4656,MAX_POSITION
2025-12-05T12:02:17.189Z,ETHFIEUR,mean_reversion,0.6906899999999999,32000,4800,8000,0,0,87360.00000000016,4656,MAX_POSITION
2025-12-05T12:02:18.757Z,CVXUSD,mean_reversion,1.8248229999999999,32000,4800,8000,0,0,87360.00000000054,4656,MAX_POSITION
2025-12-05T12:02:18.809Z,EULEUR,mean_reversion,3.3213179999999998,32000,4800,8000,0,0,87360.00000000019,4656,MAX_POSITION
2025-12-05T12:02:20.053Z,DOTEUR,mean_reversion,1.9211192,32000,4800,8000,0,0,87360.00000000001,4656,MAX_POSITION
2025-12-05T12:02:21.059Z,EWTUSD,mean_reversion,0.6886879999999999,32000,4800,8000,0,0,87360.00000000105,4656,MAX_POSITION
2025-12-05T12:02:21.379Z,DOTGBP,mean_reversion,1.6714697999999997,32000,4800,8000,0,0,87360.00000000083,4656,MAX_POSITION
2025-12-05T12:02:22.366Z,FORTHUSD,mean_reversion,1.7357339999999999,32000,4800,8000,0,0,87360.00000000086,4656,MAX_POSITION
2025-12-05T12:02:22.391Z,DOTUSDC,mean_reversion,2.2362339999999996,32000,4800,8000,0,0,87360.00000000202,4656,MAX_POSITION
2025-12-05T12:02:23.640Z,FXSUSD,mean_reversion,0.805805,32000,4800,8000,0,0,87360.00000000052,4656,MAX_POSITION
2025-12-05T12:02:23.645Z,DOTUSDT,mean_reversion,2.238236,32000,4800,8000,0,0,87360.00000000057,4656,MAX_POSITION
2025-12-05T12:02:24.589Z,KSMUSD,mean_reversion,8.45845,32000,4800,8000,0,0,87359.99999999991,4656,MAX_POSITION
2025-12-05T12:02:24.649Z,XETCZUSD,mean_reversion,13.488474999999998,32000,4800,8000,0,0,87360.000000001,4656,MAX_POSITION
2025-12-05T12:02:25.423Z,SUPER/USD,vwap_pullback,0.2529527,32000,4800,8000,0,18406.603289864077,4656,4656,PASS
2025-12-05T12:02:25.764Z,ETHFIEUR,mean_reversion,0.6906899999999999,32000,4800,8000,0,0,87360.00000000016,4656,MAX_POSITION
2025-12-05T12:02:25.905Z,LINKEUR,vwap_pullback,12.071139079999998,32000,4800,8000,0,0,45764.74241722094,4656,MAX_POSITION
2025-12-05T12:02:27.028Z,EULEUR,mean_reversion,3.3213179999999998,32000,4800,8000,0,0,87360.00000000019,4656,MAX_POSITION
2025-12-05T12:02:27.169Z,LINKUSD,vwap_pullback,14.051967929999998,32000,4800,8000,0,0,82559.97159873211,4656,MAX_POSITION
2025-12-05T12:02:27.520Z,XRP/CAD,vwap_pullback,2.88974686,32000,4800,8000,0,1611.2137933078334,4656,4656,PASS
2025-12-05T12:02:28.789Z,LINKUSDC,vwap_pullback,14.079075009999997,32000,4800,8000,0,0,69073.53263875944,4656,MAX_POSITION
2025-12-05T12:02:29.744Z,EWTUSD,mean_reversion,0.6886879999999999,32000,4800,8000,0,0,87360.00000000105,4656,MAX_POSITION
2025-12-05T12:02:30.000Z,LINKUSDT,vwap_pullback,14.07969563,32000,4800,8000,0,0,72280.88807870465,4656,MAX_POSITION
2025-12-05T12:02:30.989Z,XLTCZEUR,mean_reversion,70.65057999999999,32000,4800,8000,0,0,87360.00000000124,4656,MAX_POSITION
2025-12-05T12:02:31.005Z,FORTHUSD,mean_reversion,1.7357339999999999,32000,4800,8000,0,0,87360.00000000086,4656,MAX_POSITION
2025-12-05T12:02:32.267Z,XLTCZUSD,mean_reversion,82.28219999999999,32000,4800,8000,0,0,87360.00000000108,4656,MAX_POSITION
2025-12-05T12:02:32.271Z,FXSUSD,mean_reversion,0.805805,32000,4800,8000,0,0,87360.00000000052,4656,MAX_POSITION
2025-12-05T12:02:33.716Z,KSMUSD,mean_reversion,8.45845,32000,4800,8000,0,0,87359.99999999991,4656,MAX_POSITION
2025-12-05T12:02:33.717Z,MASKEUR,mean_reversion,0.5805799999999999,32000,4800,8000,0,0,87360.00000000077,4656,MAX_POSITION
2025-12-05T12:02:34.733Z,LINKEUR,vwap_pullback,12.071139079999998,32000,4800,8000,0,0,45764.74241722094,4656,MAX_POSITION
2025-12-05T12:02:36.066Z,NANOEUR,mean_reversion,0.707725018,32000,4800,8000,0,0,87360.00000000016,4656,MAX_POSITION
2025-12-05T12:02:36.680Z,LINKUSD,vwap_pullback,14.051967929999998,32000,4800,8000,0,0,82559.97159873211,4656,MAX_POSITION
2025-12-05T12:02:37.531Z,NANOUSD,mean_reversion,0.8168880719999999,32000,4800,8000,0,0,87360.00000000096,4656,MAX_POSITION
2025-12-05T12:02:37.904Z,LINKUSDC,vwap_pullback,14.079075009999997,32000,4800,8000,0,0,69073.53263875944,4656,MAX_POSITION
2025-12-05T12:02:38.431Z,APT/USD,vwap_pullback,1.8504485999999998,32000,4800,8000,0,2516.146625202127,4656,4656,PASS
2025-12-05T12:02:38.541Z,NOSUSD,mean_reversion,0.266266,32000,4800,8000,0,0,87360.00000000048,4656,MAX_POSITION
2025-12-05T12:02:39.107Z,LINKUSDT,vwap_pullback,14.07969563,32000,4800,8000,0,0,72280.88807870465,4656,MAX_POSITION
2025-12-05T12:02:39.791Z,OPEUR,mean_reversion,0.2720718,32000,4800,8000,0,0,87360.00000000038,4656,MAX_POSITION
2025-12-05T12:02:40.484Z,XLTCZEUR,mean_reversion,70.65057999999999,32000,4800,8000,0,0,87360.00000000124,4656,MAX_POSITION
2025-12-05T12:02:41.242Z,AVAX/USD,vwap_pullback,13.793779999999998,32000,4800,8000,0,337.54344349409666,4656,4656,PASS
2025-12-05T12:02:41.380Z,OPUSD,mean_reversion,0.31691659999999994,32000,4800,8000,0,0,87360.00000000131,4656,MAX_POSITION
2025-12-05T12:02:41.776Z,XLTCZUSD,mean_reversion,82.28219999999999,32000,4800,8000,0,0,87360.00000000108,4656,MAX_POSITION
2025-12-05T12:02:42.418Z,PROVEEUR,mean_reversion,0.39519479999999996,32000,4800,8000,0,0,87360.0000000004,4656,MAX_POSITION
2025-12-05T12:02:42.872Z,IMX/EUR,vwap_pullback,0.25315289999999996,32000,4800,8000,0,18392.046861797753,4656,4656,PASS
2025-12-05T12:02:43.472Z,MASKEUR,mean_reversion,0.5805799999999999,32000,4800,8000,0,0,87360.00000000077,4656,MAX_POSITION
2025-12-05T12:02:43.936Z,RUNEEUR,mean_reversion,0.5685679999999999,32000,4800,8000,0,0,87360.00000000109,4656,MAX_POSITION
2025-12-05T12:02:44.165Z,MORPHO/USD,vwap_pullback,1.3630116499999998,32000,4800,8000,0,3415.964933241767,4656,4656,PASS
2025-12-05T12:02:45.204Z,RUNEUSD,mean_reversion,0.6606599999999999,32000,4800,8000,0,0,87360.0000000008,4656,MAX_POSITION
2025-12-05T12:02:46.364Z,NANOEUR,mean_reversion,0.707725018,32000,4800,8000,0,0,87360.00000000016,4656,MAX_POSITION
2025-12-05T12:02:46.608Z,SOSOUSD,mean_reversion,0.6080074,32000,4800,8000,0,0,87360.00000000067,4656,MAX_POSITION
2025-12-05T12:02:47.491Z,NANOUSD,mean_reversion,0.8168880719999999,32000,4800,8000,0,0,87360.00000000096,4656,MAX_POSITION
2025-12-05T12:02:47.689Z,TONEUR,mean_reversion,1.365364,32000,4800,8000,0,0,87359.9999999999,4656,MAX_POSITION
2025-12-05T12:02:48.711Z,NOSUSD,mean_reversion,0.266266,32000,4800,8000,0,0,87360.00000000048,4656,MAX_POSITION
2025-12-05T12:02:48.948Z,TONUSD,mean_reversion,1.5855839999999999,32000,4800,8000,0,0,87360.00000000058,4656,MAX_POSITION
2025-12-05T12:02:49.694Z,OPEUR,mean_reversion,0.2720718,32000,4800,8000,0,0,87360.00000000038,4656,MAX_POSITION
2025-12-05T12:02:50.086Z,TRUMPUSD,mean_reversion,5.872866999999999,32000,4800,8000,0,0,87360.00000000051,4656,MAX_POSITION
2025-12-05T12:02:50.679Z,OPUSD,mean_reversion,0.31691659999999994,32000,4800,8000,0,0,87360.00000000131,4656,MAX_POSITION
2025-12-05T12:02:52.008Z,PROVEEUR,mean_reversion,0.39519479999999996,32000,4800,8000,0,0,87360.0000000004,4656,MAX_POSITION
2025-12-05T12:02:52.246Z,SUI/EUR,vwap_pullback,1.3950936999999999,32000,4800,8000,0,3337.4102399000158,4656,4656,PASS
2025-12-05T12:02:52.561Z,USDCHF,vwap_pullback,0.8045036999999999,32000,4800,8000,0,0,175752.16400910835,4656,MAX_POSITION
2025-12-05T12:02:52.988Z,RUNEEUR,mean_reversion,0.5685679999999999,32000,4800,8000,0,0,87360.00000000109,4656,MAX_POSITION
2025-12-05T12:02:53.545Z,XXRPZCAD,mean_reversion,2.89174886,32000,4800,8000,0,0,87360.00000000051,4656,MAX_POSITION
2025-12-05T12:02:54.279Z,RUNEUSD,mean_reversion,0.6606599999999999,32000,4800,8000,0,0,87360.0000000008,4656,MAX_POSITION
2025-12-05T12:02:54.906Z,XXRPZEUR,mean_reversion,1.7793475699999999,32000,4800,8000,0,0,87360.00000000068,4656,MAX_POSITION
2025-12-05T12:02:55.851Z,SOSOUSD,mean_reversion,0.6080074,32000,4800,8000,0,0,87360.00000000067,4656,MAX_POSITION
2025-12-05T12:02:56.178Z,XRPGBP,mean_reversion,1.55280125,32000,4800,8000,0,0,87360.00000000033,4656,MAX_POSITION
2025-12-05T12:02:56.410Z,TIA/USD,vwap_pullback,0.6152146,32000,4800,8000,0,7568.0908743063,4656,4656,PASS
2025-12-05T12:02:57.396Z,TONEUR,mean_reversion,1.365364,32000,4800,8000,0,0,87359.9999999999,4656,MAX_POSITION
2025-12-05T12:02:57.691Z,XRPRLUSD,mean_reversion,2.0702081399999996,32000,4800,8000,0,0,87360.00000000186,4656,MAX_POSITION
2025-12-05T12:02:58.682Z,TONUSD,mean_reversion,1.5855839999999999,32000,4800,8000,0,0,87360.00000000058,4656,MAX_POSITION
2025-12-05T12:02:58.723Z,XRPUSDT,mean_reversion,2.07014808,32000,4800,8000,0,0,87360.00000000012,4656,MAX_POSITION
2025-12-05T12:02:59.707Z,ADAAUD,mean_reversion,0.6494087599999999,32000,4800,8000,0,0,87360.00000000057,4656,MAX_POSITION
2025-12-05T12:02:59.946Z,TRUMPUSD,mean_reversion,5.872866999999999,32000,4800,8000,0,0,87360.00000000051,4656,MAX_POSITION
2025-12-05T12:03:00.005Z,XTZEUR,mean_reversion,0.42062019999999994,32000,4800,8000,0,0,87360.0000000017,4656,MAX_POSITION
2025-12-05T12:03:01.224Z,AKTEUR,mean_reversion,0.38988949999999994,32000,4800,8000,0,0,87360.00000000175,4656,MAX_POSITION
2025-12-05T12:03:01.360Z,XTZUSD,mean_reversion,0.4897893,32000,4800,8000,0,0,87360.00000000079,4656,MAX_POSITION
2025-12-05T12:03:01.883Z,SUPER/USD,vwap_pullback,0.2530528,32000,4800,8000,0,18399.32219679055,4656,4656,PASS
2025-12-05T12:03:02.424Z,USDCHF,vwap_pullback,0.8045036999999999,32000,4800,8000,0,0,175752.16400910835,4656,MAX_POSITION
2025-12-05T12:03:03.051Z,ATOMEUR,mean_reversion,1.9445426,32000,4800,8000,0,0,87360.00000000106,4656,MAX_POSITION
2025-12-05T12:03:03.992Z,XXRPZCAD,mean_reversion,2.89174886,32000,4800,8000,0,0,87360.00000000051,4656,MAX_POSITION
2025-12-05T12:03:04.530Z,AUDUSD,vwap_pullback,0.6634227599999999,32000,4800,8000,0,0,47212.74062936231,4656,MAX_POSITION
2025-12-05T12:03:05.063Z,XRP/CAD,vwap_pullback,2.89174886,32000,4800,8000,0,1610.0983264501053,4656,4656,PASS
2025-12-05T12:03:05.709Z,CAKEUSD,mean_reversion,2.3123099999999996,32000,4800,8000,0,0,87360.00000000175,4656,MAX_POSITION
2025-12-05T12:03:06.145Z,XXRPZEUR,mean_reversion,1.7793475699999999,32000,4800,8000,0,0,87360.00000000068,4656,MAX_POSITION
2025-12-05T12:03:07.006Z,CVXUSD,mean_reversion,1.8248229999999999,32000,4800,8000,0,0,87360.00000000054,4656,MAX_POSITION
2025-12-05T12:03:07.439Z,XRPGBP,mean_reversion,1.5525910399999998,32000,4800,8000,0,0,87360.00000000121,4656,MAX_POSITION
2025-12-05T12:03:08.238Z,DOTEUR,mean_reversion,1.9211192,32000,4800,8000,0,0,87360.00000000001,4656,MAX_POSITION
2025-12-05T12:03:09.023Z,XRPRLUSD,mean_reversion,2.0702081399999996,32000,4800,8000,0,0,87360.00000000186,4656,MAX_POSITION
2025-12-05T12:03:09.459Z,DOTGBP,mean_reversion,1.6714697999999997,32000,4800,8000,0,0,87360.00000000083,4656,MAX_POSITION
2025-12-05T12:03:10.359Z,XRPUSDT,mean_reversion,2.07014808,32000,4800,8000,0,0,87360.00000000012,4656,MAX_POSITION
2025-12-05T12:03:10.447Z,DOTUSDC,mean_reversion,2.2362339999999996,32000,4800,8000,0,0,87360.00000000202,4656,MAX_POSITION
2025-12-05T12:03:11.630Z,XTZEUR,mean_reversion,0.42062019999999994,32000,4800,8000,0,0,87360.0000000017,4656,MAX_POSITION
2025-12-05T12:03:11.727Z,DOTUSDT,mean_reversion,2.238236,32000,4800,8000,0,0,87360.00000000057,4656,MAX_POSITION
2025-12-05T12:03:11.986Z,ADAAUD,mean_reversion,0.6494087599999999,32000,4800,8000,0,0,87360.00000000057,4656,MAX_POSITION
2025-12-05T12:03:12.852Z,XTZUSD,mean_reversion,0.4897893,32000,4800,8000,0,0,87360.00000000079,4656,MAX_POSITION
2025-12-05T12:03:12.999Z,XETCZUSD,mean_reversion,13.488474999999998,32000,4800,8000,0,0,87360.000000001,4656,MAX_POSITION
2025-12-05T12:03:13.049Z,AKTEUR,mean_reversion,0.38988949999999994,32000,4800,8000,0,0,87360.00000000175,4656,MAX_POSITION
2025-12-05T12:03:13.992Z,ETHFIEUR,mean_reversion,0.6906899999999999,32000,4800,8000,0,0,87360.00000000016,4656,MAX_POSITION
2025-12-05T12:03:14.596Z,APT/USD,vwap_pullback,1.8504485999999998,32000,4800,8000,0,2516.146625202127,4656,4656,PASS
2025-12-05T12:03:14.631Z,ATOMEUR,mean_reversion,1.9428408999999998,32000,4800,8000,0,0,87360.00000000122,4656,MAX_POSITION
2025-12-05T12:03:15.867Z,AVAX/USD,vwap_pullback,13.793779999999998,32000,4800,8000,0,337.54344349409666,4656,4656,PASS
2025-12-05T12:03:15.867Z,EULEUR,mean_reversion,3.3213179999999998,32000,4800,8000,0,0,87360.00000000019,4656,MAX_POSITION
2025-12-05T12:03:15.973Z,AUDUSD,vwap_pullback,0.6634227599999999,32000,4800,8000,0,0,47212.74062936231,4656,MAX_POSITION
2025-12-05T12:03:17.307Z,IMX/EUR,vwap_pullback,0.25335309999999994,32000,4800,8000,0,18377.51343875406,4656,4656,PASS
2025-12-05T12:03:17.419Z,CAKEUSD,mean_reversion,2.3123099999999996,32000,4800,8000,0,0,87360.00000000175,4656,MAX_POSITION
2025-12-05T12:03:17.859Z,EWTUSD,mean_reversion,0.6886879999999999,32000,4800,8000,0,0,87360.00000000105,4656,MAX_POSITION
2025-12-05T12:03:18.649Z,CVXUSD,mean_reversion,1.8248229999999999,32000,4800,8000,0,0,87360.00000000054,4656,MAX_POSITION
2025-12-05T12:03:18.846Z,MORPHO/USD,vwap_pullback,1.3630116499999998,32000,4800,8000,0,3415.964933241767,4656,4656,PASS
2025-12-05T12:03:19.113Z,FORTHUSD,mean_reversion,1.7357339999999999,32000,4800,8000,0,0,87360.00000000086,4656,MAX_POSITION
2025-12-05T12:03:20.099Z,FXSUSD,mean_reversion,0.805805,32000,4800,8000,0,0,87360.00000000052,4656,MAX_POSITION
2025-12-05T12:03:20.165Z,DOTEUR,mean_reversion,1.9211192,32000,4800,8000,0,0,87360.00000000001,4656,MAX_POSITION
2025-12-05T12:03:21.310Z,KSMUSD,mean_reversion,8.45845,32000,4800,8000,0,0,87359.99999999991,4656,MAX_POSITION
2025-12-05T12:03:21.429Z,DOTGBP,mean_reversion,1.6714697999999997,32000,4800,8000,0,0,87360.00000000083,4656,MAX_POSITION
2025-12-05T12:03:22.652Z,LINKEUR,vwap_pullback,12.062750699999999,32000,4800,8000,0,0,47299.872427071394,4656,MAX_POSITION
2025-12-05T12:03:22.683Z,DOTUSDC,mean_reversion,2.2362339999999996,32000,4800,8000,0,0,87360.00000000202,4656,MAX_POSITION
2025-12-05T12:03:23.868Z,LINKUSD,vwap_pullback,14.051967929999998,32000,4800,8000,0,0,82559.97159873211,4656,MAX_POSITION
2025-12-05T12:03:24.268Z,DOTUSDT,mean_reversion,2.238236,32000,4800,8000,0,0,87360.00000000057,4656,MAX_POSITION
2025-12-05T12:03:25.354Z,LINKUSDC,vwap_pullback,14.079075009999997,32000,4800,8000,0,0,69073.53263875944,4656,MAX_POSITION
2025-12-05T12:03:25.526Z,XETCZUSD,mean_reversion,13.488474999999998,32000,4800,8000,0,0,87360.000000001,4656,MAX_POSITION
2025-12-05T12:03:26.517Z,ETHFIEUR,mean_reversion,0.6906899999999999,32000,4800,8000,0,0,87360.00000000016,4656,MAX_POSITION
2025-12-05T12:03:26.760Z,LINKUSDT,vwap_pullback,14.07969563,32000,4800,8000,0,0,72280.88807870465,4656,MAX_POSITION
2025-12-05T12:03:26.785Z,M/USD,vwap_pullback,1.2763150399999998,32000,4800,8000,0,3648.0021421670317,4656,4656,PASS
2025-12-05T12:03:27.761Z,EULEUR,mean_reversion,3.3213179999999998,32000,4800,8000,0,0,87360.00000000019,4656,MAX_POSITION
2025-12-05T12:03:28.029Z,XLTCZEUR,mean_reversion,70.65057999999999,32000,4800,8000,0,0,87360.00000000124,4656,MAX_POSITION
2025-12-05T12:03:29.034Z,XLTCZUSD,mean_reversion,82.28219999999999,32000,4800,8000,0,0,87360.00000000108,4656,MAX_POSITION
2025-12-05T12:03:29.669Z,EWTUSD,mean_reversion,0.6886879999999999,32000,4800,8000,0,0,87360.00000000105,4656,MAX_POSITION
2025-12-05T12:03:30.301Z,MASKEUR,mean_reversion,0.5805799999999999,32000,4800,8000,0,0,87360.00000000077,4656,MAX_POSITION
2025-12-05T12:03:31.183Z,FORTHUSD,mean_reversion,1.7357339999999999,32000,4800,8000,0,0,87360.00000000086,4656,MAX_POSITION
2025-12-05T12:03:31.978Z,MEUSD,mean_reversion,0.3362358999999999,32000,4800,8000,0,0,87360.00000000127,4656,MAX_POSITION
2025-12-05T12:03:32.424Z,FXSUSD,mean_reversion,0.805805,32000,4800,8000,0,0,87360.00000000052,4656,MAX_POSITION
2025-12-05T12:03:33.618Z,KSMUSD,mean_reversion,8.45845,32000,4800,8000,0,0,87359.99999999991,4656,MAX_POSITION
2025-12-05T12:03:33.993Z,NANOEUR,mean_reversion,0.707725018,32000,4800,8000,0,0,87360.00000000016,4656,MAX_POSITION
2025-12-05T12:03:34.563Z,LINKEUR,vwap_pullback,12.062750699999999,32000,4800,8000,0,0,47299.872427071394,4656,MAX_POSITION
2025-12-05T12:03:35.530Z,NANOUSD,mean_reversion,0.8168880719999999,32000,4800,8000,0,0,87360.00000000096,4656,MAX_POSITION
2025-12-05T12:03:36.070Z,LINKUSD,vwap_pullback,14.051967929999998,32000,4800,8000,0,0,82559.97159873211,4656,MAX_POSITION
2025-12-05T12:03:37.103Z,NOSUSD,mean_reversion,0.266266,32000,4800,8000,0,0,87360.00000000048,4656,MAX_POSITION
2025-12-05T12:03:37.743Z,LINKUSDC,vwap_pullback,14.079075009999997,32000,4800,8000,0,0,69073.53263875944,4656,MAX_POSITION
2025-12-05T12:03:38.232Z,OPEUR,mean_reversion,0.2720718,32000,4800,8000,0,0,87360.00000000038,4656,MAX_POSITION
2025-12-05T12:03:38.995Z,LINKUSDT,vwap_pullback,14.07969563,32000,4800,8000,0,0,72280.88807870465,4656,MAX_POSITION
2025-12-05T12:03:39.624Z,OPUSD,mean_reversion,0.31691659999999994,32000,4800,8000,0,0,87360.00000000131,4656,MAX_POSITION
2025-12-05T12:03:40.225Z,XLTCZEUR,mean_reversion,70.65057999999999,32000,4800,8000,0,0,87360.00000000124,4656,MAX_POSITION
2025-12-05T12:03:40.885Z,PROVEEUR,mean_reversion,0.39519479999999996,32000,4800,8000,0,0,87360.0000000004,4656,MAX_POSITION
2025-12-05T12:03:41.491Z,XLTCZUSD,mean_reversion,82.25216999999999,32000,4800,8000,0,0,87360.0000000002,4656,MAX_POSITION
2025-12-05T12:03:41.885Z,RUNEEUR,mean_reversion,0.5685679999999999,32000,4800,8000,0,0,87360.00000000109,4656,MAX_POSITION
2025-12-05T12:03:42.217Z,ADAAUD,mean_reversion,0.6494087599999999,32000,4800,8000,0,0,87360.00000000057,4656,MAX_POSITION
2025-12-05T12:03:42.495Z,MASKEUR,mean_reversion,0.5805799999999999,32000,4800,8000,0,0,87360.00000000077,4656,MAX_POSITION
2025-12-05T12:03:43.009Z,RUNEUSD,mean_reversion,0.6606599999999999,32000,4800,8000,0,0,87360.0000000008,4656,MAX_POSITION
2025-12-05T12:03:43.529Z,AKTEUR,mean_reversion,0.38988949999999994,32000,4800,8000,0,0,87360.00000000175,4656,MAX_POSITION
2025-12-05T12:03:43.961Z,ONDO/USD,vwap_pullback,0.48053004999999993,32000,4800,8000,0,9689.300388185922,4656,4656,PASS
2025-12-05T12:03:44.269Z,SOSOUSD,mean_reversion,0.6080074,32000,4800,8000,0,0,87360.00000000067,4656,MAX_POSITION
2025-12-05T12:03:44.374Z,MEUSD,mean_reversion,0.3362358999999999,32000,4800,8000,0,0,87360.00000000127,4656,MAX_POSITION
2025-12-05T12:03:44.882Z,ATOMEUR,mean_reversion,1.9428408999999998,32000,4800,8000,0,0,87360.00000000122,4656,MAX_POSITION
2025-12-05T12:03:45.484Z,TONEUR,mean_reversion,1.363362,32000,4800,8000,0,0,87360.00000000099,4656,MAX_POSITION
2025-12-05T12:03:45.790Z,NANOEUR,mean_reversion,0.707725018,32000,4800,8000,0,0,87360.00000000016,4656,MAX_POSITION
2025-12-05T12:03:46.062Z,AUDUSD,vwap_pullback,0.6634227599999999,32000,4800,8000,0,0,47212.74062936231,4656,MAX_POSITION
2025-12-05T12:03:46.455Z,XRP/CAD,vwap_pullback,2.89174886,32000,4800,8000,0,1610.0983264501053,4656,4656,PASS
2025-12-05T12:03:46.936Z,NANOUSD,mean_reversion,0.8168880719999999,32000,4800,8000,0,0,87360.00000000096,4656,MAX_POSITION
2025-12-05T12:03:47.002Z,TONUSD,mean_reversion,1.5855839999999999,32000,4800,8000,0,0,87360.00000000058,4656,MAX_POSITION
2025-12-05T12:03:47.042Z,CAKEUSD,mean_reversion,2.3123099999999996,32000,4800,8000,0,0,87360.00000000175,4656,MAX_POSITION
2025-12-05T12:03:48.403Z,NOSUSD,mean_reversion,0.266266,32000,4800,8000,0,0,87360.00000000048,4656,MAX_POSITION
2025-12-05T12:03:48.791Z,CVXUSD,mean_reversion,1.8248229999999999,32000,4800,8000,0,0,87360.00000000054,4656,MAX_POSITION
2025-12-05T12:03:48.793Z,TRUMPUSD,mean_reversion,5.872866999999999,32000,4800,8000,0,0,87360.00000000051,4656,MAX_POSITION
2025-12-05T12:03:49.389Z,OPEUR,mean_reversion,0.2720718,32000,4800,8000,0,0,87360.00000000038,4656,MAX_POSITION
2025-12-05T12:03:49.808Z,DOTEUR,mean_reversion,1.9211192,32000,4800,8000,0,0,87360.00000000001,4656,MAX_POSITION
2025-12-05T12:03:50.589Z,OPUSD,mean_reversion,0.31691659999999994,32000,4800,8000,0,0,87360.00000000131,4656,MAX_POSITION
2025-12-05T12:03:50.990Z,USDCHF,vwap_pullback,0.8042534499999999,32000,4800,8000,0,0,186307.24637680824,4656,MAX_POSITION
2025-12-05T12:03:51.163Z,DOTGBP,mean_reversion,1.6714697999999997,32000,4800,8000,0,0,87360.00000000083,4656,MAX_POSITION
2025-12-05T12:03:51.550Z,PROVEEUR,mean_reversion,0.39519479999999996,32000,4800,8000,0,0,87360.0000000004,4656,MAX_POSITION
2025-12-05T12:03:52.493Z,XXRPZCAD,mean_reversion,2.89174886,32000,4800,8000,0,0,87360.00000000051,4656,MAX_POSITION
2025-12-05T12:03:52.563Z,DOTUSDC,mean_reversion,2.2362339999999996,32000,4800,8000,0,0,87360.00000000202,4656,MAX_POSITION
2025-12-05T12:03:52.889Z,RUNEEUR,mean_reversion,0.5685679999999999,32000,4800,8000,0,0,87360.00000000109,4656,MAX_POSITION
2025-12-05T12:03:53.818Z,XXRPZEUR,mean_reversion,1.7786068299999997,32000,4800,8000,0,0,87360.00000000087,4656,MAX_POSITION
2025-12-05T12:03:54.102Z,DOTUSDT,mean_reversion,2.238236,32000,4800,8000,0,0,87360.00000000057,4656,MAX_POSITION
2025-12-05T12:03:54.244Z,RUNEUSD,mean_reversion,0.6606599999999999,32000,4800,8000,0,0,87360.0000000008,4656,MAX_POSITION
2025-12-05T12:03:54.837Z,XRPGBP,mean_reversion,1.5525910399999998,32000,4800,8000,0,0,87360.00000000121,4656,MAX_POSITION
2025-12-05T12:03:55.495Z,SOSOUSD,mean_reversion,0.6080074,32000,4800,8000,0,0,87360.00000000067,4656,MAX_POSITION
2025-12-05T12:03:55.698Z,XETCZUSD,mean_reversion,13.488474999999998,32000,4800,8000,0,0,87360.000000001,4656,MAX_POSITION
2025-12-05T12:03:56.076Z,XRPRLUSD,mean_reversion,2.0702081399999996,32000,4800,8000,0,0,87360.00000000186,4656,MAX_POSITION
2025-12-05T12:03:56.225Z,APT/USD,vwap_pullback,1.8504485999999998,32000,4800,8000,0,2516.146625202127,4656,4656,PASS
2025-12-05T12:03:57.013Z,TONEUR,mean_reversion,1.363362,32000,4800,8000,0,0,87360.00000000099,4656,MAX_POSITION
2025-12-05T12:03:57.218Z,ETHFIEUR,mean_reversion,0.6906899999999999,32000,4800,8000,0,0,87360.00000000016,4656,MAX_POSITION
2025-12-05T12:03:57.673Z,XRPUSDT,mean_reversion,2.07014808,32000,4800,8000,0,0,87360.00000000012,4656,MAX_POSITION
2025-12-05T12:03:57.742Z,AVAX/USD,vwap_pullback,13.793779999999998,32000,4800,8000,0,337.54344349409666,4656,4656,PASS
2025-12-05T12:03:58.234Z,EULEUR,mean_reversion,3.3213179999999998,32000,4800,8000,0,0,87360.00000000019,4656,MAX_POSITION
2025-12-05T12:03:58.269Z,TONUSD,mean_reversion,1.5855839999999999,32000,4800,8000,0,0,87360.00000000058,4656,MAX_POSITION
2025-12-05T12:03:58.972Z,XTZEUR,mean_reversion,0.42062019999999994,32000,4800,8000,0,0,87360.0000000017,4656,MAX_POSITION
2025-12-05T12:03:59.577Z,IMX/EUR,vwap_pullback,0.25325299999999995,32000,4800,8000,0,18384.777278057914,4656,4656,PASS
2025-12-05T12:03:59.653Z,TRUMPUSD,mean_reversion,5.872866999999999,32000,4800,8000,0,0,87360.00000000051,4656,MAX_POSITION
2025-12-05T12:03:59.903Z,EWTUSD,mean_reversion,0.6886879999999999,32000,4800,8000,0,0,87360.00000000105,4656,MAX_POSITION
2025-12-05T12:04:00.563Z,XTZUSD,mean_reversion,0.4897893,32000,4800,8000,0,0,87360.00000000079,4656,MAX_POSITION
2025-12-05T12:04:01.494Z,FORTHUSD,mean_reversion,1.7357339999999999,32000,4800,8000,0,0,87360.00000000086,4656,MAX_POSITION
2025-12-05T12:04:01.546Z,USDCHF,vwap_pullback,0.8042534499999999,32000,4800,8000,0,0,186307.24637680824,4656,MAX_POSITION
2025-12-05T12:04:01.692Z,MORPHO/USD,vwap_pullback,1.3629916299999998,32000,4800,8000,0,3416.015107884412,4656,4656,PASS
2025-12-05T12:04:02.580Z,XXRPZCAD,mean_reversion,2.89174886,32000,4800,8000,0,0,87360.00000000051,4656,MAX_POSITION
2025-12-05T12:04:02.734Z,FXSUSD,mean_reversion,0.805805,32000,4800,8000,0,0,87360.00000000052,4656,MAX_POSITION
2025-12-05T12:04:03.806Z,XXRPZEUR,mean_reversion,1.7786068299999997,32000,4800,8000,0,0,87360.00000000087,4656,MAX_POSITION
2025-12-05T12:04:04.070Z,KSMUSD,mean_reversion,8.45845,32000,4800,8000,0,0,87359.99999999991,4656,MAX_POSITION
2025-12-05T12:04:05.036Z,LINKEUR,vwap_pullback,12.062750699999999,32000,4800,8000,0,0,47299.872427071394,4656,MAX_POSITION
2025-12-05T12:04:05.110Z,XRPGBP,mean_reversion,1.5525910399999998,32000,4800,8000,0,0,87360.00000000121,4656,MAX_POSITION
2025-12-05T12:04:06.187Z,XRPRLUSD,mean_reversion,2.0702081399999996,32000,4800,8000,0,0,87360.00000000186,4656,MAX_POSITION
2025-12-05T12:04:06.255Z,LINKUSD,vwap_pullback,14.051967929999998,32000,4800,8000,0,0,82559.97159873211,4656,MAX_POSITION
2025-12-05T12:04:07.290Z,LINKUSDC,vwap_pullback,14.079075009999997,32000,4800,8000,0,0,69073.53263875944,4656,MAX_POSITION
2025-12-05T12:04:07.455Z,XRPUSDT,mean_reversion,2.07014808,32000,4800,8000,0,0,87360.00000000012,4656,MAX_POSITION
2025-12-05T12:04:08.565Z,LINKUSDT,vwap_pullback,14.07969563,32000,4800,8000,0,0,72280.88807870465,4656,MAX_POSITION
2025-12-05T12:04:08.753Z,XTZEUR,mean_reversion,0.42062019999999994,32000,4800,8000,0,0,87360.0000000017,4656,MAX_POSITION
2025-12-05T12:04:09.740Z,XTZUSD,mean_reversion,0.4897893,32000,4800,8000,0,0,87360.00000000079,4656,MAX_POSITION
2025-12-05T12:04:09.804Z,XLTCZEUR,mean_reversion,70.74067,32000,4800,8000,0,0,87360.00000000106,4656,MAX_POSITION
2025-12-05T12:04:09.919Z,M/USD,vwap_pullback,1.2762749999999998,32000,4800,8000,0,3648.1165892930603,4656,4656,PASS
2025-12-05T12:04:11.527Z,XLTCZUSD,mean_reversion,82.34226,32000,4800,8000,0,0,87360.00000000144,4656,MAX_POSITION
2025-12-05T12:04:12.524Z,MASKEUR,mean_reversion,0.5805799999999999,32000,4800,8000,0,0,87360.00000000077,4656,MAX_POSITION
2025-12-05T12:04:14.432Z,MEUSD,mean_reversion,0.3362358999999999,32000,4800,8000,0,0,87360.00000000127,4656,MAX_POSITION
2025-12-05T12:04:16.420Z,NANOEUR,mean_reversion,0.707725018,32000,4800,8000,0,0,87360.00000000016,4656,MAX_POSITION
2025-12-05T12:04:18.467Z,NANOUSD,mean_reversion,0.8168880719999999,32000,4800,8000,0,0,87360.00000000096,4656,MAX_POSITION
2025-12-05T12:04:19.362Z,SOL/EUR,range_trading,117.44732999999998,32000,4800,8000,0,39.64330223598954,4656,4656,PASS
2025-12-05T12:04:19.740Z,NOSUSD,mean_reversion,0.266266,32000,4800,8000,0,0,87360.00000000048,4656,MAX_POSITION
2025-12-05T12:04:20.747Z,OPEUR,mean_reversion,0.2720718,32000,4800,8000,0,0,87360.00000000038,4656,MAX_POSITION
2025-12-05T12:04:21.793Z,OPUSD,mean_reversion,0.31691659999999994,32000,4800,8000,0,0,87360.00000000131,4656,MAX_POSITION
2025-12-05T12:04:23.335Z,PROVEEUR,mean_reversion,0.39519479999999996,32000,4800,8000,0,0,87360.0000000004,4656,MAX_POSITION
2025-12-05T12:04:24.586Z,RUNEEUR,mean_reversion,0.5685679999999999,32000,4800,8000,0,0,87360.00000000109,4656,MAX_POSITION
2025-12-05T12:04:26.469Z,RUNEUSD,mean_reversion,0.6606599999999999,32000,4800,8000,0,0,87360.0000000008,4656,MAX_POSITION
2025-12-05T12:04:28.168Z,SOSOUSD,mean_reversion,0.6080074,32000,4800,8000,0,0,87360.00000000067,4656,MAX_POSITION
2025-12-05T12:04:29.692Z,TONEUR,mean_reversion,1.362361,32000,4800,8000,0,0,87359.99999999959,4656,MAX_POSITION
2025-12-05T12:04:30.903Z,ADAAUD,mean_reversion,0.6494087599999999,32000,4800,8000,0,0,87360.00000000057,4656,MAX_POSITION
2025-12-05T12:04:31.230Z,TONUSD,mean_reversion,1.587586,32000,4800,8000,0,0,87360.00000000074,4656,MAX_POSITION
2025-12-05T12:04:31.768Z,XRP/CAD,vwap_pullback,2.89174886,32000,4800,8000,0,1610.0983264501053,4656,4656,PASS
2025-12-05T12:04:32.278Z,AKTEUR,mean_reversion,0.38988949999999994,32000,4800,8000,0,0,87360.00000000175,4656,MAX_POSITION
2025-12-05T12:04:32.849Z,TRUMPUSD,mean_reversion,5.872866999999999,32000,4800,8000,0,0,87360.00000000051,4656,MAX_POSITION
2025-12-05T12:04:33.459Z,ATOMEUR,mean_reversion,1.9428408999999998,32000,4800,8000,0,0,87360.00000000122,4656,MAX_POSITION
2025-12-05T12:04:34.774Z,AUDUSD,vwap_pullback,0.6636229599999999,32000,4800,8000,0,0,46536.368592201055,4656,MAX_POSITION
2025-12-05T12:04:35.502Z,USDCHF,vwap_pullback,0.8042534499999999,32000,4800,8000,0,0,186307.24637680824,4656,MAX_POSITION
2025-12-05T12:04:35.764Z,CAKEUSD,mean_reversion,2.3123099999999996,32000,4800,8000,0,0,87360.00000000175,4656,MAX_POSITION
2025-12-05T12:04:36.757Z,CVXUSD,mean_reversion,1.8248229999999999,32000,4800,8000,0,0,87360.00000000054,4656,MAX_POSITION
2025-12-05T12:04:37.185Z,XXRPZCAD,mean_reversion,2.89174886,32000,4800,8000,0,0,87360.00000000051,4656,MAX_POSITION
2025-12-05T12:04:38.026Z,DOTEUR,mean_reversion,1.9209189999999998,32000,4800,8000,0,0,87360.00000000073,4656,MAX_POSITION
2025-12-05T12:04:38.065Z,RENDER/USD,vwap_pullback,1.6516499999999996,32000,4800,8000,0,2818.9991826355467,4656,4656,PASS
2025-12-05T12:04:38.720Z,XXRPZEUR,mean_reversion,1.7786068299999997,32000,4800,8000,0,0,87360.00000000087,4656,MAX_POSITION
2025-12-05T12:04:39.038Z,DOTGBP,mean_reversion,1.6714697999999997,32000,4800,8000,0,0,87360.00000000083,4656,MAX_POSITION
2025-12-05T12:04:39.867Z,XRPGBP,mean_reversion,1.5526410899999998,32000,4800,8000,0,0,87360.00000000128,4656,MAX_POSITION
2025-12-05T12:04:40.015Z,DOTUSDC,mean_reversion,2.2362339999999996,32000,4800,8000,0,0,87360.00000000202,4656,MAX_POSITION
2025-12-05T12:04:41.098Z,XRPRLUSD,mean_reversion,2.0702081399999996,32000,4800,8000,0,0,87360.00000000186,4656,MAX_POSITION
2025-12-05T12:04:41.221Z,DOTUSDT,mean_reversion,2.238236,32000,4800,8000,0,0,87360.00000000057,4656,MAX_POSITION
2025-12-05T12:04:42.200Z,ADAAUD,mean_reversion,0.6494087599999999,32000,4800,8000,0,0,87360.00000000057,4656,MAX_POSITION
2025-12-05T12:04:42.341Z,XETCZUSD,mean_reversion,13.488474999999998,32000,4800,8000,0,0,87360.000000001,4656,MAX_POSITION
2025-12-05T12:04:42.579Z,APT/USD,vwap_pullback,1.8504485999999998,32000,4800,8000,0,2516.146625202127,4656,4656,PASS
2025-12-05T12:04:42.602Z,XRPUSDT,mean_reversion,2.0701781099999996,32000,4800,8000,0,0,87360.00000000097,4656,MAX_POSITION
2025-12-05T12:04:43.480Z,AKTEUR,mean_reversion,0.38988949999999994,32000,4800,8000,0,0,87360.00000000175,4656,MAX_POSITION
2025-12-05T12:04:43.675Z,ETHFIEUR,mean_reversion,0.6906899999999999,32000,4800,8000,0,0,87360.00000000016,4656,MAX_POSITION
2025-12-05T12:04:43.911Z,AVAX/USD,vwap_pullback,13.793779999999998,32000,4800,8000,0,337.54344349409666,4656,4656,PASS
2025-12-05T12:04:44.291Z,XTZEUR,mean_reversion,0.42062019999999994,32000,4800,8000,0,0,87360.0000000017,4656,MAX_POSITION
2025-12-05T12:04:44.491Z,ATOMEUR,mean_reversion,1.9428408999999998,32000,4800,8000,0,0,87360.00000000122,4656,MAX_POSITION
2025-12-05T12:04:45.226Z,EULEUR,mean_reversion,3.3213179999999998,32000,4800,8000,0,0,87360.00000000019,4656,MAX_POSITION
2025-12-05T12:04:46.010Z,XTZUSD,mean_reversion,0.48868819999999996,32000,4800,8000,0,0,87360.00000000103,4656,MAX_POSITION
2025-12-05T12:04:46.173Z,MORPHO/USD,vwap_pullback,1.3648234599999998,32000,4800,8000,0,3411.4302226311383,4656,4656,PASS
2025-12-05T12:04:46.343Z,AUDUSD,vwap_pullback,0.6636229599999999,32000,4800,8000,0,0,46536.368592201055,4656,MAX_POSITION
2025-12-05T12:04:47.360Z,CAKEUSD,mean_reversion,2.3123099999999996,32000,4800,8000,0,0,87360.00000000175,4656,MAX_POSITION
2025-12-05T12:04:47.557Z,EWTUSD,mean_reversion,0.6886879999999999,32000,4800,8000,0,0,87360.00000000105,4656,MAX_POSITION
2025-12-05T12:04:48.781Z,CVXUSD,mean_reversion,1.8248229999999999,32000,4800,8000,0,0,87360.00000000054,4656,MAX_POSITION
2025-12-05T12:04:48.931Z,FORTHUSD,mean_reversion,1.7357339999999999,32000,4800,8000,0,0,87360.00000000086,4656,MAX_POSITION
2025-12-05T12:04:49.742Z,DOTEUR,mean_reversion,1.9209189999999998,32000,4800,8000,0,0,87360.00000000073,4656,MAX_POSITION
2025-12-05T12:04:49.782Z,FXSUSD,mean_reversion,0.805805,32000,4800,8000,0,0,87360.00000000052,4656,MAX_POSITION
2025-12-05T12:04:50.768Z,KSMUSD,mean_reversion,8.45845,32000,4800,8000,0,0,87359.99999999991,4656,MAX_POSITION
2025-12-05T12:04:51.017Z,DOTGBP,mean_reversion,1.6714697999999997,32000,4800,8000,0,0,87360.00000000083,4656,MAX_POSITION
2025-12-05T12:04:51.837Z,LINKEUR,vwap_pullback,12.062750699999999,32000,4800,8000,0,0,47299.872427071394,4656,MAX_POSITION
2025-12-05T12:04:52.303Z,DOTUSDC,mean_reversion,2.2362339999999996,32000,4800,8000,0,0,87360.00000000202,4656,MAX_POSITION
2025-12-05T12:04:53.055Z,LINKUSD,vwap_pullback,14.062418369999998,32000,4800,8000,0,0,77654.8172184837,4656,MAX_POSITION
2025-12-05T12:04:53.545Z,DOTUSDT,mean_reversion,2.238236,32000,4800,8000,0,0,87360.00000000057,4656,MAX_POSITION
2025-12-05T12:04:54.384Z,LINKUSDC,vwap_pullback,14.079075009999997,32000,4800,8000,0,0,69073.53263875944,4656,MAX_POSITION
2025-12-05T12:04:54.647Z,M/USD,vwap_pullback,1.2762749999999998,32000,4800,8000,0,3648.1165892930603,4656,4656,PASS
2025-12-05T12:04:54.749Z,XETCZUSD,mean_reversion,13.488474999999998,32000,4800,8000,0,0,87360.000000001,4656,MAX_POSITION
2025-12-05T12:04:55.669Z,LINKUSDT,vwap_pullback,14.056522479999998,32000,4800,8000,0,0,82370.63198648157,4656,MAX_POSITION
2025-12-05T12:04:56.070Z,ETHFIEUR,mean_reversion,0.6906899999999999,32000,4800,8000,0,0,87360.00000000016,4656,MAX_POSITION
2025-12-05T12:04:56.662Z,XLTCZEUR,mean_reversion,70.74067,32000,4800,8000,0,0,87360.00000000106,4656,MAX_POSITION
2025-12-05T12:04:57.316Z,EULEUR,mean_reversion,3.3213179999999998,32000,4800,8000,0,0,87360.00000000019,4656,MAX_POSITION
2025-12-05T12:04:58.109Z,XLTCZUSD,mean_reversion,82.34226,32000,4800,8000,0,0,87360.00000000144,4656,MAX_POSITION
2025-12-05T12:04:59.267Z,MASKEUR,mean_reversion,0.5805799999999999,32000,4800,8000,0,0,87360.00000000077,4656,MAX_POSITION
2025-12-05T12:04:59.548Z,EWTUSD,mean_reversion,0.6886879999999999,32000,4800,8000,0,0,87360.00000000105,4656,MAX_POSITION
2025-12-05T12:05:01.061Z,FORTHUSD,mean_reversion,1.7357339999999999,32000,4800,8000,0,0,87360.00000000086,4656,MAX_POSITION
2025-12-05T12:05:01.458Z,MEUSD,mean_reversion,0.3362358999999999,32000,4800,8000,0,0,87360.00000000127,4656,MAX_POSITION
2025-12-05T12:05:02.318Z,FXSUSD,mean_reversion,0.805805,32000,4800,8000,0,0,87360.00000000052,4656,MAX_POSITION
2025-12-05T12:05:03.560Z,KSMUSD,mean_reversion,8.45845,32000,4800,8000,0,0,87359.99999999991,4656,MAX_POSITION
2025-12-05T12:05:03.792Z,NANOEUR,mean_reversion,0.707725018,32000,4800,8000,0,0,87360.00000000016,4656,MAX_POSITION
2025-12-05T12:05:03.808Z,SOL/EUR,range_trading,117.47735999999999,32000,4800,8000,0,39.6331684675243,4656,4656,PASS
2025-12-05T12:05:04.816Z,LINKEUR,vwap_pullback,12.062750699999999,32000,4800,8000,0,0,47299.872427071394,4656,MAX_POSITION
2025-12-05T12:05:05.787Z,NANOUSD,mean_reversion,0.8168880719999999,32000,4800,8000,0,0,87360.00000000096,4656,MAX_POSITION
2025-12-05T12:05:06.030Z,LINKUSD,vwap_pullback,14.062418369999998,32000,4800,8000,0,0,77654.8172184837,4656,MAX_POSITION
2025-12-05T12:05:07.072Z,NOSUSD,mean_reversion,0.266266,32000,4800,8000,0,0,87360.00000000048,4656,MAX_POSITION
2025-12-05T12:05:07.309Z,LINKUSDC,vwap_pullback,14.079075009999997,32000,4800,8000,0,0,69073.53263875944,4656,MAX_POSITION
2025-12-05T12:05:08.062Z,OPEUR,mean_reversion,0.2720718,32000,4800,8000,0,0,87360.00000000038,4656,MAX_POSITION
2025-12-05T12:05:08.354Z,LINKUSDT,vwap_pullback,14.056522479999998,32000,4800,8000,0,0,82370.63198648157,4656,MAX_POSITION
2025-12-05T12:05:09.335Z,OPUSD,mean_reversion,0.31691659999999994,32000,4800,8000,0,0,87360.00000000131,4656,MAX_POSITION
2025-12-05T12:05:09.562Z,XLTCZEUR,mean_reversion,70.74067,32000,4800,8000,0,0,87360.00000000106,4656,MAX_POSITION
2025-12-05T12:05:10.595Z,PROVEEUR,mean_reversion,0.39519479999999996,32000,4800,8000,0,0,87360.0000000004,4656,MAX_POSITION
2025-12-05T12:05:11.050Z,XLTCZUSD,mean_reversion,82.26218,32000,4800,8000,0,0,87360.00000000096,4656,MAX_POSITION
2025-12-05T12:05:11.873Z,RUNEEUR,mean_reversion,0.5685679999999999,32000,4800,8000,0,0,87360.00000000109,4656,MAX_POSITION
2025-12-05T12:05:12.351Z,MASKEUR,mean_reversion,0.5805799999999999,32000,4800,8000,0,0,87360.00000000077,4656,MAX_POSITION
2025-12-05T12:05:12.829Z,RUNEUSD,mean_reversion,0.6606599999999999,32000,4800,8000,0,0,87360.0000000008,4656,MAX_POSITION
2025-12-05T12:05:14.005Z,MEUSD,mean_reversion,0.3362358999999999,32000,4800,8000,0,0,87360.00000000127,4656,MAX_POSITION
2025-12-05T12:05:14.096Z,SOSOUSD,mean_reversion,0.6080074,32000,4800,8000,0,0,87360.00000000067,4656,MAX_POSITION
2025-12-05T12:05:15.461Z,NANOEUR,mean_reversion,0.707725018,32000,4800,8000,0,0,87360.00000000016,4656,MAX_POSITION
2025-12-05T12:05:15.467Z,TONEUR,mean_reversion,1.362361,32000,4800,8000,0,0,87359.99999999959,4656,MAX_POSITION
2025-12-05T12:05:16.619Z,NANOUSD,mean_reversion,0.8168880719999999,32000,4800,8000,0,0,87360.00000000096,4656,MAX_POSITION
2025-12-05T12:05:16.622Z,TONUSD,mean_reversion,1.5865849999999997,32000,4800,8000,0,0,87360.00000000176,4656,MAX_POSITION
2025-12-05T12:05:17.847Z,TRUMPUSD,mean_reversion,5.872866999999999,32000,4800,8000,0,0,87360.00000000051,4656,MAX_POSITION
2025-12-05T12:05:17.913Z,NOSUSD,mean_reversion,0.266266,32000,4800,8000,0,0,87360.00000000048,4656,MAX_POSITION
2025-12-05T12:05:19.408Z,OPEUR,mean_reversion,0.2720718,32000,4800,8000,0,0,87360.00000000038,4656,MAX_POSITION
2025-12-05T12:05:19.635Z,LTC/EUR,vwap_pullback,70.70062999999999,32000,4800,8000,0,65.85514160199139,4656,4656,PASS
2025-12-05T12:05:19.827Z,USDCHF,vwap_pullback,0.8041133099999999,32000,4800,8000,0,0,192794.39999999962,4656,MAX_POSITION
2025-12-05T12:05:20.430Z,OPUSD,mean_reversion,0.31691659999999994,32000,4800,8000,0,0,87360.00000000131,4656,MAX_POSITION
2025-12-05T12:05:21.369Z,XXRPZCAD,mean_reversion,2.88909621,32000,4800,8000,0,0,87360.0000000006,4656,MAX_POSITION
2025-12-05T12:05:22.040Z,PROVEEUR,mean_reversion,0.39519479999999996,32000,4800,8000,0,0,87360.0000000004,4656,MAX_POSITION
2025-12-05T12:05:22.711Z,XXRPZEUR,mean_reversion,1.7773555799999998,32000,4800,8000,0,0,87360.00000000054,4656,MAX_POSITION
2025-12-05T12:05:23.108Z,RUNEEUR,mean_reversion,0.5685679999999999,32000,4800,8000,0,0,87360.00000000109,4656,MAX_POSITION
2025-12-05T12:05:23.281Z,BAND/USD,range_trading,0.40540499999999996,32000,4800,8000,0,11484.811484811486,4656,4656,PASS
2025-12-05T12:05:23.707Z,XRPGBP,mean_reversion,1.5520504999999998,32000,4800,8000,0,0,87360.00000000055,4656,MAX_POSITION
2025-12-05T12:05:24.103Z,RUNEUSD,mean_reversion,0.6606599999999999,32000,4800,8000,0,0,87360.0000000008,4656,MAX_POSITION
2025-12-05T12:05:24.899Z,XRPRLUSD,mean_reversion,2.0702081399999996,32000,4800,8000,0,0,87360.00000000186,4656,MAX_POSITION
2025-12-05T12:05:25.594Z,SOSOUSD,mean_reversion,0.6080074,32000,4800,8000,0,0,87360.00000000067,4656,MAX_POSITION
2025-12-05T12:05:25.963Z,XRPUSDT,mean_reversion,2.0701781099999996,32000,4800,8000,0,0,87360.00000000097,4656,MAX_POSITION
2025-12-05T12:05:26.864Z,TONEUR,mean_reversion,1.363362,32000,4800,8000,0,0,87360.00000000099,4656,MAX_POSITION
2025-12-05T12:05:27.069Z,XTZEUR,mean_reversion,0.42062019999999994,32000,4800,8000,0,0,87360.0000000017,4656,MAX_POSITION
2025-12-05T12:05:27.665Z,RENDER/USD,vwap_pullback,1.6516499999999996,32000,4800,8000,0,2818.9991826355467,4656,4656,PASS
2025-12-05T12:05:28.397Z,XTZUSD,mean_reversion,0.48868819999999996,32000,4800,8000,0,0,87360.00000000103,4656,MAX_POSITION
2025-12-05T12:05:28.458Z,TONUSD,mean_reversion,1.5865849999999997,32000,4800,8000,0,0,87360.00000000176,4656,MAX_POSITION
2025-12-05T12:05:29.446Z,TRUMPUSD,mean_reversion,5.872866999999999,32000,4800,8000,0,0,87360.00000000051,4656,MAX_POSITION
2025-12-05T12:05:30.313Z,ADAAUD,mean_reversion,0.6494087599999999,32000,4800,8000,0,0,87360.00000000057,4656,MAX_POSITION
2025-12-05T12:05:32.031Z,AKTEUR,mean_reversion,0.38988949999999994,32000,4800,8000,0,0,87360.00000000175,4656,MAX_POSITION
2025-12-05T12:05:32.186Z,USDCHF,vwap_pullback,0.8041133099999999,32000,4800,8000,0,0,192794.39999999962,4656,MAX_POSITION
2025-12-05T12:05:32.510Z,APT/USD,vwap_pullback,1.8504485999999998,32000,4800,8000,0,2516.146625202127,4656,4656,PASS
2025-12-05T12:05:33.467Z,ATOMEUR,mean_reversion,1.9428408999999998,32000,4800,8000,0,0,87360.00000000122,4656,MAX_POSITION
2025-12-05T12:05:33.856Z,XXRPZCAD,mean_reversion,2.88909621,32000,4800,8000,0,0,87360.0000000006,4656,MAX_POSITION
2025-12-05T12:05:34.727Z,AUDUSD,vwap_pullback,0.6636229599999999,32000,4800,8000,0,0,46536.368592201055,4656,MAX_POSITION
2025-12-05T12:05:34.817Z,XXRPZEUR,mean_reversion,1.7782364599999998,32000,4800,8000,0,0,87360.0000000005,4656,MAX_POSITION
2025-12-05T12:05:35.104Z,MORPHO/USD,vwap_pullback,1.36510374,32000,4800,8000,0,3410.7297955245513,4656,4656,PASS
2025-12-05T12:05:35.733Z,CAKEUSD,mean_reversion,2.3123099999999996,32000,4800,8000,0,0,87360.00000000175,4656,MAX_POSITION
2025-12-05T12:05:35.821Z,XRPGBP,mean_reversion,1.5520504999999998,32000,4800,8000,0,0,87360.00000000055,4656,MAX_POSITION
2025-12-05T12:05:36.731Z,CVXUSD,mean_reversion,1.8248229999999999,32000,4800,8000,0,0,87360.00000000054,4656,MAX_POSITION
2025-12-05T12:05:37.074Z,XRPRLUSD,mean_reversion,2.0702081399999996,32000,4800,8000,0,0,87360.00000000186,4656,MAX_POSITION
2025-12-05T12:05:37.965Z,DOTEUR,mean_reversion,1.9209189999999998,32000,4800,8000,0,0,87360.00000000073,4656,MAX_POSITION
2025-12-05T12:05:38.087Z,XRPUSDT,mean_reversion,2.0701781099999996,32000,4800,8000,0,0,87360.00000000097,4656,MAX_POSITION
2025-12-05T12:05:39.286Z,DOTGBP,mean_reversion,1.6714697999999997,32000,4800,8000,0,0,87360.00000000083,4656,MAX_POSITION
2025-12-05T12:05:39.354Z,XTZEUR,mean_reversion,0.42062019999999994,32000,4800,8000,0,0,87360.0000000017,4656,MAX_POSITION
2025-12-05T12:05:40.359Z,XTZUSD,mean_reversion,0.48868819999999996,32000,4800,8000,0,0,87360.00000000103,4656,MAX_POSITION
2025-12-05T12:05:40.818Z,DOTUSDC,mean_reversion,2.2362339999999996,32000,4800,8000,0,0,87360.00000000202,4656,MAX_POSITION
2025-12-05T12:05:41.836Z,DOTUSDT,mean_reversion,2.2340317999999995,32000,4800,8000,0,0,87360.00000000172,4656,MAX_POSITION
2025-12-05T12:05:42.225Z,ADAAUD,mean_reversion,0.6494087599999999,32000,4800,8000,0,0,87360.00000000057,4656,MAX_POSITION
2025-12-05T12:05:42.888Z,XETCZUSD,mean_reversion,13.488474999999998,32000,4800,8000,0,0,87360.000000001,4656,MAX_POSITION
2025-12-05T12:05:43.232Z,AKTEUR,mean_reversion,0.38988949999999994,32000,4800,8000,0,0,87360.00000000175,4656,MAX_POSITION
2025-12-05T12:05:43.837Z,ETHFIEUR,mean_reversion,0.6906899999999999,32000,4800,8000,0,0,87360.00000000016,4656,MAX_POSITION
2025-12-05T12:05:44.492Z,ATOMEUR,mean_reversion,1.9428408999999998,32000,4800,8000,0,0,87360.00000000122,4656,MAX_POSITION
2025-12-05T12:05:45.082Z,EULEUR,mean_reversion,3.3213179999999998,32000,4800,8000,0,0,87360.00000000019,4656,MAX_POSITION
2025-12-05T12:05:45.281Z,AUDUSD,vwap_pullback,0.6636229599999999,32000,4800,8000,0,0,46536.368592201055,4656,MAX_POSITION
2025-12-05T12:05:46.570Z,CAKEUSD,mean_reversion,2.3123099999999996,32000,4800,8000,0,0,87360.00000000175,4656,MAX_POSITION
2025-12-05T12:05:46.839Z,TON/EUR,vwap_pullback,1.363362,32000,4800,8000,0,3415.087115527644,4656,4656,PASS
2025-12-05T12:05:46.970Z,EWTUSD,mean_reversion,0.6886879999999999,32000,4800,8000,0,0,87360.00000000105,4656,MAX_POSITION
2025-12-05T12:05:47.548Z,CVXUSD,mean_reversion,1.8248229999999999,32000,4800,8000,0,0,87360.00000000054,4656,MAX_POSITION
2025-12-05T12:05:48.000Z,FORTHUSD,mean_reversion,1.7357339999999999,32000,4800,8000,0,0,87360.00000000086,4656,MAX_POSITION
2025-12-05T12:05:48.779Z,DOTEUR,mean_reversion,1.9209189999999998,32000,4800,8000,0,0,87360.00000000073,4656,MAX_POSITION
2025-12-05T12:05:49.177Z,FXSUSD,mean_reversion,0.805805,32000,4800,8000,0,0,87360.00000000052,4656,MAX_POSITION
2025-12-05T12:05:49.826Z,DOTGBP,mean_reversion,1.6714697999999997,32000,4800,8000,0,0,87360.00000000083,4656,MAX_POSITION
2025-12-05T12:05:50.430Z,KSMUSD,mean_reversion,8.45845,32000,4800,8000,0,0,87359.99999999991,4656,MAX_POSITION
2025-12-05T12:05:50.832Z,DOTUSDC,mean_reversion,2.2362339999999996,32000,4800,8000,0,0,87360.00000000202,4656,MAX_POSITION
2025-12-05T12:05:51.142Z,SOL/EUR,range_trading,117.47735999999999,32000,4800,8000,0,39.6331684675243,4656,4656,PASS
2025-12-05T12:05:51.903Z,LINKEUR,vwap_pullback,12.062750699999999,32000,4800,8000,0,0,47299.872427071394,4656,MAX_POSITION
2025-12-05T12:05:52.407Z,DOTUSDT,mean_reversion,2.2340317999999995,32000,4800,8000,0,0,87360.00000000172,4656,MAX_POSITION
2025-12-05T12:05:53.042Z,LINKUSD,vwap_pullback,14.063789739999999,32000,4800,8000,0,0,77054.54900504132,4656,MAX_POSITION
2025-12-05T12:05:54.077Z,XETCZUSD,mean_reversion,13.488474999999998,32000,4800,8000,0,0,87360.000000001,4656,MAX_POSITION
2025-12-05T12:05:54.102Z,LINKUSDC,vwap_pullback,14.079075009999997,32000,4800,8000,0,0,69073.53263875944,4656,MAX_POSITION
2025-12-05T12:05:55.079Z,ETHFIEUR,mean_reversion,0.6906899999999999,32000,4800,8000,0,0,87360.00000000016,4656,MAX_POSITION
2025-12-05T12:05:55.614Z,LINKUSDT,vwap_pullback,14.056522479999998,32000,4800,8000,0,0,82370.63198648157,4656,MAX_POSITION
2025-12-05T12:05:56.289Z,EULEUR,mean_reversion,3.3213179999999998,32000,4800,8000,0,0,87360.00000000019,4656,MAX_POSITION
2025-12-05T12:05:56.607Z,XLTCZEUR,mean_reversion,70.70062999999999,32000,4800,8000,0,0,87360.00000000077,4656,MAX_POSITION
2025-12-05T12:05:57.813Z,XLTCZUSD,mean_reversion,82.28219999999999,32000,4800,8000,0,0,87360.00000000108,4656,MAX_POSITION
2025-12-05T12:05:58.115Z,EWTUSD,mean_reversion,0.6886879999999999,32000,4800,8000,0,0,87360.00000000105,4656,MAX_POSITION
2025-12-05T12:05:58.805Z,MASKEUR,mean_reversion,0.5805799999999999,32000,4800,8000,0,0,87360.00000000077,4656,MAX_POSITION
2025-12-05T12:05:59.384Z,FORTHUSD,mean_reversion,1.7357339999999999,32000,4800,8000,0,0,87360.00000000086,4656,MAX_POSITION
2025-12-05T12:06:00.482Z,MEUSD,mean_reversion,0.3362358999999999,32000,4800,8000,0,0,87360.00000000127,4656,MAX_POSITION
2025-12-05T12:06:00.498Z,FXSUSD,mean_reversion,0.805805,32000,4800,8000,0,0,87360.00000000052,4656,MAX_POSITION
2025-12-05T12:06:01.509Z,KSMUSD,mean_reversion,8.45845,32000,4800,8000,0,0,87359.99999999991,4656,MAX_POSITION
2025-12-05T12:06:02.025Z,NANOEUR,mean_reversion,0.707725018,32000,4800,8000,0,0,87360.00000000016,4656,MAX_POSITION
2025-12-05T12:06:02.479Z,LINKEUR,vwap_pullback,12.062750699999999,32000,4800,8000,0,0,47299.872427071394,4656,MAX_POSITION
2025-12-05T12:06:03.329Z,NANOUSD,mean_reversion,0.8168880719999999,32000,4800,8000,0,0,87360.00000000096,4656,MAX_POSITION
2025-12-05T12:06:03.741Z,LINKUSD,vwap_pullback,14.063789739999999,32000,4800,8000,0,0,77054.5508599957,4656,MAX_POSITION
2025-12-05T12:06:04.448Z,NOSUSD,mean_reversion,0.266266,32000,4800,8000,0,0,87360.00000000048,4656,MAX_POSITION
2025-12-05T12:06:05.059Z,LINKUSDC,vwap_pullback,14.079075009999997,32000,4800,8000,0,0,69073.53263875944,4656,MAX_POSITION
2025-12-05T12:06:05.437Z,OPEUR,mean_reversion,0.2720718,32000,4800,8000,0,0,87360.00000000038,4656,MAX_POSITION
2025-12-05T12:06:06.326Z,LTC/EUR,vwap_pullback,70.70062999999999,32000,4800,8000,0,65.85514160199139,4656,4656,PASS
2025-12-05T12:06:06.665Z,LINKUSDT,vwap_pullback,14.056522479999998,32000,4800,8000,0,0,82370.63198648157,4656,MAX_POSITION
2025-12-05T12:06:07.486Z,OPUSD,mean_reversion,0.31691659999999994,32000,4800,8000,0,0,87360.00000000131,4656,MAX_POSITION
2025-12-05T12:06:08.186Z,XLTCZEUR,mean_reversion,70.70062999999999,32000,4800,8000,0,0,87360.00000000077,4656,MAX_POSITION
2025-12-05T12:06:08.476Z,PROVEEUR,mean_reversion,0.39519479999999996,32000,4800,8000,0,0,87360.0000000004,4656,MAX_POSITION
2025-12-05T12:06:09.119Z,BAND/USD,range_trading,0.40540499999999996,32000,4800,8000,0,11484.811484811486,4656,4656,PASS
2025-12-05T12:06:09.536Z,RUNEEUR,mean_reversion,0.5685679999999999,32000,4800,8000,0,0,87360.00000000109,4656,MAX_POSITION
2025-12-05T12:06:09.717Z,XLTCZUSD,mean_reversion,82.28219999999999,32000,4800,8000,0,0,87360.00000000108,4656,MAX_POSITION
2025-12-05T12:06:10.543Z,RUNEUSD,mean_reversion,0.6606599999999999,32000,4800,8000,0,0,87360.0000000008,4656,MAX_POSITION
2025-12-05T12:06:10.982Z,MASKEUR,mean_reversion,0.5805799999999999,32000,4800,8000,0,0,87360.00000000077,4656,MAX_POSITION
2025-12-05T12:06:11.818Z,SOSOUSD,mean_reversion,0.6080074,32000,4800,8000,0,0,87360.00000000067,4656,MAX_POSITION
2025-12-05T12:06:12.730Z,MEUSD,mean_reversion,0.3362358999999999,32000,4800,8000,0,0,87360.00000000127,4656,MAX_POSITION
2025-12-05T12:06:12.886Z,TONEUR,mean_reversion,1.363362,32000,4800,8000,0,0,87360.00000000099,4656,MAX_POSITION
2025-12-05T12:06:13.404Z,SOSO/USD,vwap_pullback,0.6080074,32000,4800,8000,0,7657.801533336601,4656,4656,PASS
2025-12-05T12:06:13.884Z,TONUSD,mean_reversion,1.5855839999999999,32000,4800,8000,0,0,87360.00000000058,4656,MAX_POSITION
2025-12-05T12:06:14.345Z,NANOEUR,mean_reversion,0.707725018,32000,4800,8000,0,0,87360.00000000016,4656,MAX_POSITION
2025-12-05T12:06:15.214Z,TRUMPUSD,mean_reversion,5.872866999999999,32000,4800,8000,0,0,87360.00000000051,4656,MAX_POSITION
2025-12-05T12:06:15.729Z,NANOUSD,mean_reversion,0.8168880719999999,32000,4800,8000,0,0,87360.00000000096,4656,MAX_POSITION
2025-12-05T12:06:17.048Z,NOSUSD,mean_reversion,0.266266,32000,4800,8000,0,0,87360.00000000048,4656,MAX_POSITION
2025-12-05T12:06:17.946Z,USDCHF,vwap_pullback,0.8037729699999999,32000,4800,8000,0,0,210615.08196720915,4656,MAX_POSITION
2025-12-05T12:06:18.784Z,OPEUR,mean_reversion,0.2720718,32000,4800,8000,0,0,87360.00000000038,4656,MAX_POSITION
2025-12-05T12:06:18.789Z,XXRPZCAD,mean_reversion,2.88909621,32000,4800,8000,0,0,87360.0000000006,4656,MAX_POSITION
2025-12-05T12:06:19.746Z,OPUSD,mean_reversion,0.31691659999999994,32000,4800,8000,0,0,87360.00000000131,4656,MAX_POSITION
2025-12-05T12:06:20.062Z,XXRPZEUR,mean_reversion,1.7784366599999997,32000,4800,8000,0,0,87360.0000000007,4656,MAX_POSITION
2025-12-05T12:06:20.761Z,PROVEEUR,mean_reversion,0.39519479999999996,32000,4800,8000,0,0,87360.0000000004,4656,MAX_POSITION
2025-12-05T12:06:21.375Z,XRPGBP,mean_reversion,1.5520504999999998,32000,4800,8000,0,0,87360.00000000055,4656,MAX_POSITION
2025-12-05T12:06:22.016Z,RUNEEUR,mean_reversion,0.5685679999999999,32000,4800,8000,0,0,87360.00000000109,4656,MAX_POSITION
2025-12-05T12:06:22.763Z,XRPRLUSD,mean_reversion,2.0702081399999996,32000,4800,8000,0,0,87360.00000000186,4656,MAX_POSITION
2025-12-05T12:06:23.292Z,RUNEUSD,mean_reversion,0.6606599999999999,32000,4800,8000,0,0,87360.0000000008,4656,MAX_POSITION
2025-12-05T12:06:23.898Z,XRPUSDT,mean_reversion,2.0701781099999996,32000,4800,8000,0,0,87360.00000000097,4656,MAX_POSITION
2025-12-05T12:06:24.243Z,SOL/GBP,vwap_pullback,102.59248999999998,32000,4800,8000,0,45.38343888524395,4656,4656,PASS
2025-12-05T12:06:24.290Z,SOSOUSD,mean_reversion,0.6080074,32000,4800,8000,0,0,87360.00000000067,4656,MAX_POSITION
2025-12-05T12:06:24.951Z,XTZEUR,mean_reversion,0.42062019999999994,32000,4800,8000,0,0,87360.0000000017,4656,MAX_POSITION
2025-12-05T12:06:25.280Z,TONEUR,mean_reversion,1.363362,32000,4800,8000,0,0,87360.00000000099,4656,MAX_POSITION
2025-12-05T12:06:26.210Z,XTZUSD,mean_reversion,0.48868819999999996,32000,4800,8000,0,0,87360.00000000103,4656,MAX_POSITION
2025-12-05T12:06:26.264Z,TONUSD,mean_reversion,1.5855839999999999,32000,4800,8000,0,0,87360.00000000058,4656,MAX_POSITION
2025-12-05T12:06:27.226Z,TRUMPUSD,mean_reversion,5.872866999999999,32000,4800,8000,0,0,87360.00000000051,4656,MAX_POSITION
2025-12-05T12:06:28.449Z,MORPHO/USD,vwap_pullback,1.36510374,32000,4800,8000,0,3410.7297955245513,4656,4656,PASS
2025-12-05T12:06:29.313Z,USDCHF,vwap_pullback,0.80441361,32000,4800,8000,0,0,179410.60465115655,4656,MAX_POSITION
2025-12-05T12:06:30.961Z,XXRPZCAD,mean_reversion,2.88909621,32000,4800,8000,0,0,87360.0000000006,4656,MAX_POSITION
2025-12-05T12:06:32.435Z,XXRPZEUR,mean_reversion,1.7784366599999997,32000,4800,8000,0,0,87360.0000000007,4656,MAX_POSITION
2025-12-05T12:06:33.500Z,ADAAUD,mean_reversion,0.6494087599999999,32000,4800,8000,0,0,87360.00000000057,4656,MAX_POSITION
2025-12-05T12:06:33.963Z,XRPGBP,mean_reversion,1.5520504999999998,32000,4800,8000,0,0,87360.00000000055,4656,MAX_POSITION
2025-12-05T12:06:34.461Z,AKTEUR,mean_reversion,0.38988949999999994,32000,4800,8000,0,0,87360.00000000175,4656,MAX_POSITION
2025-12-05T12:06:35.235Z,XRPRLUSD,mean_reversion,2.0702081399999996,32000,4800,8000,0,0,87360.00000000186,4656,MAX_POSITION
2025-12-05T12:06:35.684Z,ATOMEUR,mean_reversion,1.9428408999999998,32000,4800,8000,0,0,87360.00000000122,4656,MAX_POSITION
2025-12-05T12:06:36.197Z,XRPUSDT,mean_reversion,2.0701781099999996,32000,4800,8000,0,0,87360.00000000097,4656,MAX_POSITION
2025-12-05T12:06:36.946Z,AUDUSD,vwap_pullback,0.6637230599999999,32000,4800,8000,0,0,46205.71545630489,4656,MAX_POSITION
2025-12-05T12:06:37.218Z,XTZEUR,mean_reversion,0.42062019999999994,32000,4800,8000,0,0,87360.0000000017,4656,MAX_POSITION
2025-12-05T12:06:38.187Z,CAKEUSD,mean_reversion,2.3123099999999996,32000,4800,8000,0,0,87360.00000000175,4656,MAX_POSITION
2025-12-05T12:06:38.623Z,XTZUSD,mean_reversion,0.48868819999999996,32000,4800,8000,0,0,87360.00000000103,4656,MAX_POSITION
2025-12-05T12:06:39.176Z,CVXUSD,mean_reversion,1.8248229999999999,32000,4800,8000,0,0,87360.00000000054,4656,MAX_POSITION
2025-12-05T12:06:40.726Z,DOTEUR,mean_reversion,1.9209189999999998,32000,4800,8000,0,0,87360.00000000073,4656,MAX_POSITION
2025-12-05T12:06:40.813Z,TON/EUR,vwap_pullback,1.363362,32000,4800,8000,0,3415.087115527644,4656,4656,PASS
2025-12-05T12:06:41.969Z,ADAAUD,mean_reversion,0.6494087599999999,32000,4800,8000,0,0,87360.00000000057,4656,MAX_POSITION
2025-12-05T12:06:41.985Z,DOTGBP,mean_reversion,1.6714697999999997,32000,4800,8000,0,0,87360.00000000083,4656,MAX_POSITION
2025-12-05T12:06:42.924Z,DOTUSDC,mean_reversion,2.2362339999999996,32000,4800,8000,0,0,87360.00000000202,4656,MAX_POSITION
2025-12-05T12:06:43.235Z,AKTEUR,mean_reversion,0.38988949999999994,32000,4800,8000,0,0,87360.00000000175,4656,MAX_POSITION
2025-12-05T12:06:44.188Z,DOTUSDT,mean_reversion,2.2340317999999995,32000,4800,8000,0,0,87360.00000000172,4656,MAX_POSITION
2025-12-05T12:06:44.452Z,ATOMEUR,mean_reversion,1.9428408999999998,32000,4800,8000,0,0,87360.00000000122,4656,MAX_POSITION
2025-12-05T12:06:45.007Z,SOL/EUR,vwap_pullback,117.59747999999999,32000,4800,8000,0,39.592685149375654,4656,4656,PASS
2025-12-05T12:06:45.137Z,XETCZUSD,mean_reversion,13.488474999999998,32000,4800,8000,0,0,87360.000000001,4656,MAX_POSITION
2025-12-05T12:06:45.665Z,AUDUSD,vwap_pullback,0.6637230599999999,32000,4800,8000,0,0,46205.71545630489,4656,MAX_POSITION
2025-12-05T12:06:46.139Z,ETHFIEUR,mean_reversion,0.6906899999999999,32000,4800,8000,0,0,87360.00000000016,4656,MAX_POSITION
2025-12-05T12:06:46.664Z,CAKEUSD,mean_reversion,2.3123099999999996,32000,4800,8000,0,0,87360.00000000175,4656,MAX_POSITION
2025-12-05T12:06:47.131Z,EULEUR,mean_reversion,3.3213179999999998,32000,4800,8000,0,0,87360.00000000019,4656,MAX_POSITION
2025-12-05T12:06:48.006Z,CVXUSD,mean_reversion,1.8248229999999999,32000,4800,8000,0,0,87360.00000000054,4656,MAX_POSITION
2025-12-05T12:06:49.326Z,DOTEUR,mean_reversion,1.9209189999999998,32000,4800,8000,0,0,87360.00000000073,4656,MAX_POSITION
2025-12-05T12:06:50.334Z,DOTGBP,mean_reversion,1.6714697999999997,32000,4800,8000,0,0,87360.00000000083,4656,MAX_POSITION
2025-12-05T12:06:50.565Z,EWTUSD,mean_reversion,0.6886879999999999,32000,4800,8000,0,0,87360.00000000105,4656,MAX_POSITION
2025-12-05T12:06:51.303Z,DOTUSDC,mean_reversion,2.2362339999999996,32000,4800,8000,0,0,87360.00000000202,4656,MAX_POSITION
2025-12-05T12:06:52.091Z,FORTHUSD,mean_reversion,1.7357339999999999,32000,4800,8000,0,0,87360.00000000086,4656,MAX_POSITION
2025-12-05T12:06:52.821Z,DOTUSDT,mean_reversion,2.2340317999999995,32000,4800,8000,0,0,87360.00000000172,4656,MAX_POSITION
2025-12-05T12:06:53.339Z,FXSUSD,mean_reversion,0.805805,32000,4800,8000,0,0,87360.00000000052,4656,MAX_POSITION
2025-12-05T12:06:54.143Z,XETCZUSD,mean_reversion,13.488474999999998,32000,4800,8000,0,0,87360.000000001,4656,MAX_POSITION
2025-12-05T12:06:54.702Z,KSMUSD,mean_reversion,8.42842,32000,4800,8000,0,0,87359.99999999985,4656,MAX_POSITION
2025-12-05T12:06:55.127Z,ETHFIEUR,mean_reversion,0.6906899999999999,32000,4800,8000,0,0,87360.00000000016,4656,MAX_POSITION
2025-12-05T12:06:56.123Z,LINKEUR,vwap_pullback,12.062750699999999,32000,4800,8000,0,0,47299.872427071394,4656,MAX_POSITION
2025-12-05T12:06:56.699Z,EULEUR,mean_reversion,3.3213179999999998,32000,4800,8000,0,0,87360.00000000019,4656,MAX_POSITION
2025-12-05T12:06:57.332Z,LINKUSD,vwap_pullback,14.063789739999999,32000,4800,8000,0,0,77054.5508599957,4656,MAX_POSITION
2025-12-05T12:06:58.869Z,LINKUSDC,vwap_pullback,14.079075009999997,32000,4800,8000,0,0,69073.53263875944,4656,MAX_POSITION
2025-12-05T12:06:59.860Z,EWTUSD,mean_reversion,0.6886879999999999,32000,4800,8000,0,0,87360.00000000105,4656,MAX_POSITION
2025-12-05T12:07:00.103Z,LINKUSDT,vwap_pullback,14.056522479999998,32000,4800,8000,0,0,82370.63198648157,4656,MAX_POSITION
2025-12-05T12:07:00.450Z,LTC/EUR,vwap_pullback,70.70062999999999,32000,4800,8000,0,65.85514160199139,4656,4656,PASS
2025-12-05T12:07:01.371Z,XLTCZEUR,mean_reversion,70.70062999999999,32000,4800,8000,0,0,87360.00000000077,4656,MAX_POSITION
2025-12-05T12:07:01.428Z,FORTHUSD,mean_reversion,1.7357339999999999,32000,4800,8000,0,0,87360.00000000086,4656,MAX_POSITION
2025-12-05T12:07:02.018Z,GRASS/USD,vwap_bounce,0.30740709999999993,32000,4800,8000,0,15146.039242424788,4656,4656,PASS
2025-12-05T12:07:02.453Z,FXSUSD,mean_reversion,0.805805,32000,4800,8000,0,0,87360.00000000052,4656,MAX_POSITION
2025-12-05T12:07:02.876Z,XLTCZUSD,mean_reversion,82.25216999999999,32000,4800,8000,0,0,87360.0000000002,4656,MAX_POSITION
2025-12-05T12:07:04.060Z,KSMUSD,mean_reversion,8.42842,32000,4800,8000,0,0,87359.99999999985,4656,MAX_POSITION
2025-12-05T12:07:04.188Z,MASKEUR,mean_reversion,0.5805799999999999,32000,4800,8000,0,0,87360.00000000077,4656,MAX_POSITION
2025-12-05T12:07:05.527Z,LINKEUR,vwap_pullback,12.062750699999999,32000,4800,8000,0,0,47299.872427071394,4656,MAX_POSITION
2025-12-05T12:07:05.640Z,BAND/USD,range_trading,0.40540499999999996,32000,4800,8000,0,11484.811484811486,4656,4656,PASS
2025-12-05T12:07:06.995Z,LINKUSD,vwap_pullback,14.063789739999999,32000,4800,8000,0,0,77054.5508599957,4656,MAX_POSITION
2025-12-05T12:07:07.650Z,MEUSD,mean_reversion,0.3362358999999999,32000,4800,8000,0,0,87360.00000000127,4656,MAX_POSITION
2025-12-05T12:07:08.128Z,LINKUSDC,vwap_pullback,14.079075009999997,32000,4800,8000,0,0,69073.53263875944,4656,MAX_POSITION
2025-12-05T12:07:09.093Z,LINKUSDT,vwap_pullback,14.056522479999998,32000,4800,8000,0,0,82370.63198648157,4656,MAX_POSITION
2025-12-05T12:07:09.585Z,NANOEUR,mean_reversion,0.707725018,32000,4800,8000,0,0,87360.00000000016,4656,MAX_POSITION
2025-12-05T12:07:09.797Z,SOSO/USD,vwap_pullback,0.6080074,32000,4800,8000,0,7657.801533336601,4656,4656,PASS
2025-12-05T12:07:10.477Z,NANOUSD,mean_reversion,0.8168880719999999,32000,4800,8000,0,0,87360.00000000096,4656,MAX_POSITION
2025-12-05T12:07:10.661Z,XLTCZEUR,mean_reversion,70.61054,32000,4800,8000,0,0,87360.00000000097,4656,MAX_POSITION
2025-12-05T12:07:11.806Z,XLTCZUSD,mean_reversion,82.25216999999999,32000,4800,8000,0,0,87360.0000000002,4656,MAX_POSITION
2025-12-05T12:07:12.237Z,ADAAUD,mean_reversion,0.6494087599999999,32000,4800,8000,0,0,87360.00000000057,4656,MAX_POSITION
2025-12-05T12:07:12.938Z,NOSUSD,mean_reversion,0.266266,32000,4800,8000,0,0,87360.00000000048,4656,MAX_POSITION
2025-12-05T12:07:13.150Z,MASKEUR,mean_reversion,0.5805799999999999,32000,4800,8000,0,0,87360.00000000077,4656,MAX_POSITION
2025-12-05T12:07:13.960Z,OPEUR,mean_reversion,0.2720718,32000,4800,8000,0,0,87360.00000000038,4656,MAX_POSITION
2025-12-05T12:07:14.423Z,AKTEUR,mean_reversion,0.38988949999999994,32000,4800,8000,0,0,87360.00000000175,4656,MAX_POSITION
2025-12-05T12:07:14.990Z,MEUSD,mean_reversion,0.3362358999999999,32000,4800,8000,0,0,87360.00000000127,4656,MAX_POSITION
2025-12-05T12:07:15.222Z,OPUSD,mean_reversion,0.31691659999999994,32000,4800,8000,0,0,87360.00000000131,4656,MAX_POSITION
2025-12-05T12:07:15.490Z,ATOMEUR,mean_reversion,1.9428408999999998,32000,4800,8000,0,0,87360.00000000122,4656,MAX_POSITION
2025-12-05T12:07:16.235Z,PROVEEUR,mean_reversion,0.39519479999999996,32000,4800,8000,0,0,87360.0000000004,4656,MAX_POSITION
2025-12-05T12:07:16.525Z,NANOEUR,mean_reversion,0.707725018,32000,4800,8000,0,0,87360.00000000016,4656,MAX_POSITION
2025-12-05T12:07:16.631Z,AUDUSD,vwap_pullback,0.6637230599999999,32000,4800,8000,0,0,46205.71545630489,4656,MAX_POSITION
2025-12-05T12:07:17.531Z,RUNEEUR,mean_reversion,0.5685679999999999,32000,4800,8000,0,0,87360.00000000109,4656,MAX_POSITION
2025-12-05T12:07:18.350Z,NANOUSD,mean_reversion,0.8168880719999999,32000,4800,8000,0,0,87360.00000000096,4656,MAX_POSITION
2025-12-05T12:07:18.433Z,CAKEUSD,mean_reversion,2.3123099999999996,32000,4800,8000,0,0,87360.00000000175,4656,MAX_POSITION
2025-12-05T12:07:18.550Z,SOL/GBP,vwap_pullback,102.58247999999999,32000,4800,8000,0,45.38786740191893,4656,4656,PASS
2025-12-05T12:07:19.243Z,RUNEUSD,mean_reversion,0.6606599999999999,32000,4800,8000,0,0,87360.0000000008,4656,MAX_POSITION
2025-12-05T12:07:19.442Z,CVXUSD,mean_reversion,1.8248229999999999,32000,4800,8000,0,0,87360.00000000054,4656,MAX_POSITION
2025-12-05T12:07:19.566Z,NOSUSD,mean_reversion,0.266266,32000,4800,8000,0,0,87360.00000000048,4656,MAX_POSITION
2025-12-05T12:07:20.766Z,OPEUR,mean_reversion,0.2720718,32000,4800,8000,0,0,87360.00000000038,4656,MAX_POSITION
2025-12-05T12:07:20.767Z,SOSOUSD,mean_reversion,0.6080074,32000,4800,8000,0,0,87360.00000000067,4656,MAX_POSITION
2025-12-05T12:07:20.913Z,DOTEUR,mean_reversion,1.9209189999999998,32000,4800,8000,0,0,87360.00000000073,4656,MAX_POSITION
2025-12-05T12:07:21.777Z,TONEUR,mean_reversion,1.363362,32000,4800,8000,0,0,87360.00000000099,4656,MAX_POSITION
2025-12-05T12:07:21.935Z,DOTGBP,mean_reversion,1.6714697999999997,32000,4800,8000,0,0,87360.00000000083,4656,MAX_POSITION
2025-12-05T12:07:21.950Z,OPUSD,mean_reversion,0.31691659999999994,32000,4800,8000,0,0,87360.00000000131,4656,MAX_POSITION
2025-12-05T12:07:22.989Z,PROVEEUR,mean_reversion,0.39519479999999996,32000,4800,8000,0,0,87360.0000000004,4656,MAX_POSITION
2025-12-05T12:07:23.054Z,TONUSD,mean_reversion,1.5855839999999999,32000,4800,8000,0,0,87360.00000000058,4656,MAX_POSITION
2025-12-05T12:07:23.210Z,DOTUSDC,mean_reversion,2.2362339999999996,32000,4800,8000,0,0,87360.00000000202,4656,MAX_POSITION
2025-12-05T12:07:24.293Z,RUNEEUR,mean_reversion,0.5685679999999999,32000,4800,8000,0,0,87360.00000000109,4656,MAX_POSITION
2025-12-05T12:07:24.379Z,TRUMPUSD,mean_reversion,5.877871999999999,32000,4800,8000,0,0,87360.0000000009,4656,MAX_POSITION
2025-12-05T12:07:24.562Z,DOTUSDT,mean_reversion,2.2340317999999995,32000,4800,8000,0,0,87360.00000000172,4656,MAX_POSITION
2025-12-05T12:07:24.925Z,TON/EUR,vwap_pullback,1.363362,32000,4800,8000,0,3415.087115527644,4656,4656,PASS
2025-12-05T12:07:25.557Z,RUNEUSD,mean_reversion,0.6606599999999999,32000,4800,8000,0,0,87360.0000000008,4656,MAX_POSITION
2025-12-05T12:07:26.091Z,XETCZUSD,mean_reversion,13.488474999999998,32000,4800,8000,0,0,87360.000000001,4656,MAX_POSITION
2025-12-05T12:07:26.718Z,USDCHF,vwap_pullback,0.8042134099999999,32000,4800,8000,0,0,188115.5121951194,4656,MAX_POSITION
2025-12-05T12:07:26.974Z,SOSOUSD,mean_reversion,0.6080074,32000,4800,8000,0,0,87360.00000000067,4656,MAX_POSITION
2025-12-05T12:07:27.717Z,ETHFIEUR,mean_reversion,0.6906899999999999,32000,4800,8000,0,0,87360.00000000016,4656,MAX_POSITION
2025-12-05T12:07:28.117Z,XXRPZCAD,mean_reversion,2.88909621,32000,4800,8000,0,0,87360.0000000006,4656,MAX_POSITION
2025-12-05T12:07:28.334Z,TONEUR,mean_reversion,1.363362,32000,4800,8000,0,0,87360.00000000099,4656,MAX_POSITION
2025-12-05T12:07:29.090Z,EULEUR,mean_reversion,3.3213179999999998,32000,4800,8000,0,0,87360.00000000019,4656,MAX_POSITION
2025-12-05T12:07:29.322Z,TONUSD,mean_reversion,1.5855839999999999,32000,4800,8000,0,0,87360.00000000058,4656,MAX_POSITION
2025-12-05T12:07:29.532Z,SOL/EUR,range_trading,117.54742999999999,32000,4800,8000,0,39.609543143563414,4656,4656,PASS
2025-12-05T12:07:29.763Z,XXRPZEUR,mean_reversion,1.7783365599999996,32000,4800,8000,0,0,87360.00000000159,4656,MAX_POSITION
2025-12-05T12:07:30.901Z,TRUMPUSD,mean_reversion,5.877871999999999,32000,4800,8000,0,0,87360.0000000009,4656,MAX_POSITION
2025-12-05T12:07:31.098Z,EWTUSD,mean_reversion,0.6886879999999999,32000,4800,8000,0,0,87360.00000000105,4656,MAX_POSITION
2025-12-05T12:07:31.307Z,XRPGBP,mean_reversion,1.5520504999999998,32000,4800,8000,0,0,87360.00000000055,4656,MAX_POSITION
2025-12-05T12:07:32.417Z,FORTHUSD,mean_reversion,1.7357339999999999,32000,4800,8000,0,0,87360.00000000086,4656,MAX_POSITION
2025-12-05T12:07:32.675Z,XRPRLUSD,mean_reversion,2.0702081399999996,32000,4800,8000,0,0,87360.00000000186,4656,MAX_POSITION
2025-12-05T12:07:33.394Z,USDCHF,vwap_pullback,0.8042134099999999,32000,4800,8000,0,0,188115.5121951194,4656,MAX_POSITION
2025-12-05T12:07:33.793Z,FXSUSD,mean_reversion,0.805805,32000,4800,8000,0,0,87360.00000000052,4656,MAX_POSITION
2025-12-05T12:07:33.937Z,XRPUSDT,mean_reversion,2.07067861,32000,4800,8000,0,0,87360.00000000144,4656,MAX_POSITION
2025-12-05T12:07:34.698Z,XXRPZCAD,mean_reversion,2.88909621,32000,4800,8000,0,0,87360.0000000006,4656,MAX_POSITION
2025-12-05T12:07:35.226Z,KSMUSD,mean_reversion,8.42842,32000,4800,8000,0,0,87359.99999999985,4656,MAX_POSITION
2025-12-05T12:07:35.263Z,XTZEUR,mean_reversion,0.42062019999999994,32000,4800,8000,0,0,87360.0000000017,4656,MAX_POSITION
2025-12-05T12:07:36.221Z,LINKEUR,vwap_pullback,12.075613549999998,32000,4800,8000,0,0,44986.98744532769,4656,MAX_POSITION
2025-12-05T12:07:36.338Z,XXRPZEUR,mean_reversion,1.7783365599999996,32000,4800,8000,0,0,87360.00000000159,4656,MAX_POSITION
2025-12-05T12:07:36.640Z,XTZUSD,mean_reversion,0.48868819999999996,32000,4800,8000,0,0,87360.00000000103,4656,MAX_POSITION
2025-12-05T12:07:37.435Z,LINKUSD,vwap_pullback,14.063789739999999,32000,4800,8000,0,0,77054.5508599957,4656,MAX_POSITION
2025-12-05T12:07:37.588Z,XRPGBP,mean_reversion,1.5520504999999998,32000,4800,8000,0,0,87360.00000000055,4656,MAX_POSITION
2025-12-05T12:07:38.714Z,LINKUSDC,vwap_pullback,14.079075009999997,32000,4800,8000,0,0,69073.53263875944,4656,MAX_POSITION
2025-12-05T12:07:38.852Z,XRPRLUSD,mean_reversion,2.0702081399999996,32000,4800,8000,0,0,87360.00000000186,4656,MAX_POSITION
2025-12-05T12:07:39.700Z,LINKUSDT,vwap_pullback,14.056522479999998,32000,4800,8000,0,0,82370.63198648157,4656,MAX_POSITION
2025-12-05T12:07:40.442Z,XRPUSDT,mean_reversion,2.07067861,32000,4800,8000,0,0,87360.00000000144,4656,MAX_POSITION
2025-12-05T12:07:40.699Z,XLTCZEUR,mean_reversion,70.66059,32000,4800,8000,0,0,87360.00000000051,4656,MAX_POSITION
2025-12-05T12:07:41.742Z,XTZEUR,mean_reversion,0.42062019999999994,32000,4800,8000,0,0,87360.0000000017,4656,MAX_POSITION
2025-12-05T12:07:41.957Z,XLTCZUSD,mean_reversion,82.25216999999999,32000,4800,8000,0,0,87360.0000000002,4656,MAX_POSITION
2025-12-05T12:07:42.996Z,MASKEUR,mean_reversion,0.5805799999999999,32000,4800,8000,0,0,87360.00000000077,4656,MAX_POSITION
2025-12-05T12:07:43.242Z,XTZUSD,mean_reversion,0.48868819999999996,32000,4800,8000,0,0,87360.00000000103,4656,MAX_POSITION
2025-12-05T12:07:44.756Z,MEUSD,mean_reversion,0.3362358999999999,32000,4800,8000,0,0,87360.00000000127,4656,MAX_POSITION
2025-12-05T12:07:45.682Z,GRASS/USD,vwap_bounce,0.30740709999999993,32000,4800,8000,0,15146.039242424788,4656,4656,PASS
2025-12-05T12:07:46.712Z,NANOEUR,mean_reversion,0.707725018,32000,4800,8000,0,0,87360.00000000016,4656,MAX_POSITION
2025-12-05T12:07:48.534Z,BAND/USD,range_trading,0.40540499999999996,32000,4800,8000,0,11484.811484811486,4656,4656,PASS
2025-12-05T12:07:49.455Z,NANOUSD,mean_reversion,0.8168880719999999,32000,4800,8000,0,0,87360.00000000096,4656,MAX_POSITION
2025-12-05T12:07:50.933Z,NOSUSD,mean_reversion,0.266266,32000,4800,8000,0,0,87360.00000000048,4656,MAX_POSITION
2025-12-05T12:07:52.251Z,OPEUR,mean_reversion,0.2720718,32000,4800,8000,0,0,87360.00000000038,4656,MAX_POSITION
2025-12-05T12:07:52.426Z,SOSO/USD,vwap_pullback,0.6080074,32000,4800,8000,0,7657.801533336601,4656,4656,PASS
2025-12-05T12:07:53.790Z,OPUSD,mean_reversion,0.31691659999999994,32000,4800,8000,0,0,87360.00000000131,4656,MAX_POSITION
2025-12-05T12:07:55.062Z,PROVEEUR,mean_reversion,0.39519479999999996,32000,4800,8000,0,0,87360.0000000004,4656,MAX_POSITION
2025-12-05T12:07:56.325Z,RUNEEUR,mean_reversion,0.5685679999999999,32000,4800,8000,0,0,87360.00000000109,4656,MAX_POSITION
2025-12-05T12:07:57.870Z,RUNEUSD,mean_reversion,0.6606599999999999,32000,4800,8000,0,0,87360.0000000008,4656,MAX_POSITION
2025-12-05T12:07:58.858Z,SOSOUSD,mean_reversion,0.6080074,32000,4800,8000,0,0,87360.00000000067,4656,MAX_POSITION
2025-12-05T12:07:59.863Z,TONEUR,mean_reversion,1.363362,32000,4800,8000,0,0,87360.00000000099,4656,MAX_POSITION
2025-12-05T12:08:01.112Z,MORPHO/EUR,vwap_pullback,1.1706394699999998,32000,4800,8000,0,3977.313356775849,4656,4656,PASS
2025-12-05T12:08:01.132Z,TONUSD,mean_reversion,1.5855839999999999,32000,4800,8000,0,0,87360.00000000058,4656,MAX_POSITION
2025-12-05T12:08:01.704Z,ADAAUD,mean_reversion,0.6494087599999999,32000,4800,8000,0,0,87360.00000000057,4656,MAX_POSITION
2025-12-05T12:08:02.704Z,SOL/GBP,vwap_pullback,102.60249999999999,32000,4800,8000,0,45.379011232669775,4656,4656,PASS
2025-12-05T12:08:02.721Z,TRUMPUSD,mean_reversion,5.877871999999999,32000,4800,8000,0,0,87360.0000000009,4656,MAX_POSITION
2025-12-05T12:08:03.853Z,AKTEUR,mean_reversion,0.38988949999999994,32000,4800,8000,0,0,87360.00000000175,4656,MAX_POSITION
2025-12-05T12:08:05.508Z,ATOMEUR,mean_reversion,1.9428408999999998,32000,4800,8000,0,0,87360.00000000122,4656,MAX_POSITION
2025-12-05T12:08:05.895Z,USDCHF,vwap_pullback,0.8042534499999999,32000,4800,8000,0,0,186307.24637680824,4656,MAX_POSITION
2025-12-05T12:08:06.521Z,AUDUSD,vwap_pullback,0.6637230599999999,32000,4800,8000,0,0,46205.71545630489,4656,MAX_POSITION
2025-12-05T12:08:07.152Z,XXRPZCAD,mean_reversion,2.88909621,32000,4800,8000,0,0,87360.0000000006,4656,MAX_POSITION
2025-12-05T12:08:07.832Z,CAKEUSD,mean_reversion,2.3123099999999996,32000,4800,8000,0,0,87360.00000000175,4656,MAX_POSITION
2025-12-05T12:08:08.685Z,XXRPZEUR,mean_reversion,1.7786768999999998,32000,4800,8000,0,0,87360.00000000096,4656,MAX_POSITION
2025-12-05T12:08:08.832Z,CVXUSD,mean_reversion,1.8248229999999999,32000,4800,8000,0,0,87360.00000000054,4656,MAX_POSITION
2025-12-05T12:08:09.832Z,XRPGBP,mean_reversion,1.5520504999999998,32000,4800,8000,0,0,87360.00000000055,4656,MAX_POSITION
2025-12-05T12:08:10.365Z,DOTEUR,mean_reversion,1.9209189999999998,32000,4800,8000,0,0,87360.00000000073,4656,MAX_POSITION
2025-12-05T12:08:11.212Z,DOTGBP,mean_reversion,1.6714697999999997,32000,4800,8000,0,0,87360.00000000083,4656,MAX_POSITION
2025-12-05T12:08:11.217Z,XRPRLUSD,mean_reversion,2.0702081399999996,32000,4800,8000,0,0,87360.00000000186,4656,MAX_POSITION
2025-12-05T12:08:11.953Z,ADAAUD,mean_reversion,0.6494087599999999,32000,4800,8000,0,0,87360.00000000057,4656,MAX_POSITION
2025-12-05T12:08:12.683Z,XRPUSDT,mean_reversion,2.07067861,32000,4800,8000,0,0,87360.00000000144,4656,MAX_POSITION
2025-12-05T12:08:12.882Z,DOTUSDC,mean_reversion,2.2362339999999996,32000,4800,8000,0,0,87360.00000000202,4656,MAX_POSITION
2025-12-05T12:08:12.987Z,AKTEUR,mean_reversion,0.38988949999999994,32000,4800,8000,0,0,87360.00000000175,4656,MAX_POSITION
2025-12-05T12:08:13.674Z,XTZEUR,mean_reversion,0.42062019999999994,32000,4800,8000,0,0,87360.0000000017,4656,MAX_POSITION
2025-12-05T12:08:14.091Z,M/EUR,vwap_pullback,1.09638529,32000,4800,8000,0,4246.682295418247,4656,4656,PASS
2025-12-05T12:08:14.387Z,DOTUSDT,mean_reversion,2.2340317999999995,32000,4800,8000,0,0,87360.00000000172,4656,MAX_POSITION
2025-12-05T12:08:14.428Z,ATOMEUR,mean_reversion,1.9428408999999998,32000,4800,8000,0,0,87360.00000000122,4656,MAX_POSITION
2025-12-05T12:08:14.672Z,XTZUSD,mean_reversion,0.48868819999999996,32000,4800,8000,0,0,87360.00000000103,4656,MAX_POSITION
2025-12-05T12:08:15.476Z,AUDUSD,vwap_pullback,0.6637230599999999,32000,4800,8000,0,0,46205.71545630489,4656,MAX_POSITION
2025-12-05T12:08:15.916Z,XETCZUSD,mean_reversion,13.488474999999998,32000,4800,8000,0,0,87360.000000001,4656,MAX_POSITION
2025-12-05T12:08:16.707Z,CAKEUSD,mean_reversion,2.3123099999999996,32000,4800,8000,0,0,87360.00000000175,4656,MAX_POSITION
2025-12-05T12:08:16.912Z,ETHFIEUR,mean_reversion,0.6906899999999999,32000,4800,8000,0,0,87360.00000000016,4656,MAX_POSITION
2025-12-05T12:08:18.733Z,EULEUR,mean_reversion,3.3213179999999998,32000,4800,8000,0,0,87360.00000000019,4656,MAX_POSITION
2025-12-05T12:08:18.752Z,CVXUSD,mean_reversion,1.8248229999999999,32000,4800,8000,0,0,87360.00000000054,4656,MAX_POSITION
2025-12-05T12:08:19.781Z,DOTEUR,mean_reversion,1.9209189999999998,32000,4800,8000,0,0,87360.00000000073,4656,MAX_POSITION
2025-12-05T12:08:20.642Z,EWTUSD,mean_reversion,0.6886879999999999,32000,4800,8000,0,0,87360.00000000105,4656,MAX_POSITION
2025-12-05T12:08:20.781Z,DOTGBP,mean_reversion,1.6714697999999997,32000,4800,8000,0,0,87360.00000000083,4656,MAX_POSITION
2025-12-05T12:08:21.713Z,GRASS/USD,vwap_bounce,0.30740709999999993,32000,4800,8000,0,15146.039242424788,4656,4656,PASS
2025-12-05T12:08:21.867Z,FORTHUSD,mean_reversion,1.7357339999999999,32000,4800,8000,0,0,87360.00000000086,4656,MAX_POSITION
2025-12-05T12:08:22.062Z,DOTUSDC,mean_reversion,2.2362339999999996,32000,4800,8000,0,0,87360.00000000202,4656,MAX_POSITION
2025-12-05T12:08:22.873Z,FXSUSD,mean_reversion,0.805805,32000,4800,8000,0,0,87360.00000000052,4656,MAX_POSITION
2025-12-05T12:08:23.542Z,DOTUSDT,mean_reversion,2.2340317999999995,32000,4800,8000,0,0,87360.00000000172,4656,MAX_POSITION
2025-12-05T12:08:24.334Z,KSMUSD,mean_reversion,8.42842,32000,4800,8000,0,0,87359.99999999985,4656,MAX_POSITION
2025-12-05T12:08:24.537Z,BAND/USD,range_trading,0.40540499999999996,32000,4800,8000,0,11484.811484811486,4656,4656,PASS
2025-12-05T12:08:25.073Z,XETCZUSD,mean_reversion,13.488474999999998,32000,4800,8000,0,0,87360.000000001,4656,MAX_POSITION
2025-12-05T12:08:25.332Z,LINKEUR,vwap_pullback,12.075613549999998,32000,4800,8000,0,0,44986.98744532769,4656,MAX_POSITION
2025-12-05T12:08:26.183Z,LINKUSD,vwap_pullback,14.063789739999999,32000,4800,8000,0,0,77054.5508599957,4656,MAX_POSITION
2025-12-05T12:08:26.364Z,ETHFIEUR,mean_reversion,0.6906899999999999,32000,4800,8000,0,0,87360.00000000016,4656,MAX_POSITION
2025-12-05T12:08:27.465Z,LINKUSDC,vwap_pullback,14.079075009999997,32000,4800,8000,0,0,69073.53263875944,4656,MAX_POSITION
2025-12-05T12:08:27.959Z,EULEUR,mean_reversion,3.3213179999999998,32000,4800,8000,0,0,87360.00000000019,4656,MAX_POSITION
2025-12-05T12:08:28.415Z,SOSO/USD,vwap_pullback,0.6080074,32000,4800,8000,0,7657.801533336601,4656,4656,PASS
2025-12-05T12:08:28.526Z,LINKUSDT,vwap_pullback,14.056522479999998,32000,4800,8000,0,0,82370.63198648157,4656,MAX_POSITION
2025-12-05T12:08:29.534Z,XLTCZEUR,mean_reversion,70.66059,32000,4800,8000,0,0,87360.00000000051,4656,MAX_POSITION
2025-12-05T12:08:30.213Z,EWTUSD,mean_reversion,0.6886879999999999,32000,4800,8000,0,0,87360.00000000105,4656,MAX_POSITION
2025-12-05T12:08:30.817Z,XLTCZUSD,mean_reversion,82.25216999999999,32000,4800,8000,0,0,87360.0000000002,4656,MAX_POSITION
2025-12-05T12:08:31.491Z,FORTHUSD,mean_reversion,1.7357339999999999,32000,4800,8000,0,0,87360.00000000086,4656,MAX_POSITION
2025-12-05T12:08:31.811Z,MASKEUR,mean_reversion,0.5805799999999999,32000,4800,8000,0,0,87360.00000000077,4656,MAX_POSITION
2025-12-05T12:08:32.791Z,FXSUSD,mean_reversion,0.805805,32000,4800,8000,0,0,87360.00000000052,4656,MAX_POSITION
2025-12-05T12:08:33.793Z,MEUSD,mean_reversion,0.3362358999999999,32000,4800,8000,0,0,87360.00000000127,4656,MAX_POSITION
2025-12-05T12:08:33.878Z,KSMUSD,mean_reversion,8.42842,32000,4800,8000,0,0,87359.99999999985,4656,MAX_POSITION
2025-12-05T12:08:35.221Z,LINKEUR,vwap_pullback,12.075613549999998,32000,4800,8000,0,0,44986.98744532769,4656,MAX_POSITION
2025-12-05T12:08:35.554Z,NANOEUR,mean_reversion,0.707725018,32000,4800,8000,0,0,87360.00000000016,4656,MAX_POSITION
2025-12-05T12:08:35.981Z,MORPHO/EUR,vwap_pullback,1.1706394699999998,32000,4800,8000,0,3977.313356775849,4656,4656,PASS
2025-12-05T12:08:36.523Z,LINKUSD,vwap_pullback,14.08702295,32000,4800,8000,0,0,68145.89793919685,4656,MAX_POSITION
2025-12-05T12:08:36.584Z,NANOUSD,mean_reversion,0.8168880719999999,32000,4800,8000,0,0,87360.00000000096,4656,MAX_POSITION
2025-12-05T12:08:37.585Z,NOSUSD,mean_reversion,0.266266,32000,4800,8000,0,0,87360.00000000048,4656,MAX_POSITION
2025-12-05T12:08:37.765Z,SOL/GBP,vwap_pullback,102.60249999999999,32000,4800,8000,0,45.379011232669775,4656,4656,PASS
2025-12-05T12:08:37.770Z,LINKUSDC,vwap_pullback,14.079075009999997,32000,4800,8000,0,0,69073.53263875944,4656,MAX_POSITION
2025-12-05T12:08:38.601Z,OPEUR,mean_reversion,0.2720718,32000,4800,8000,0,0,87360.00000000038,4656,MAX_POSITION
2025-12-05T12:08:38.788Z,LINKUSDT,vwap_pullback,14.056522479999998,32000,4800,8000,0,0,82370.63198648157,4656,MAX_POSITION
2025-12-05T12:08:39.836Z,OPUSD,mean_reversion,0.31691659999999994,32000,4800,8000,0,0,87360.00000000131,4656,MAX_POSITION
2025-12-05T12:08:40.079Z,XLTCZEUR,mean_reversion,70.66059,32000,4800,8000,0,0,87360.00000000051,4656,MAX_POSITION
2025-12-05T12:08:41.084Z,PROVEEUR,mean_reversion,0.39519479999999996,32000,4800,8000,0,0,87360.0000000004,4656,MAX_POSITION
2025-12-05T12:08:41.655Z,XLTCZUSD,mean_reversion,82.25216999999999,32000,4800,8000,0,0,87360.0000000002,4656,MAX_POSITION
2025-12-05T12:08:41.973Z,ADAAUD,mean_reversion,0.6494087599999999,32000,4800,8000,0,0,87360.00000000057,4656,MAX_POSITION
2025-12-05T12:08:42.138Z,RUNEEUR,mean_reversion,0.5685679999999999,32000,4800,8000,0,0,87360.00000000109,4656,MAX_POSITION
2025-12-05T12:08:43.190Z,MASKEUR,mean_reversion,0.5805799999999999,32000,4800,8000,0,0,87360.00000000077,4656,MAX_POSITION
2025-12-05T12:08:43.287Z,AKTEUR,mean_reversion,0.38988949999999994,32000,4800,8000,0,0,87360.00000000175,4656,MAX_POSITION
2025-12-05T12:08:43.291Z,M/EUR,vwap_pullback,1.09638529,32000,4800,8000,0,4246.682295418247,4656,4656,PASS
2025-12-05T12:08:43.836Z,RUNEUSD,mean_reversion,0.6606599999999999,32000,4800,8000,0,0,87360.0000000008,4656,MAX_POSITION
2025-12-05T12:08:44.668Z,ATOMEUR,mean_reversion,1.9428408999999998,32000,4800,8000,0,0,87360.00000000122,4656,MAX_POSITION
2025-12-05T12:08:45.174Z,MEUSD,mean_reversion,0.3362358999999999,32000,4800,8000,0,0,87360.00000000127,4656,MAX_POSITION
2025-12-05T12:08:45.574Z,SOSOUSD,mean_reversion,0.6080074,32000,4800,8000,0,0,87360.00000000067,4656,MAX_POSITION
2025-12-05T12:08:46.201Z,AUDUSD,vwap_pullback,0.6637230599999999,32000,4800,8000,0,0,46205.71545630489,4656,MAX_POSITION
2025-12-05T12:08:47.300Z,CAKEUSD,mean_reversion,2.3123099999999996,32000,4800,8000,0,0,87360.00000000175,4656,MAX_POSITION
2025-12-05T12:08:47.321Z,TONEUR,mean_reversion,1.365364,32000,4800,8000,0,0,87359.9999999999,4656,MAX_POSITION
2025-12-05T12:08:47.486Z,NANOEUR,mean_reversion,0.707725018,32000,4800,8000,0,0,87360.00000000016,4656,MAX_POSITION
2025-12-05T12:08:48.786Z,CVXUSD,mean_reversion,1.8248229999999999,32000,4800,8000,0,0,87360.00000000054,4656,MAX_POSITION
2025-12-05T12:08:48.848Z,TONUSD,mean_reversion,1.5865849999999997,32000,4800,8000,0,0,87360.00000000176,4656,MAX_POSITION
2025-12-05T12:08:48.850Z,NANOUSD,mean_reversion,0.8168880719999999,32000,4800,8000,0,0,87360.00000000096,4656,MAX_POSITION
2025-12-05T12:08:49.874Z,TRUMPUSD,mean_reversion,5.878873,32000,4800,8000,0,0,87360.00000000124,4656,MAX_POSITION
2025-12-05T12:08:49.991Z,DOTEUR,mean_reversion,1.9209189999999998,32000,4800,8000,0,0,87360.00000000073,4656,MAX_POSITION
2025-12-05T12:08:50.109Z,NOSUSD,mean_reversion,0.266266,32000,4800,8000,0,0,87360.00000000048,4656,MAX_POSITION
2025-12-05T12:08:50.604Z,LTC/EUR,vwap_pullback,70.71064,32000,4800,8000,0,65.84581896020175,4656,4656,PASS
2025-12-05T12:08:51.092Z,DOTGBP,mean_reversion,1.6714697999999997,32000,4800,8000,0,0,87360.00000000083,4656,MAX_POSITION
2025-12-05T12:08:51.124Z,OPEUR,mean_reversion,0.2720718,32000,4800,8000,0,0,87360.00000000038,4656,MAX_POSITION
2025-12-05T12:08:51.537Z,USDCHF,vwap_pullback,0.8044436399999999,32000,4800,8000,0,0,178174.22632794236,4656,MAX_POSITION
2025-12-05T12:08:52.373Z,DOTUSDC,mean_reversion,2.2362339999999996,32000,4800,8000,0,0,87360.00000000202,4656,MAX_POSITION
2025-12-05T12:08:52.395Z,OPUSD,mean_reversion,0.31691659999999994,32000,4800,8000,0,0,87360.00000000131,4656,MAX_POSITION
2025-12-05T12:08:52.692Z,GRASS/USD,vwap_bounce,0.30740709999999993,32000,4800,8000,0,15146.039242424788,4656,4656,PASS
2025-12-05T12:08:52.840Z,XXRPZCAD,mean_reversion,2.88909621,32000,4800,8000,0,0,87360.0000000006,4656,MAX_POSITION
2025-12-05T12:08:53.660Z,PROVEEUR,mean_reversion,0.39519479999999996,32000,4800,8000,0,0,87360.0000000004,4656,MAX_POSITION
2025-12-05T12:08:53.709Z,DOTUSDT,mean_reversion,2.2340317999999995,32000,4800,8000,0,0,87360.00000000172,4656,MAX_POSITION
2025-12-05T12:08:53.819Z,XXRPZEUR,mean_reversion,1.7786768999999998,32000,4800,8000,0,0,87360.00000000096,4656,MAX_POSITION
2025-12-05T12:08:54.956Z,XETCZUSD,mean_reversion,13.488474999999998,32000,4800,8000,0,0,87360.000000001,4656,MAX_POSITION
2025-12-05T12:08:54.973Z,RUNEEUR,mean_reversion,0.5685679999999999,32000,4800,8000,0,0,87360.00000000109,4656,MAX_POSITION
2025-12-05T12:08:55.120Z,XRPGBP,mean_reversion,1.5544528999999998,32000,4800,8000,0,0,87360.00000000121,4656,MAX_POSITION
2025-12-05T12:08:55.259Z,BAND/USD,range_trading,0.40540499999999996,32000,4800,8000,0,11484.811484811486,4656,4656,PASS
2025-12-05T12:08:56.338Z,RUNEUSD,mean_reversion,0.6606599999999999,32000,4800,8000,0,0,87360.0000000008,4656,MAX_POSITION
2025-12-05T12:08:56.382Z,XRPRLUSD,mean_reversion,2.0702081399999996,32000,4800,8000,0,0,87360.00000000186,4656,MAX_POSITION
2025-12-05T12:08:57.422Z,ETHFIEUR,mean_reversion,0.6906899999999999,32000,4800,8000,0,0,87360.00000000016,4656,MAX_POSITION
2025-12-05T12:08:57.428Z,SOSOUSD,mean_reversion,0.6080074,32000,4800,8000,0,0,87360.00000000067,4656,MAX_POSITION
2025-12-05T12:08:57.749Z,XRPUSDT,mean_reversion,2.07382175,32000,4800,8000,0,0,87360.00000000092,4656,MAX_POSITION
2025-12-05T12:08:58.438Z,TONEUR,mean_reversion,1.365364,32000,4800,8000,0,0,87359.9999999999,4656,MAX_POSITION
2025-12-05T12:08:58.711Z,EULEUR,mean_reversion,3.3213179999999998,32000,4800,8000,0,0,87360.00000000019,4656,MAX_POSITION
2025-12-05T12:08:59.106Z,XTZEUR,mean_reversion,0.42062019999999994,32000,4800,8000,0,0,87360.0000000017,4656,MAX_POSITION
2025-12-05T12:08:59.904Z,TONUSD,mean_reversion,1.5865849999999997,32000,4800,8000,0,0,87360.00000000176,4656,MAX_POSITION
2025-12-05T12:09:00.028Z,SOSO/USD,vwap_pullback,0.6080074,32000,4800,8000,0,7657.801533336601,4656,4656,PASS
2025-12-05T12:09:00.385Z,EWTUSD,mean_reversion,0.6886879999999999,32000,4800,8000,0,0,87360.00000000105,4656,MAX_POSITION
2025-12-05T12:09:00.590Z,XTZUSD,mean_reversion,0.48868819999999996,32000,4800,8000,0,0,87360.00000000103,4656,MAX_POSITION
2025-12-05T12:09:01.230Z,TRUMPUSD,mean_reversion,5.878873,32000,4800,8000,0,0,87360.00000000124,4656,MAX_POSITION
2025-12-05T12:09:02.023Z,FORTHUSD,mean_reversion,1.7357339999999999,32000,4800,8000,0,0,87360.00000000086,4656,MAX_POSITION
2025-12-05T12:09:03.036Z,FXSUSD,mean_reversion,0.805805,32000,4800,8000,0,0,87360.00000000052,4656,MAX_POSITION
2025-12-05T12:09:03.820Z,USDCHF,vwap_pullback,0.8044436399999999,32000,4800,8000,0,0,178174.22632794236,4656,MAX_POSITION
2025-12-05T12:09:04.275Z,KSMUSD,mean_reversion,8.42842,32000,4800,8000,0,0,87359.99999999985,4656,MAX_POSITION
2025-12-05T12:09:05.131Z,XXRPZCAD,mean_reversion,2.88909621,32000,4800,8000,0,0,87360.0000000006,4656,MAX_POSITION
2025-12-05T12:09:05.548Z,LINKUSD,vwap_pullback,14.093669589999998,32000,4800,8000,0,0,65968.61356569162,4656,MAX_POSITION
2025-12-05T12:09:06.015Z,XXRPZEUR,mean_reversion,1.78042865,32000,4800,8000,0,0,87360.00000000086,4656,MAX_POSITION
2025-12-05T12:09:06.540Z,LINKUSDC,vwap_pullback,14.079075009999997,32000,4800,8000,0,0,69073.53263875944,4656,MAX_POSITION
2025-12-05T12:09:07.052Z,XRPGBP,mean_reversion,1.5544528999999998,32000,4800,8000,0,0,87360.00000000121,4656,MAX_POSITION
2025-12-05T12:09:07.499Z,MORPHO/EUR,vwap_pullback,1.1706394699999998,32000,4800,8000,0,3977.313356775849,4656,4656,PASS
2025-12-05T12:09:07.774Z,LINKUSDT,vwap_pullback,14.056522479999998,32000,4800,8000,0,0,82370.63198648157,4656,MAX_POSITION
2025-12-05T12:09:08.314Z,XRPRLUSD,mean_reversion,2.0702081399999996,32000,4800,8000,0,0,87360.00000000186,4656,MAX_POSITION
2025-12-05T12:09:08.737Z,XLTCZEUR,mean_reversion,70.71064,32000,4800,8000,0,0,87360.00000000004,4656,MAX_POSITION
2025-12-05T12:09:09.193Z,SOL/GBP,vwap_pullback,102.60249999999999,32000,4800,8000,0,45.379011232669775,4656,4656,PASS
2025-12-05T12:09:10.020Z,XLTCZUSD,mean_reversion,82.27219,32000,4800,8000,0,0,87360.00000000032,4656,MAX_POSITION
2025-12-05T12:09:10.280Z,XRPUSDT,mean_reversion,2.07382175,32000,4800,8000,0,0,87360.00000000092,4656,MAX_POSITION
2025-12-05T12:09:11.298Z,MASKEUR,mean_reversion,0.5805799999999999,32000,4800,8000,0,0,87360.00000000077,4656,MAX_POSITION
2025-12-05T12:09:11.324Z,XTZEUR,mean_reversion,0.42062019999999994,32000,4800,8000,0,0,87360.0000000017,4656,MAX_POSITION
2025-12-05T12:09:12.644Z,XTZUSD,mean_reversion,0.48868819999999996,32000,4800,8000,0,0,87360.00000000103,4656,MAX_POSITION
2025-12-05T12:09:13.213Z,MEUSD,mean_reversion,0.3362358999999999,32000,4800,8000,0,0,87360.00000000127,4656,MAX_POSITION
2025-12-05T12:09:15.700Z,NANOEUR,mean_reversion,0.707725018,32000,4800,8000,0,0,87360.00000000016,4656,MAX_POSITION
2025-12-05T12:09:16.287Z,LTC/EUR,vwap_pullback,70.71064,32000,4800,8000,0,65.84581896020175,4656,4656,PASS
2025-12-05T12:09:17.245Z,NANOUSD,mean_reversion,0.8157429279999999,32000,4800,8000,0,0,87360.00000000025,4656,MAX_POSITION
2025-12-05T12:09:18.660Z,GRASS/USD,vwap_bounce,0.30740709999999993,32000,4800,8000,0,15146.039242424788,4656,4656,PASS
2025-12-05T12:09:18.868Z,NOSUSD,mean_reversion,0.266266,32000,4800,8000,0,0,87360.00000000048,4656,MAX_POSITION
2025-12-05T12:09:20.147Z,OPEUR,mean_reversion,0.2720718,32000,4800,8000,0,0,87360.00000000038,4656,MAX_POSITION
2025-12-05T12:09:20.446Z,BAND/USD,range_trading,0.40540499999999996,32000,4800,8000,0,11484.811484811486,4656,4656,PASS
2025-12-05T12:09:21.403Z,OPUSD,mean_reversion,0.31691659999999994,32000,4800,8000,0,0,87360.00000000131,4656,MAX_POSITION
2025-12-05T12:09:22.687Z,PROVEEUR,mean_reversion,0.39519479999999996,32000,4800,8000,0,0,87360.0000000004,4656,MAX_POSITION
2025-12-05T12:09:23.731Z,RUNEEUR,mean_reversion,0.5685679999999999,32000,4800,8000,0,0,87360.00000000109,4656,MAX_POSITION
2025-12-05T12:09:24.635Z,SOSO/USD,vwap_pullback,0.6080074,32000,4800,8000,0,7657.801533336601,4656,4656,PASS
2025-12-05T12:09:25.002Z,RUNEUSD,mean_reversion,0.6606599999999999,32000,4800,8000,0,0,87360.0000000008,4656,MAX_POSITION
2025-12-05T12:09:26.516Z,SOSOUSD,mean_reversion,0.6080074,32000,4800,8000,0,0,87360.00000000067,4656,MAX_POSITION
2025-12-05T12:09:28.109Z,TONEUR,mean_reversion,1.365364,32000,4800,8000,0,0,87359.9999999999,4656,MAX_POSITION
2025-12-05T12:09:29.377Z,TONUSD,mean_reversion,1.587586,32000,4800,8000,0,0,87360.00000000074,4656,MAX_POSITION
2025-12-05T12:09:31.188Z,TRUMPUSD,mean_reversion,5.878873,32000,4800,8000,0,0,87360.00000000124,4656,MAX_POSITION
2025-12-05T12:09:31.764Z,MORPHO/EUR,vwap_pullback,1.1706394699999998,32000,4800,8000,0,3977.313356775849,4656,4656,PASS
2025-12-05T12:09:31.813Z,ADAAUD,mean_reversion,0.6494087599999999,32000,4800,8000,0,0,87360.00000000057,4656,MAX_POSITION
2025-12-05T12:09:33.405Z,AKTEUR,mean_reversion,0.38988949999999994,32000,4800,8000,0,0,87360.00000000175,4656,MAX_POSITION
2025-12-05T12:09:33.814Z,SOL/GBP,vwap_pullback,102.71260999999998,32000,4800,8000,0,45.33036401275365,4656,4656,PASS
2025-12-05T12:09:33.846Z,USDCHF,vwap_pullback,0.8044836799999998,32000,4800,8000,0,0,176552.12814645463,4656,MAX_POSITION
2025-12-05T12:09:34.379Z,ATOMEUR,mean_reversion,1.9428408999999998,32000,4800,8000,0,0,87360.00000000122,4656,MAX_POSITION
2025-12-05T12:09:34.891Z,XXRPZCAD,mean_reversion,2.88909621,32000,4800,8000,0,0,87360.0000000006,4656,MAX_POSITION
2025-12-05T12:09:35.703Z,AUDUSD,vwap_pullback,0.6636930299999999,32000,4800,8000,0,0,46305.41447127432,4656,MAX_POSITION
2025-12-05T12:09:36.158Z,XXRPZEUR,mean_reversion,1.7800482699999998,32000,4800,8000,0,0,87360.00000000143,4656,MAX_POSITION
2025-12-05T12:09:37.003Z,CAKEUSD,mean_reversion,2.3123099999999996,32000,4800,8000,0,0,87360.00000000175,4656,MAX_POSITION
2025-12-05T12:09:37.507Z,XRPGBP,mean_reversion,1.5544528999999998,32000,4800,8000,0,0,87360.00000000121,4656,MAX_POSITION
2025-12-05T12:09:38.269Z,CVXUSD,mean_reversion,1.8248229999999999,32000,4800,8000,0,0,87360.00000000054,4656,MAX_POSITION
2025-12-05T12:09:38.771Z,XRPRLUSD,mean_reversion,2.0702081399999996,32000,4800,8000,0,0,87360.00000000186,4656,MAX_POSITION
2025-12-05T12:09:39.494Z,DOTEUR,mean_reversion,1.9209189999999998,32000,4800,8000,0,0,87360.00000000073,4656,MAX_POSITION
2025-12-05T12:09:40.532Z,SOSO/USD,vwap_pullback,0.6080074,32000,4800,8000,0,7657.801533336601,4656,4656,PASS
2025-12-05T12:09:41.008Z,DOTGBP,mean_reversion,1.6714697999999997,32000,4800,8000,0,0,87360.00000000083,4656,MAX_POSITION
2025-12-05T12:09:41.944Z,XRPUSDT,mean_reversion,2.07382175,32000,4800,8000,0,0,87360.00000000092,4656,MAX_POSITION
2025-12-05T12:09:41.976Z,ADAAUD,mean_reversion,0.6494087599999999,32000,4800,8000,0,0,87360.00000000057,4656,MAX_POSITION
2025-12-05T12:09:42.302Z,DOTUSDC,mean_reversion,2.2351328999999995,32000,4800,8000,0,0,87360.00000000108,4656,MAX_POSITION
2025-12-05T12:09:43.045Z,XTZEUR,mean_reversion,0.42062019999999994,32000,4800,8000,0,0,87360.0000000017,4656,MAX_POSITION
2025-12-05T12:09:43.238Z,AKTEUR,mean_reversion,0.38988949999999994,32000,4800,8000,0,0,87360.00000000175,4656,MAX_POSITION
2025-12-05T12:09:43.655Z,DOTUSDT,mean_reversion,2.2340317999999995,32000,4800,8000,0,0,87360.00000000172,4656,MAX_POSITION
2025-12-05T12:09:44.802Z,XTZUSD,mean_reversion,0.48868819999999996,32000,4800,8000,0,0,87360.00000000103,4656,MAX_POSITION
2025-12-05T12:09:44.965Z,ATOMEUR,mean_reversion,1.9439419999999998,32000,4800,8000,0,0,87360.00000000048,4656,MAX_POSITION
2025-12-05T12:09:45.320Z,XETCZUSD,mean_reversion,13.488474999999998,32000,4800,8000,0,0,87360.000000001,4656,MAX_POSITION
2025-12-05T12:09:46.235Z,AUDUSD,vwap_pullback,0.6636930299999999,32000,4800,8000,0,0,46304.46377513806,4656,MAX_POSITION
2025-12-05T12:09:46.638Z,ETHFIEUR,mean_reversion,0.6906899999999999,32000,4800,8000,0,0,87360.00000000016,4656,MAX_POSITION
2025-12-05T12:09:47.191Z,CAKEUSD,mean_reversion,2.3123099999999996,32000,4800,8000,0,0,87360.00000000175,4656,MAX_POSITION
2025-12-05T12:09:47.496Z,MORPHO/EUR,vwap_pullback,1.1706394699999998,32000,4800,8000,0,3977.313356775849,4656,4656,PASS
2025-12-05T12:09:48.670Z,CVXUSD,mean_reversion,1.8248229999999999,32000,4800,8000,0,0,87360.00000000054,4656,MAX_POSITION
2025-12-05T12:09:48.791Z,EULEUR,mean_reversion,3.3213179999999998,32000,4800,8000,0,0,87360.00000000019,4656,MAX_POSITION
2025-12-05T12:09:48.847Z,SOL/GBP,vwap_pullback,102.71260999999998,32000,4800,8000,0,45.33036401275365,4656,4656,PASS
2025-12-05T12:09:49.679Z,DOTEUR,mean_reversion,1.9209189999999998,32000,4800,8000,0,0,87360.00000000073,4656,MAX_POSITION
2025-12-05T12:09:50.840Z,EWTUSD,mean_reversion,0.6886879999999999,32000,4800,8000,0,0,87360.00000000105,4656,MAX_POSITION
2025-12-05T12:09:50.978Z,DOTGBP,mean_reversion,1.6714697999999997,32000,4800,8000,0,0,87360.00000000083,4656,MAX_POSITION
2025-12-05T12:09:52.234Z,DOTUSDC,mean_reversion,2.2351328999999995,32000,4800,8000,0,0,87360.00000000108,4656,MAX_POSITION
2025-12-05T12:09:52.449Z,FORTHUSD,mean_reversion,1.7357339999999999,32000,4800,8000,0,0,87360.00000000086,4656,MAX_POSITION
2025-12-05T12:09:53.573Z,DOTUSDT,mean_reversion,2.2340317999999995,32000,4800,8000,0,0,87360.00000000172,4656,MAX_POSITION
2025-12-05T12:09:54.021Z,FXSUSD,mean_reversion,0.805805,32000,4800,8000,0,0,87360.00000000052,4656,MAX_POSITION
2025-12-05T12:09:54.993Z,KSMUSD,mean_reversion,8.42842,32000,4800,8000,0,0,87359.99999999985,4656,MAX_POSITION
2025-12-05T12:09:55.041Z,XETCZUSD,mean_reversion,13.488474999999998,32000,4800,8000,0,0,87360.000000001,4656,MAX_POSITION
2025-12-05T12:09:56.025Z,ETHFIEUR,mean_reversion,0.6906899999999999,32000,4800,8000,0,0,87360.00000000016,4656,MAX_POSITION
2025-12-05T12:09:56.413Z,LINKUSD,vwap_pullback,14.093669589999998,32000,4800,8000,0,0,65968.61356569162,4656,MAX_POSITION
2025-12-05T12:09:57.561Z,EULEUR,mean_reversion,3.3213179999999998,32000,4800,8000,0,0,87360.00000000019,4656,MAX_POSITION
2025-12-05T12:09:57.621Z,LINKUSDC,vwap_pullback,14.079075009999997,32000,4800,8000,0,0,69073.53263875944,4656,MAX_POSITION
2025-12-05T12:09:58.740Z,MORPHO/EUR,vwap_pullback,1.1706394699999998,32000,4800,8000,0,3977.313356775849,4656,4656,PASS
2025-12-05T12:09:58.750Z,LINKUSDT,vwap_pullback,14.056522479999998,32000,4800,8000,0,0,82370.63198648157,4656,MAX_POSITION
2025-12-05T12:09:59.733Z,XLTCZEUR,mean_reversion,70.71064,32000,4800,8000,0,0,87360.00000000004,4656,MAX_POSITION
2025-12-05T12:09:59.850Z,EWTUSD,mean_reversion,0.6886879999999999,32000,4800,8000,0,0,87360.00000000105,4656,MAX_POSITION
2025-12-05T12:10:00.538Z,XLTCZUSD,mean_reversion,82.27219,32000,4800,8000,0,0,87360.00000000032,4656,MAX_POSITION
2025-12-05T12:10:00.540Z,SOL/GBP,vwap_pullback,102.71260999999998,32000,4800,8000,0,45.33036401275365,4656,4656,PASS
2025-12-05T12:10:01.110Z,FORTHUSD,mean_reversion,1.7357339999999999,32000,4800,8000,0,0,87360.00000000086,4656,MAX_POSITION
2025-12-05T12:10:01.808Z,MASKEUR,mean_reversion,0.5805799999999999,32000,4800,8000,0,0,87360.00000000077,4656,MAX_POSITION
2025-12-05T12:10:02.072Z,FXSUSD,mean_reversion,0.805805,32000,4800,8000,0,0,87360.00000000052,4656,MAX_POSITION
2025-12-05T12:10:03.323Z,KSMUSD,mean_reversion,8.42842,32000,4800,8000,0,0,87359.99999999985,4656,MAX_POSITION
2025-12-05T12:10:03.860Z,ADA/USD,vwap_pullback,0.43108064999999995,32000,4800,8000,0,10800.763151860332,4656,4656,PASS
2025-12-05T12:10:04.386Z,MEUSD,mean_reversion,0.3362358999999999,32000,4800,8000,0,0,87360.00000000127,4656,MAX_POSITION
2025-12-05T12:10:05.492Z,LINKUSD,vwap_pullback,14.093669589999998,32000,4800,8000,0,0,65968.61356569162,4656,MAX_POSITION
2025-12-05T12:10:05.622Z,NANOEUR,mean_reversion,0.707725018,32000,4800,8000,0,0,87360.00000000016,4656,MAX_POSITION
2025-12-05T12:10:05.662Z,XRP/USD,vwap_pullback,2.0727707,32000,4800,8000,0,2246.268726203048,4656,4656,PASS
2025-12-05T12:10:07.022Z,LINKUSDC,vwap_pullback,14.079075009999997,32000,4800,8000,0,0,69073.53263875944,4656,MAX_POSITION
2025-12-05T12:10:07.146Z,NANOUSD,mean_reversion,0.8157429279999999,32000,4800,8000,0,0,87360.00000000025,4656,MAX_POSITION
2025-12-05T12:10:08.040Z,LINKUSDT,vwap_pullback,14.056522479999998,32000,4800,8000,0,0,82370.63198648157,4656,MAX_POSITION
2025-12-05T12:10:08.726Z,NOSUSD,mean_reversion,0.266266,32000,4800,8000,0,0,87360.00000000048,4656,MAX_POSITION
2025-12-05T12:10:09.529Z,XLTCZEUR,mean_reversion,70.71064,32000,4800,8000,0,0,87360.00000000004,4656,MAX_POSITION
2025-12-05T12:10:09.723Z,OPEUR,mean_reversion,0.2720718,32000,4800,8000,0,0,87360.00000000038,4656,MAX_POSITION
2025-12-05T12:10:10.899Z,OPUSD,mean_reversion,0.31691659999999994,32000,4800,8000,0,0,87360.00000000131,4656,MAX_POSITION
2025-12-05T12:10:10.927Z,XLTCZUSD,mean_reversion,82.25216999999999,32000,4800,8000,0,0,87360.0000000002,4656,MAX_POSITION
2025-12-05T12:10:11.928Z,ADAAUD,mean_reversion,0.6494087599999999,32000,4800,8000,0,0,87360.00000000057,4656,MAX_POSITION
2025-12-05T12:10:12.125Z,PROVEEUR,mean_reversion,0.39519479999999996,32000,4800,8000,0,0,87360.0000000004,4656,MAX_POSITION
2025-12-05T12:10:12.190Z,MASKEUR,mean_reversion,0.5805799999999999,32000,4800,8000,0,0,87360.00000000077,4656,MAX_POSITION
2025-12-05T12:10:13.208Z,AKTEUR,mean_reversion,0.39099059999999997,32000,4800,8000,0,0,87360.00000000032,4656,MAX_POSITION
2025-12-05T12:10:13.388Z,RUNEEUR,mean_reversion,0.5685679999999999,32000,4800,8000,0,0,87360.00000000109,4656,MAX_POSITION
2025-12-05T12:10:13.715Z,MORPHO/EUR,vwap_pullback,1.1706394699999998,32000,4800,8000,0,3977.313356775849,4656,4656,PASS
2025-12-05T12:10:14.231Z,ATOMEUR,mean_reversion,1.9439419999999998,32000,4800,8000,0,0,87360.00000000048,4656,MAX_POSITION
2025-12-05T12:10:14.562Z,MEUSD,mean_reversion,0.3362358999999999,32000,4800,8000,0,0,87360.00000000127,4656,MAX_POSITION
2025-12-05T12:10:14.890Z,RUNEUSD,mean_reversion,0.6606599999999999,32000,4800,8000,0,0,87360.0000000008,4656,MAX_POSITION
2025-12-05T12:10:15.315Z,SOL/GBP,vwap_pullback,102.70259999999999,32000,4800,8000,0,45.334782176887444,4656,4656,PASS
2025-12-05T12:10:15.499Z,AUDUSD,vwap_pullback,0.6636930299999999,32000,4800,8000,0,0,46305.41447127432,4656,MAX_POSITION
2025-12-05T12:10:15.934Z,SOSOUSD,mean_reversion,0.6080074,32000,4800,8000,0,0,87360.00000000067,4656,MAX_POSITION
2025-12-05T12:10:16.235Z,NANOEUR,mean_reversion,0.707725018,32000,4800,8000,0,0,87360.00000000016,4656,MAX_POSITION
2025-12-05T12:10:16.567Z,CAKEUSD,mean_reversion,2.3123099999999996,32000,4800,8000,0,0,87360.00000000175,4656,MAX_POSITION
2025-12-05T12:10:16.978Z,TONEUR,mean_reversion,1.365364,32000,4800,8000,0,0,87359.9999999999,4656,MAX_POSITION
2025-12-05T12:10:17.880Z,CVXUSD,mean_reversion,1.8248229999999999,32000,4800,8000,0,0,87360.00000000054,4656,MAX_POSITION
2025-12-05T12:10:17.881Z,NANOUSD,mean_reversion,0.8157429279999999,32000,4800,8000,0,0,87360.00000000025,4656,MAX_POSITION
2025-12-05T12:10:18.595Z,TONUSD,mean_reversion,1.5865849999999997,32000,4800,8000,0,0,87360.00000000176,4656,MAX_POSITION
2025-12-05T12:10:18.812Z,ADA/USD,vwap_pullback,0.43107864799999995,32000,4800,8000,0,10800.813312377282,4656,4656,PASS
2025-12-05T12:10:19.248Z,NOSUSD,mean_reversion,0.266266,32000,4800,8000,0,0,87360.00000000048,4656,MAX_POSITION
2025-12-05T12:10:19.270Z,DOTEUR,mean_reversion,1.9209189999999998,32000,4800,8000,0,0,87360.00000000073,4656,MAX_POSITION
2025-12-05T12:10:19.609Z,TRUMPUSD,mean_reversion,5.878873,32000,4800,8000,0,0,87360.00000000124,4656,MAX_POSITION
2025-12-05T12:10:20.289Z,OPEUR,mean_reversion,0.2720718,32000,4800,8000,0,0,87360.00000000038,4656,MAX_POSITION
2025-12-05T12:10:20.538Z,DOTGBP,mean_reversion,1.6714697999999997,32000,4800,8000,0,0,87360.00000000083,4656,MAX_POSITION
2025-12-05T12:10:20.672Z,XRP/USD,vwap_pullback,2.0720800099999996,32000,4800,8000,0,2247.0174788279537,4656,4656,PASS
2025-12-05T12:10:21.624Z,OPUSD,mean_reversion,0.31691659999999994,32000,4800,8000,0,0,87360.00000000131,4656,MAX_POSITION
2025-12-05T12:10:21.701Z,USDCHF,vwap_pullback,0.8045537499999998,32000,4800,8000,0,0,173783.783783784,4656,MAX_POSITION
2025-12-05T12:10:21.895Z,DOTUSDC,mean_reversion,2.2351328999999995,32000,4800,8000,0,0,87360.00000000108,4656,MAX_POSITION
2025-12-05T12:10:23.203Z,PROVEEUR,mean_reversion,0.39519479999999996,32000,4800,8000,0,0,87360.0000000004,4656,MAX_POSITION
2025-12-05T12:10:23.508Z,DOTUSDT,mean_reversion,2.2340317999999995,32000,4800,8000,0,0,87360.00000000172,4656,MAX_POSITION
2025-12-05T12:10:23.644Z,ADA/USD,vwap_pullback,0.43107864799999995,32000,4800,8000,0,10800.813312377282,4656,4656,PASS
2025-12-05T12:10:24.034Z,XXRPZCAD,mean_reversion,2.8920992099999996,32000,4800,8000,0,0,87360.00000000012,4656,MAX_POSITION
2025-12-05T12:10:24.263Z,RUNEEUR,mean_reversion,0.5685679999999999,32000,4800,8000,0,0,87360.00000000109,4656,MAX_POSITION
2025-12-05T12:10:25.236Z,XXRPZEUR,mean_reversion,1.7799982199999997,32000,4800,8000,0,0,87360.0000000004,4656,MAX_POSITION
2025-12-05T12:10:25.304Z,XRP/USD,vwap_pullback,2.0720800099999996,32000,4800,8000,0,2247.0174788279537,4656,4656,PASS
2025-12-05T12:10:25.363Z,XETCZUSD,mean_reversion,13.488474999999998,32000,4800,8000,0,0,87360.000000001,4656,MAX_POSITION
2025-12-05T12:10:25.753Z,RUNEUSD,mean_reversion,0.6606599999999999,32000,4800,8000,0,0,87360.0000000008,4656,MAX_POSITION
2025-12-05T12:10:26.500Z,XRPGBP,mean_reversion,1.55383228,32000,4800,8000,0,0,87360.00000000047,4656,MAX_POSITION
2025-12-05T12:10:26.883Z,ETHFIEUR,mean_reversion,0.6906899999999999,32000,4800,8000,0,0,87360.00000000016,4656,MAX_POSITION
2025-12-05T12:10:27.016Z,SOSOUSD,mean_reversion,0.6080074,32000,4800,8000,0,0,87360.00000000067,4656,MAX_POSITION
2025-12-05T12:10:27.490Z,XRPRLUSD,mean_reversion,2.0702081399999996,32000,4800,8000,0,0,87360.00000000186,4656,MAX_POSITION
2025-12-05T12:10:27.659Z,XRP/EUR,vwap_pullback,1.7799982199999997,32000,4800,8000,0,2615.7329528116047,4656,4656,PASS
2025-12-05T12:10:28.143Z,EULEUR,mean_reversion,3.3213179999999998,32000,4800,8000,0,0,87360.00000000019,4656,MAX_POSITION
2025-12-05T12:10:28.539Z,TONEUR,mean_reversion,1.365364,32000,4800,8000,0,0,87359.9999999999,4656,MAX_POSITION
2025-12-05T12:10:29.103Z,XRPUSDT,mean_reversion,2.07382175,32000,4800,8000,0,0,87360.00000000092,4656,MAX_POSITION
2025-12-05T12:10:29.448Z,USD/CHF,vwap_pullback,0.8045537499999998,32000,4800,8000,0,5787.058975239381,4656,4656,PASS
2025-12-05T12:10:29.554Z,EWTUSD,mean_reversion,0.6886879999999999,32000,4800,8000,0,0,87360.00000000105,4656,MAX_POSITION
2025-12-05T12:10:30.136Z,TONUSD,mean_reversion,1.5865849999999997,32000,4800,8000,0,0,87360.00000000176,4656,MAX_POSITION
2025-12-05T12:10:30.616Z,XTZEUR,mean_reversion,0.42062019999999994,32000,4800,8000,0,0,87360.0000000017,4656,MAX_POSITION
2025-12-05T12:10:31.143Z,FORTHUSD,mean_reversion,1.7357339999999999,32000,4800,8000,0,0,87360.00000000086,4656,MAX_POSITION
2025-12-05T12:10:31.711Z,TRUMPUSD,mean_reversion,5.878873,32000,4800,8000,0,0,87360.00000000124,4656,MAX_POSITION
2025-12-05T12:10:32.139Z,XTZUSD,mean_reversion,0.48868819999999996,32000,4800,8000,0,0,87360.00000000103,4656,MAX_POSITION
2025-12-05T12:10:32.456Z,ADA/USD,vwap_pullback,0.43107864799999995,32000,4800,8000,0,10800.813312377282,4656,4656,PASS
2025-12-05T12:10:33.471Z,FXSUSD,mean_reversion,0.805805,32000,4800,8000,0,0,87360.00000000052,4656,MAX_POSITION
2025-12-05T12:10:34.193Z,USDCHF,vwap_pullback,0.8045537499999998,32000,4800,8000,0,0,173783.783783784,4656,MAX_POSITION
2025-12-05T12:10:34.209Z,XRP/USD,vwap_pullback,2.0720800099999996,32000,4800,8000,0,2247.0174788279537,4656,4656,PASS
2025-12-05T12:10:35.051Z,KSMUSD,mean_reversion,8.42842,32000,4800,8000,0,0,87359.99999999985,4656,MAX_POSITION
2025-12-05T12:10:36.278Z,XXRPZCAD,mean_reversion,2.8920992099999996,32000,4800,8000,0,0,87360.00000000012,4656,MAX_POSITION
2025-12-05T12:10:36.738Z,XRP/EUR,vwap_pullback,1.7799982199999997,32000,4800,8000,0,2615.7329528116047,4656,4656,PASS
2025-12-05T12:10:36.989Z,LINKUSD,vwap_pullback,14.087823749999998,32000,4800,8000,0,0,67875.90992011585,4656,MAX_POSITION
2025-12-05T12:10:37.623Z,XXRPZEUR,mean_reversion,1.7799982199999997,32000,4800,8000,0,0,87360.0000000004,4656,MAX_POSITION
2025-12-05T12:10:38.252Z,LINKUSDC,vwap_pullback,14.079075009999997,32000,4800,8000,0,0,69073.53263875944,4656,MAX_POSITION
2025-12-05T12:10:38.542Z,USD/CHF,vwap_pullback,0.8045537499999998,32000,4800,8000,0,5787.058975239381,4656,4656,PASS
2025-12-05T12:10:38.658Z,XRPGBP,mean_reversion,1.55383228,32000,4800,8000,0,0,87360.00000000047,4656,MAX_POSITION
2025-12-05T12:10:39.321Z,LINKUSDT,vwap_pullback,14.056522479999998,32000,4800,8000,0,0,82370.63198648157,4656,MAX_POSITION
2025-12-05T12:10:39.647Z,XRPRLUSD,mean_reversion,2.0702081399999996,32000,4800,8000,0,0,87360.00000000186,4656,MAX_POSITION
2025-12-05T12:10:40.540Z,XLTCZEUR,mean_reversion,70.71064,32000,4800,8000,0,0,87360.00000000004,4656,MAX_POSITION
2025-12-05T12:10:40.904Z,XRPUSDT,mean_reversion,2.07382175,32000,4800,8000,0,0,87360.00000000092,4656,MAX_POSITION
2025-12-05T12:10:41.700Z,ADA/USD,vwap_pullback,0.43107864799999995,32000,4800,8000,0,10800.813312377282,4656,4656,PASS
2025-12-05T12:10:41.914Z,XTZEUR,mean_reversion,0.42062019999999994,32000,4800,8000,0,0,87360.0000000017,4656,MAX_POSITION
2025-12-05T12:10:42.171Z,XLTCZUSD,mean_reversion,82.23214999999999,32000,4800,8000,0,0,87360.00000000146,4656,MAX_POSITION
2025-12-05T12:10:43.181Z,XTZUSD,mean_reversion,0.48868819999999996,32000,4800,8000,0,0,87360.00000000103,4656,MAX_POSITION
2025-12-05T12:10:43.483Z,MASKEUR,mean_reversion,0.5805799999999999,32000,4800,8000,0,0,87360.00000000077,4656,MAX_POSITION
2025-12-05T12:10:43.619Z,XRP/USD,vwap_pullback,2.0720800099999996,32000,4800,8000,0,2247.0174788279537,4656,4656,PASS
2025-12-05T12:10:45.561Z,MEUSD,mean_reversion,0.3362358999999999,32000,4800,8000,0,0,87360.00000000127,4656,MAX_POSITION
2025-12-05T12:10:46.194Z,XRP/EUR,vwap_pullback,1.7799982199999997,32000,4800,8000,0,2615.7329528116047,4656,4656,PASS
2025-12-05T12:10:47.085Z,NANOEUR,mean_reversion,0.707725018,32000,4800,8000,0,0,87360.00000000016,4656,MAX_POSITION
2025-12-05T12:10:47.519Z,USD/CHF,vwap_pullback,0.8045537499999998,32000,4800,8000,0,5787.058975239381,4656,4656,PASS
2025-12-05T12:10:48.825Z,NANOUSD,mean_reversion,0.8157429279999999,32000,4800,8000,0,0,87360.00000000025,4656,MAX_POSITION
2025-12-05T12:10:50.308Z,NOSUSD,mean_reversion,0.266266,32000,4800,8000,0,0,87360.00000000048,4656,MAX_POSITION
2025-12-05T12:10:50.768Z,ADA/USD,vwap_pullback,0.43107864799999995,32000,4800,8000,0,10800.813312377282,4656,4656,PASS
2025-12-05T12:10:51.556Z,OPEUR,mean_reversion,0.2720718,32000,4800,8000,0,0,87360.00000000038,4656,MAX_POSITION
2025-12-05T12:10:52.299Z,XRP/USD,vwap_pullback,2.07341134,32000,4800,8000,0,2245.574676947605,4656,4656,PASS
2025-12-05T12:10:52.544Z,OPUSD,mean_reversion,0.31691659999999994,32000,4800,8000,0,0,87360.00000000131,4656,MAX_POSITION
2025-12-05T12:10:53.803Z,PROVEEUR,mean_reversion,0.39519479999999996,32000,4800,8000,0,0,87360.0000000004,4656,MAX_POSITION
2025-12-05T12:10:54.747Z,XRP/EUR,vwap_pullback,1.7799982199999997,32000,4800,8000,0,2615.7329528116047,4656,4656,PASS
2025-12-05T12:10:55.283Z,RUNEEUR,mean_reversion,0.5685679999999999,32000,4800,8000,0,0,87360.00000000109,4656,MAX_POSITION
2025-12-05T12:10:56.495Z,RUNEUSD,mean_reversion,0.6606599999999999,32000,4800,8000,0,0,87360.0000000008,4656,MAX_POSITION
2025-12-05T12:10:56.842Z,SYRUP/USD,vwap_bounce,0.26635609,32000,4800,8000,0,17480.358718285737,4656,4656,PASS
2025-12-05T12:10:57.494Z,SOSOUSD,mean_reversion,0.6080074,32000,4800,8000,0,0,87360.00000000067,4656,MAX_POSITION
2025-12-05T12:10:58.994Z,ADAAUD,mean_reversion,0.6494087599999999,32000,4800,8000,0,0,87360.00000000057,4656,MAX_POSITION
2025-12-05T12:10:59.084Z,TONEUR,mean_reversion,1.3643629999999998,32000,4800,8000,0,0,87360.00000000109,4656,MAX_POSITION
2025-12-05T12:10:59.572Z,AUD/USD,vwap_pullback,0.66425359,32000,4800,8000,0,7009.371225227402,4656,4656,PASS
2025-12-05T12:11:00.076Z,TONUSD,mean_reversion,1.5865849999999997,32000,4800,8000,0,0,87360.00000000176,4656,MAX_POSITION
2025-12-05T12:11:00.332Z,AKTEUR,mean_reversion,0.39099059999999997,32000,4800,8000,0,0,87360.00000000032,4656,MAX_POSITION
2025-12-05T12:11:01.578Z,ATOMEUR,mean_reversion,1.9439419999999998,32000,4800,8000,0,0,87360.00000000048,4656,MAX_POSITION
2025-12-05T12:11:02.073Z,TRUMPUSD,mean_reversion,5.878873,32000,4800,8000,0,0,87360.00000000124,4656,MAX_POSITION
2025-12-05T12:11:02.466Z,ADA/USD,vwap_pullback,0.43107864799999995,32000,4800,8000,0,10800.813312377282,4656,4656,PASS
2025-12-05T12:11:02.960Z,AUDUSD,vwap_pullback,0.66425359,32000,4800,8000,0,0,44530.89646897425,4656,MAX_POSITION
2025-12-05T12:11:03.820Z,AUDUSD,sma_trend_ride,0.66491718,32000,4800,8000,0,0,102065.2222361717,4656,MAX_POSITION
2025-12-05T12:11:04.039Z,XRP/USD,vwap_pullback,2.07341134,32000,4800,8000,0,2245.574676947605,4656,4656,PASS
2025-12-05T12:11:04.738Z,USDCHF,vwap_pullback,0.8045137099999999,32000,4800,8000,0,0,175354.90909090565,4656,MAX_POSITION
2025-12-05T12:11:04.814Z,CAKEUSD,mean_reversion,2.3123099999999996,32000,4800,8000,0,0,87360.00000000175,4656,MAX_POSITION
2025-12-05T12:11:05.827Z,XXRPZCAD,mean_reversion,2.8920992099999996,32000,4800,8000,0,0,87360.00000000012,4656,MAX_POSITION
2025-12-05T12:11:06.099Z,XRP/EUR,vwap_pullback,1.7799982199999997,32000,4800,8000,0,2615.7329528116047,4656,4656,PASS
2025-12-05T12:11:06.495Z,CVXUSD,mean_reversion,1.8248229999999999,32000,4800,8000,0,0,87360.00000000054,4656,MAX_POSITION
2025-12-05T12:11:06.780Z,XXRPZEUR,mean_reversion,1.7799982199999997,32000,4800,8000,0,0,87360.0000000004,4656,MAX_POSITION
2025-12-05T12:11:07.768Z,DOTEUR,mean_reversion,1.9206187,32000,4800,8000,0,0,87360.00000000044,4656,MAX_POSITION
2025-12-05T12:11:07.901Z,XRPGBP,mean_reversion,1.55433278,32000,4800,8000,0,0,87359.99999999994,4656,MAX_POSITION
2025-12-05T12:11:08.280Z,SYRUP/USD,vwap_bounce,0.26635609,32000,4800,8000,0,17480.358718285737,4656,4656,PASS
2025-12-05T12:11:09.054Z,DOTGBP,mean_reversion,1.6714697999999997,32000,4800,8000,0,0,87360.00000000083,4656,MAX_POSITION
2025-12-05T12:11:09.174Z,XRPRLUSD,mean_reversion,2.0702081399999996,32000,4800,8000,0,0,87360.00000000186,4656,MAX_POSITION
2025-12-05T12:11:10.250Z,XRPUSDT,mean_reversion,2.07382175,32000,4800,8000,0,0,87360.00000000092,4656,MAX_POSITION
2025-12-05T12:11:10.340Z,AUD/USD,vwap_pullback,0.66425359,32000,4800,8000,0,7009.371225227402,4656,4656,PASS
2025-12-05T12:11:10.580Z,DOTUSDC,mean_reversion,2.2351328999999995,32000,4800,8000,0,0,87360.00000000108,4656,MAX_POSITION
2025-12-05T12:11:11.213Z,XTZEUR,mean_reversion,0.42062019999999994,32000,4800,8000,0,0,87360.0000000017,4656,MAX_POSITION
2025-12-05T12:11:11.841Z,DOTUSDT,mean_reversion,2.2340317999999995,32000,4800,8000,0,0,87360.00000000172,4656,MAX_POSITION
2025-12-05T12:11:12.169Z,ADAAUD,mean_reversion,0.6494087599999999,32000,4800,8000,0,0,87360.00000000057,4656,MAX_POSITION
2025-12-05T12:11:12.256Z,XTZUSD,mean_reversion,0.48868819999999996,32000,4800,8000,0,0,87360.00000000103,4656,MAX_POSITION
2025-12-05T12:11:13.226Z,ADA/USD,vwap_pullback,0.43107864799999995,32000,4800,8000,0,10800.813312377282,4656,4656,PASS
2025-12-05T12:11:13.544Z,AKTEUR,mean_reversion,0.39099059999999997,32000,4800,8000,0,0,87360.00000000032,4656,MAX_POSITION
2025-12-05T12:11:13.555Z,XETCZUSD,mean_reversion,13.488474999999998,32000,4800,8000,0,0,87360.000000001,4656,MAX_POSITION
2025-12-05T12:11:14.913Z,ETHFIEUR,mean_reversion,0.6906899999999999,32000,4800,8000,0,0,87360.00000000016,4656,MAX_POSITION
2025-12-05T12:11:14.977Z,XRP/USD,vwap_pullback,2.0733012299999998,32000,4800,8000,0,2245.6939361387444,4656,4656,PASS
2025-12-05T12:11:15.053Z,ATOMEUR,mean_reversion,1.9439419999999998,32000,4800,8000,0,0,87360.00000000048,4656,MAX_POSITION
2025-12-05T12:11:16.178Z,AUDUSD,vwap_pullback,0.66425359,32000,4800,8000,0,0,44530.89646897425,4656,MAX_POSITION
2025-12-05T12:11:16.181Z,EULEUR,mean_reversion,3.3213179999999998,32000,4800,8000,0,0,87360.00000000019,4656,MAX_POSITION
2025-12-05T12:11:16.768Z,AUDUSD,sma_trend_ride,0.66491718,32000,4800,8000,0,0,102065.2222361717,4656,MAX_POSITION
2025-12-05T12:11:17.377Z,XRP/EUR,vwap_pullback,1.7799982199999997,32000,4800,8000,0,2615.7329528116047,4656,4656,PASS
2025-12-05T12:11:18.029Z,EWTUSD,mean_reversion,0.6886879999999999,32000,4800,8000,0,0,87360.00000000105,4656,MAX_POSITION
2025-12-05T12:11:18.420Z,CAKEUSD,mean_reversion,2.3123099999999996,32000,4800,8000,0,0,87360.00000000175,4656,MAX_POSITION
2025-12-05T12:11:19.282Z,FORTHUSD,mean_reversion,1.7377359999999997,32000,4800,8000,0,0,87360.00000000099,4656,MAX_POSITION
2025-12-05T12:11:19.482Z,CVXUSD,mean_reversion,1.8248229999999999,32000,4800,8000,0,0,87360.00000000054,4656,MAX_POSITION
2025-12-05T12:11:19.674Z,SYRUP/USD,vwap_bounce,0.26635609,32000,4800,8000,0,17480.358718285737,4656,4656,PASS
2025-12-05T12:11:20.479Z,FXSUSD,mean_reversion,0.805805,32000,4800,8000,0,0,87360.00000000052,4656,MAX_POSITION
2025-12-05T12:11:20.741Z,DOTEUR,mean_reversion,1.9206187,32000,4800,8000,0,0,87360.00000000044,4656,MAX_POSITION
2025-12-05T12:11:21.503Z,KSMUSD,mean_reversion,8.42842,32000,4800,8000,0,0,87359.99999999985,4656,MAX_POSITION
2025-12-05T12:11:22.075Z,AUD/USD,vwap_pullback,0.66425359,32000,4800,8000,0,7009.371225227402,4656,4656,PASS
2025-12-05T12:11:22.103Z,DOTGBP,mean_reversion,1.6714697999999997,32000,4800,8000,0,0,87360.00000000083,4656,MAX_POSITION
2025-12-05T12:11:23.016Z,LINKUSD,vwap_pullback,14.089115039999998,32000,4800,8000,0,0,67445.08404922845,4656,MAX_POSITION
2025-12-05T12:11:23.065Z,DOTUSDC,mean_reversion,2.2351328999999995,32000,4800,8000,0,0,87360.00000000108,4656,MAX_POSITION
2025-12-05T12:11:24.038Z,DOTUSDT,mean_reversion,2.2340317999999995,32000,4800,8000,0,0,87360.00000000172,4656,MAX_POSITION
2025-12-05T12:11:24.074Z,LINKUSDC,vwap_pullback,14.079075009999997,32000,4800,8000,0,0,69073.53263875944,4656,MAX_POSITION
2025-12-05T12:11:25.168Z,XETCZUSD,mean_reversion,13.488474999999998,32000,4800,8000,0,0,87360.000000001,4656,MAX_POSITION
2025-12-05T12:11:25.340Z,LINKUSDT,vwap_pullback,14.056522479999998,32000,4800,8000,0,0,82370.63198648157,4656,MAX_POSITION
2025-12-05T12:11:25.741Z,ADA/USD,vwap_pullback,0.43107864799999995,32000,4800,8000,0,10800.813312377282,4656,4656,PASS
2025-12-05T12:11:26.282Z,ETHFIEUR,mean_reversion,0.6906899999999999,32000,4800,8000,0,0,87360.00000000016,4656,MAX_POSITION
2025-12-05T12:11:26.861Z,XLTCZEUR,mean_reversion,70.6706,32000,4800,8000,0,0,87359.99999999978,4656,MAX_POSITION
2025-12-05T12:11:27.578Z,EULEUR,mean_reversion,3.3213179999999998,32000,4800,8000,0,0,87360.00000000019,4656,MAX_POSITION
2025-12-05T12:11:27.927Z,XRP/USD,vwap_pullback,2.0720699999999996,32000,4800,8000,0,2247.028333984856,4656,4656,PASS
2025-12-05T12:11:28.767Z,XLTCZUSD,mean_reversion,82.23214999999999,32000,4800,8000,0,0,87360.00000000146,4656,MAX_POSITION
2025-12-05T12:11:30.208Z,EWTUSD,mean_reversion,0.6886879999999999,32000,4800,8000,0,0,87360.00000000105,4656,MAX_POSITION
2025-12-05T12:11:30.285Z,MASKEUR,mean_reversion,0.5805799999999999,32000,4800,8000,0,0,87360.00000000077,4656,MAX_POSITION
2025-12-05T12:11:31.183Z,FORTHUSD,mean_reversion,1.7377359999999997,32000,4800,8000,0,0,87360.00000000099,4656,MAX_POSITION
2025-12-05T12:11:32.257Z,MEUSD,mean_reversion,0.3362358999999999,32000,4800,8000,0,0,87360.00000000127,4656,MAX_POSITION
2025-12-05T12:11:32.450Z,FXSUSD,mean_reversion,0.805805,32000,4800,8000,0,0,87360.00000000052,4656,MAX_POSITION
2025-12-05T12:11:32.455Z,SYRUP/USD,vwap_bounce,0.26635609,32000,4800,8000,0,17480.358718285737,4656,4656,PASS
2025-12-05T12:11:33.768Z,KSMUSD,mean_reversion,8.42842,32000,4800,8000,0,0,87359.99999999985,4656,MAX_POSITION
2025-12-05T12:11:34.457Z,NANOEUR,mean_reversion,0.707725018,32000,4800,8000,0,0,87360.00000000016,4656,MAX_POSITION
2025-12-05T12:11:34.659Z,AUD/USD,vwap_pullback,0.66425359,32000,4800,8000,0,7009.371225227402,4656,4656,PASS
2025-12-05T12:11:34.952Z,LINKUSD,vwap_pullback,14.087823749999998,32000,4800,8000,0,0,67875.95660279719,4656,MAX_POSITION
2025-12-05T12:11:36.098Z,NANOUSD,mean_reversion,0.8157429279999999,32000,4800,8000,0,0,87360.00000000025,4656,MAX_POSITION
2025-12-05T12:11:36.484Z,LINKUSDC,vwap_pullback,14.079075009999997,32000,4800,8000,0,0,69073.53263875944,4656,MAX_POSITION
2025-12-05T12:11:37.449Z,LINKUSDT,vwap_pullback,14.056522479999998,32000,4800,8000,0,0,82370.63198648157,4656,MAX_POSITION
2025-12-05T12:11:37.585Z,NOSUSD,mean_reversion,0.266266,32000,4800,8000,0,0,87360.00000000048,4656,MAX_POSITION
2025-12-05T12:11:39.009Z,OPEUR,mean_reversion,0.2720718,32000,4800,8000,0,0,87360.00000000038,4656,MAX_POSITION
2025-12-05T12:11:39.070Z,XLTCZEUR,mean_reversion,70.6706,32000,4800,8000,0,0,87359.99999999978,4656,MAX_POSITION
2025-12-05T12:11:39.077Z,XRP/USD,vwap_pullback,2.0719699,32000,4800,8000,0,2247.1368913226006,4656,4656,PASS
2025-12-05T12:11:40.328Z,OPUSD,mean_reversion,0.31691659999999994,32000,4800,8000,0,0,87360.00000000131,4656,MAX_POSITION
2025-12-05T12:11:40.358Z,XLTCZUSD,mean_reversion,82.23214999999999,32000,4800,8000,0,0,87360.00000000146,4656,MAX_POSITION
2025-12-05T12:11:41.610Z,MASKEUR,mean_reversion,0.5805799999999999,32000,4800,8000,0,0,87360.00000000077,4656,MAX_POSITION
2025-12-05T12:11:41.806Z,PROVEEUR,mean_reversion,0.39519479999999996,32000,4800,8000,0,0,87360.0000000004,4656,MAX_POSITION
2025-12-05T12:11:43.119Z,RUNEEUR,mean_reversion,0.5685679999999999,32000,4800,8000,0,0,87360.00000000109,4656,MAX_POSITION
2025-12-05T12:11:43.420Z,SYRUP/USD,vwap_bounce,0.26635609,32000,4800,8000,0,17480.358718285737,4656,4656,PASS
2025-12-05T12:11:43.814Z,MEUSD,mean_reversion,0.3362358999999999,32000,4800,8000,0,0,87360.00000000127,4656,MAX_POSITION
2025-12-05T12:11:44.391Z,RUNEUSD,mean_reversion,0.6606599999999999,32000,4800,8000,0,0,87360.0000000008,4656,MAX_POSITION
2025-12-05T12:11:45.440Z,SOSOUSD,mean_reversion,0.6080074,32000,4800,8000,0,0,87360.00000000067,4656,MAX_POSITION
2025-12-05T12:11:45.666Z,NANOEUR,mean_reversion,0.707725018,32000,4800,8000,0,0,87360.00000000016,4656,MAX_POSITION
2025-12-05T12:11:45.687Z,AUD/USD,vwap_pullback,0.66425359,32000,4800,8000,0,7009.371225227402,4656,4656,PASS
2025-12-05T12:11:46.700Z,TONEUR,mean_reversion,1.3643629999999998,32000,4800,8000,0,0,87360.00000000109,4656,MAX_POSITION
2025-12-05T12:11:47.007Z,NANOUSD,mean_reversion,0.8157429279999999,32000,4800,8000,0,0,87360.00000000025,4656,MAX_POSITION
2025-12-05T12:11:48.018Z,TONUSD,mean_reversion,1.5865849999999997,32000,4800,8000,0,0,87360.00000000176,4656,MAX_POSITION
2025-12-05T12:11:48.611Z,NOSUSD,mean_reversion,0.266266,32000,4800,8000,0,0,87360.00000000048,4656,MAX_POSITION
2025-12-05T12:11:49.546Z,TRUMPUSD,mean_reversion,5.878873,32000,4800,8000,0,0,87360.00000000124,4656,MAX_POSITION
2025-12-05T12:11:49.865Z,OPEUR,mean_reversion,0.2720718,32000,4800,8000,0,0,87360.00000000038,4656,MAX_POSITION
2025-12-05T12:11:50.460Z,XRP/USD,vwap_pullback,2.0719699,32000,4800,8000,0,2247.1368913226006,4656,4656,PASS
2025-12-05T12:11:51.188Z,OPUSD,mean_reversion,0.31691659999999994,32000,4800,8000,0,0,87360.00000000131,4656,MAX_POSITION
2025-12-05T12:11:52.331Z,USDCHF,vwap_pullback,0.8044035999999999,32000,4800,8000,0,0,179826.573426572,4656,MAX_POSITION
2025-12-05T12:11:52.873Z,PROVEEUR,mean_reversion,0.39519479999999996,32000,4800,8000,0,0,87360.0000000004,4656,MAX_POSITION
2025-12-05T12:11:53.870Z,XXRPZCAD,mean_reversion,2.8927198299999994,32000,4800,8000,0,0,87360.00000000173,4656,MAX_POSITION
2025-12-05T12:11:54.121Z,RUNEEUR,mean_reversion,0.5685679999999999,32000,4800,8000,0,0,87360.00000000109,4656,MAX_POSITION
2025-12-05T12:11:54.361Z,SYRUP/USD,vwap_bounce,0.26635609,32000,4800,8000,0,17480.358718285737,4656,4656,PASS
2025-12-05T12:11:55.337Z,XXRPZEUR,mean_reversion,1.7783065299999998,32000,4800,8000,0,0,87360.00000000057,4656,MAX_POSITION
2025-12-05T12:11:55.443Z,RUNEUSD,mean_reversion,0.6606599999999999,32000,4800,8000,0,0,87360.0000000008,4656,MAX_POSITION
2025-12-05T12:11:56.597Z,AUD/USD,vwap_pullback,0.6639132499999999,32000,4800,8000,0,7012.964419673806,4656,4656,PASS
2025-12-05T12:11:56.840Z,SOSOUSD,mean_reversion,0.6080074,32000,4800,8000,0,0,87360.00000000067,4656,MAX_POSITION
2025-12-05T12:11:56.845Z,XRPGBP,mean_reversion,1.55433278,32000,4800,8000,0,0,87359.99999999994,4656,MAX_POSITION
2025-12-05T12:11:58.111Z,TONEUR,mean_reversion,1.3643629999999998,32000,4800,8000,0,0,87360.00000000109,4656,MAX_POSITION
2025-12-05T12:11:58.432Z,XRPRLUSD,mean_reversion,2.0702081399999996,32000,4800,8000,0,0,87360.00000000186,4656,MAX_POSITION
2025-12-05T12:11:59.644Z,TONUSD,mean_reversion,1.5865849999999997,32000,4800,8000,0,0,87360.00000000176,4656,MAX_POSITION
2025-12-05T12:11:59.780Z,XRPUSDT,mean_reversion,2.07382175,32000,4800,8000,0,0,87360.00000000092,4656,MAX_POSITION
2025-12-05T12:12:00.963Z,TRUMPUSD,mean_reversion,5.878873,32000,4800,8000,0,0,87360.00000000124,4656,MAX_POSITION
2025-12-05T12:12:01.164Z,XTZEUR,mean_reversion,0.42062019999999994,32000,4800,8000,0,0,87360.0000000017,4656,MAX_POSITION
2025-12-05T12:12:01.848Z,ADAAUD,mean_reversion,0.6494087599999999,32000,4800,8000,0,0,87360.00000000057,4656,MAX_POSITION
2025-12-05T12:12:02.199Z,XTZUSD,mean_reversion,0.48868819999999996,32000,4800,8000,0,0,87360.00000000103,4656,MAX_POSITION
2025-12-05T12:12:03.299Z,AKTEUR,mean_reversion,0.39099059999999997,32000,4800,8000,0,0,87360.00000000032,4656,MAX_POSITION
2025-12-05T12:12:03.304Z,SUI/EUR,vwap_pullback,1.3975962,32000,4800,8000,0,3331.4343585078436,4656,4656,PASS
2025-12-05T12:12:03.788Z,USDCHF,vwap_pullback,0.8044736699999999,32000,4800,8000,0,0,176954.86238531838,4656,MAX_POSITION
2025-12-05T12:12:04.426Z,ATOMEUR,mean_reversion,1.9439419999999998,32000,4800,8000,0,0,87360.00000000048,4656,MAX_POSITION
2025-12-05T12:12:05.255Z,XXRPZCAD,mean_reversion,2.8927198299999994,32000,4800,8000,0,0,87360.00000000173,4656,MAX_POSITION
2025-12-05T12:12:05.436Z,AUDUSD,vwap_pullback,0.6639132499999999,32000,4800,8000,0,0,45591.628558018856,4656,MAX_POSITION
2025-12-05T12:12:06.025Z,AUDUSD,sma_trend_ride,0.6645765,32000,4800,8000,0,0,107582.34687063964,4656,MAX_POSITION
2025-12-05T12:12:06.572Z,XXRPZEUR,mean_reversion,1.7783165399999998,32000,4800,8000,0,0,87360.00000000057,4656,MAX_POSITION
2025-12-05T12:12:07.307Z,CAKEUSD,mean_reversion,2.3123099999999996,32000,4800,8000,0,0,87360.00000000175,4656,MAX_POSITION
2025-12-05T12:12:07.838Z,XRPGBP,mean_reversion,1.55433278,32000,4800,8000,0,0,87359.99999999994,4656,MAX_POSITION
2025-12-05T12:12:08.877Z,XRPRLUSD,mean_reversion,2.0702081399999996,32000,4800,8000,0,0,87360.00000000186,4656,MAX_POSITION
2025-12-05T12:12:09.228Z,CVXUSD,mean_reversion,1.8248229999999999,32000,4800,8000,0,0,87360.00000000054,4656,MAX_POSITION
2025-12-05T12:12:10.130Z,XRPUSDT,mean_reversion,2.07382175,32000,4800,8000,0,0,87360.00000000092,4656,MAX_POSITION
2025-12-05T12:12:10.497Z,DOTEUR,mean_reversion,1.9206187,32000,4800,8000,0,0,87360.00000000044,4656,MAX_POSITION
2025-12-05T12:12:11.150Z,XTZEUR,mean_reversion,0.42062019999999994,32000,4800,8000,0,0,87360.0000000017,4656,MAX_POSITION
2025-12-05T12:12:11.449Z,AUD/USD,vwap_pullback,0.6639132499999999,32000,4800,8000,0,7012.964419673806,4656,4656,PASS
2025-12-05T12:12:11.965Z,ADAAUD,mean_reversion,0.6494087599999999,32000,4800,8000,0,0,87360.00000000057,4656,MAX_POSITION
2025-12-05T12:12:12.082Z,DOTGBP,mean_reversion,1.6714697999999997,32000,4800,8000,0,0,87360.00000000083,4656,MAX_POSITION
2025-12-05T12:12:12.666Z,XTZUSD,mean_reversion,0.48868819999999996,32000,4800,8000,0,0,87360.00000000103,4656,MAX_POSITION
2025-12-05T12:12:13.040Z,AKTEUR,mean_reversion,0.39099059999999997,32000,4800,8000,0,0,87360.00000000032,4656,MAX_POSITION
2025-12-05T12:12:13.459Z,DOTUSDC,mean_reversion,2.2351328999999995,32000,4800,8000,0,0,87360.00000000108,4656,MAX_POSITION
2025-12-05T12:12:14.257Z,ATOMEUR,mean_reversion,1.9439419999999998,32000,4800,8000,0,0,87360.00000000048,4656,MAX_POSITION
2025-12-05T12:12:14.537Z,DOTUSDT,mean_reversion,2.2340317999999995,32000,4800,8000,0,0,87360.00000000172,4656,MAX_POSITION
2025-12-05T12:12:15.267Z,AUDUSD,vwap_pullback,0.6639132499999999,32000,4800,8000,0,0,45591.628558018856,4656,MAX_POSITION
2025-12-05T12:12:15.569Z,XETCZUSD,mean_reversion,13.488474999999998,32000,4800,8000,0,0,87360.000000001,4656,MAX_POSITION
2025-12-05T12:12:15.876Z,AUDUSD,sma_trend_ride,0.6645765,32000,4800,8000,0,0,107582.34687063964,4656,MAX_POSITION
2025-12-05T12:12:15.899Z,SUI/EUR,vwap_pullback,1.3975962,32000,4800,8000,0,3331.4343585078436,4656,4656,PASS
2025-12-05T12:12:16.588Z,ETHFIEUR,mean_reversion,0.6906899999999999,32000,4800,8000,0,0,87360.00000000016,4656,MAX_POSITION
2025-12-05T12:12:17.131Z,CAKEUSD,mean_reversion,2.3123099999999996,32000,4800,8000,0,0,87360.00000000175,4656,MAX_POSITION
2025-12-05T12:12:18.568Z,EULEUR,mean_reversion,3.3213179999999998,32000,4800,8000,0,0,87360.00000000019,4656,MAX_POSITION
2025-12-05T12:12:18.775Z,CVXUSD,mean_reversion,1.8248229999999999,32000,4800,8000,0,0,87360.00000000054,4656,MAX_POSITION
2025-12-05T12:12:20.059Z,DOTEUR,mean_reversion,1.9206187,32000,4800,8000,0,0,87360.00000000044,4656,MAX_POSITION
2025-12-05T12:12:20.168Z,EWTUSD,mean_reversion,0.6886879999999999,32000,4800,8000,0,0,87360.00000000105,4656,MAX_POSITION
2025-12-05T12:12:21.044Z,DOTGBP,mean_reversion,1.6714697999999997,32000,4800,8000,0,0,87360.00000000083,4656,MAX_POSITION
2025-12-05T12:12:21.167Z,FORTHUSD,mean_reversion,1.7377359999999997,32000,4800,8000,0,0,87360.00000000099,4656,MAX_POSITION
2025-12-05T12:12:22.057Z,DOTUSDC,mean_reversion,2.2351328999999995,32000,4800,8000,0,0,87360.00000000108,4656,MAX_POSITION
2025-12-05T12:12:22.939Z,FXSUSD,mean_reversion,0.805805,32000,4800,8000,0,0,87360.00000000052,4656,MAX_POSITION
2025-12-05T12:12:23.397Z,DOTUSDT,mean_reversion,2.2340317999999995,32000,4800,8000,0,0,87360.00000000172,4656,MAX_POSITION
2025-12-05T12:12:23.744Z,SYRUP/USD,vwap_bounce,0.2664662,32000,4800,8000,0,17473.135429559174,4656,4656,PASS
2025-12-05T12:12:24.140Z,KSMUSD,mean_reversion,8.42842,32000,4800,8000,0,0,87359.99999999985,4656,MAX_POSITION
2025-12-05T12:12:24.401Z,XETCZUSD,mean_reversion,13.488474999999998,32000,4800,8000,0,0,87360.000000001,4656,MAX_POSITION
2025-12-05T12:12:25.173Z,LINKEUR,vwap_pullback,12.079036969999999,32000,4800,8000,0,0,44409.8139396019,4656,MAX_POSITION
2025-12-05T12:12:25.924Z,ETHFIEUR,mean_reversion,0.6906899999999999,32000,4800,8000,0,0,87360.00000000016,4656,MAX_POSITION
2025-12-05T12:12:25.930Z,AUD/USD,vwap_pullback,0.6639132499999999,32000,4800,8000,0,7012.964419673806,4656,4656,PASS
2025-12-05T12:12:26.213Z,LINKUSD,vwap_pullback,14.087823749999998,32000,4800,8000,0,0,67875.97155964679,4656,MAX_POSITION
2025-12-05T12:12:27.187Z,EULEUR,mean_reversion,3.3213179999999998,32000,4800,8000,0,0,87360.00000000019,4656,MAX_POSITION
2025-12-05T12:12:27.814Z,LINKUSDC,vwap_pullback,14.079075009999997,32000,4800,8000,0,0,69073.53263875944,4656,MAX_POSITION
2025-12-05T12:12:28.724Z,LINKUSDT,vwap_pullback,14.056522479999998,32000,4800,8000,0,0,82370.63198648157,4656,MAX_POSITION
2025-12-05T12:12:29.163Z,EWTUSD,mean_reversion,0.6886879999999999,32000,4800,8000,0,0,87360.00000000105,4656,MAX_POSITION
2025-12-05T12:12:29.669Z,XLTCZEUR,mean_reversion,70.60052999999999,32000,4800,8000,0,0,87360.00000000169,4656,MAX_POSITION
2025-12-05T12:12:30.409Z,FORTHUSD,mean_reversion,1.7377359999999997,32000,4800,8000,0,0,87360.00000000099,4656,MAX_POSITION
2025-12-05T12:12:30.813Z,XLTCZUSD,mean_reversion,82.20212,32000,4800,8000,0,0,87360.0000000006,4656,MAX_POSITION
2025-12-05T12:12:31.259Z,FXSUSD,mean_reversion,0.805805,32000,4800,8000,0,0,87360.00000000052,4656,MAX_POSITION
2025-12-05T12:12:31.817Z,MASKEUR,mean_reversion,0.5805799999999999,32000,4800,8000,0,0,87360.00000000077,4656,MAX_POSITION
2025-12-05T12:12:32.577Z,KSMUSD,mean_reversion,8.42842,32000,4800,8000,0,0,87359.99999999985,4656,MAX_POSITION
2025-12-05T12:12:33.468Z,MEUSD,mean_reversion,0.3362358999999999,32000,4800,8000,0,0,87360.00000000127,4656,MAX_POSITION
2025-12-05T12:12:33.839Z,LINKEUR,vwap_pullback,12.079036969999999,32000,4800,8000,0,0,44409.8139396019,4656,MAX_POSITION
2025-12-05T12:12:34.828Z,LINKUSD,vwap_pullback,14.087823749999998,32000,4800,8000,0,0,67875.97155964679,4656,MAX_POSITION
2025-12-05T12:12:35.620Z,NANOEUR,mean_reversion,0.707725018,32000,4800,8000,0,0,87360.00000000016,4656,MAX_POSITION
2025-12-05T12:12:35.858Z,LINKUSDC,vwap_pullback,14.079075009999997,32000,4800,8000,0,0,69073.53263875944,4656,MAX_POSITION
2025-12-05T12:12:36.687Z,SYRUP/USD,vwap_bounce,0.2664662,32000,4800,8000,0,17473.135429559174,4656,4656,PASS
2025-12-05T12:12:37.105Z,NANOUSD,mean_reversion,0.8157429279999999,32000,4800,8000,0,0,87360.00000000025,4656,MAX_POSITION
2025-12-05T12:12:37.383Z,LINKUSDT,vwap_pullback,14.056522479999998,32000,4800,8000,0,0,82370.63198648157,4656,MAX_POSITION
2025-12-05T12:12:38.380Z,XLTCZEUR,mean_reversion,70.59051999999998,32000,4800,8000,0,0,87360.0000000008,4656,MAX_POSITION
2025-12-05T12:12:38.676Z,NOSUSD,mean_reversion,0.266266,32000,4800,8000,0,0,87360.00000000048,4656,MAX_POSITION
2025-12-05T12:12:38.806Z,AUD/USD,vwap_pullback,0.6639132499999999,32000,4800,8000,0,7012.964419673806,4656,4656,PASS
2025-12-05T12:12:39.708Z,OPEUR,mean_reversion,0.2720718,32000,4800,8000,0,0,87360.00000000038,4656,MAX_POSITION
2025-12-05T12:12:39.719Z,XLTCZUSD,mean_reversion,82.20212,32000,4800,8000,0,0,87360.0000000006,4656,MAX_POSITION
2025-12-05T12:12:40.936Z,MASKEUR,mean_reversion,0.5805799999999999,32000,4800,8000,0,0,87360.00000000077,4656,MAX_POSITION
2025-12-05T12:12:41.218Z,OPUSD,mean_reversion,0.31691659999999994,32000,4800,8000,0,0,87360.00000000131,4656,MAX_POSITION
2025-12-05T12:12:42.614Z,MEUSD,mean_reversion,0.3362358999999999,32000,4800,8000,0,0,87360.00000000127,4656,MAX_POSITION
2025-12-05T12:12:42.752Z,PROVEEUR,mean_reversion,0.39519479999999996,32000,4800,8000,0,0,87360.0000000004,4656,MAX_POSITION
2025-12-05T12:12:44.161Z,RUNEEUR,mean_reversion,0.5685679999999999,32000,4800,8000,0,0,87360.00000000109,4656,MAX_POSITION
2025-12-05T12:12:44.277Z,NANOEUR,mean_reversion,0.707725018,32000,4800,8000,0,0,87360.00000000016,4656,MAX_POSITION
2025-12-05T12:12:44.719Z,EURC/USDC,vwap_pullback,1.1670058399999998,32000,4800,8000,0,3989.6972580702773,4656,4656,PASS
2025-12-05T12:12:45.462Z,RUNEUSD,mean_reversion,0.6606599999999999,32000,4800,8000,0,0,87360.0000000008,4656,MAX_POSITION
2025-12-05T12:12:45.622Z,NANOUSD,mean_reversion,0.8157429279999999,32000,4800,8000,0,0,87360.00000000025,4656,MAX_POSITION
2025-12-05T12:12:46.784Z,SOSOUSD,mean_reversion,0.6080074,32000,4800,8000,0,0,87360.00000000067,4656,MAX_POSITION
2025-12-05T12:12:47.073Z,NOSUSD,mean_reversion,0.266266,32000,4800,8000,0,0,87360.00000000048,4656,MAX_POSITION
2025-12-05T12:12:48.521Z,TONEUR,mean_reversion,1.3643629999999998,32000,4800,8000,0,0,87360.00000000109,4656,MAX_POSITION
2025-12-05T12:12:48.587Z,OPEUR,mean_reversion,0.2720718,32000,4800,8000,0,0,87360.00000000038,4656,MAX_POSITION
2025-12-05T12:12:49.621Z,TONUSD,mean_reversion,1.5865849999999997,32000,4800,8000,0,0,87360.00000000176,4656,MAX_POSITION
2025-12-05T12:12:49.911Z,OPUSD,mean_reversion,0.31691659999999994,32000,4800,8000,0,0,87360.00000000131,4656,MAX_POSITION
2025-12-05T12:12:50.622Z,TRUMPUSD,mean_reversion,5.878873,32000,4800,8000,0,0,87360.00000000124,4656,MAX_POSITION
2025-12-05T12:12:51.154Z,PROVEEUR,mean_reversion,0.39519479999999996,32000,4800,8000,0,0,87360.0000000004,4656,MAX_POSITION
2025-12-05T12:12:52.400Z,RUNEEUR,mean_reversion,0.5685679999999999,32000,4800,8000,0,0,87360.00000000109,4656,MAX_POSITION
2025-12-05T12:12:52.707Z,USDCHF,vwap_pullback,0.8042934899999999,32000,4800,8000,0,0,184533.5885167423,4656,MAX_POSITION
2025-12-05T12:12:53.307Z,SYRUP/USD,vwap_bounce,0.2664662,32000,4800,8000,0,17473.135429559174,4656,4656,PASS
2025-12-05T12:12:53.634Z,RUNEUSD,mean_reversion,0.6606599999999999,32000,4800,8000,0,0,87360.0000000008,4656,MAX_POSITION
2025-12-05T12:12:54.055Z,XXRPZCAD,mean_reversion,2.8927198299999994,32000,4800,8000,0,0,87360.00000000173,4656,MAX_POSITION
2025-12-05T12:12:55.117Z,SOSOUSD,mean_reversion,0.6080074,32000,4800,8000,0,0,87360.00000000067,4656,MAX_POSITION
2025-12-05T12:12:55.451Z,AUD/USD,vwap_pullback,0.6639132499999999,32000,4800,8000,0,7012.964419673806,4656,4656,PASS
2025-12-05T12:12:55.772Z,XXRPZEUR,mean_reversion,1.7774156399999999,32000,4800,8000,0,0,87360.00000000061,4656,MAX_POSITION
2025-12-05T12:12:56.646Z,TONEUR,mean_reversion,1.3643629999999998,32000,4800,8000,0,0,87360.00000000109,4656,MAX_POSITION
2025-12-05T12:12:56.796Z,XRPGBP,mean_reversion,1.5520605099999998,32000,4800,8000,0,0,87360.0000000017,4656,MAX_POSITION
2025-12-05T12:12:57.701Z,TONUSD,mean_reversion,1.5865849999999997,32000,4800,8000,0,0,87360.00000000176,4656,MAX_POSITION
2025-12-05T12:12:58.164Z,XRPRLUSD,mean_reversion,2.0702081399999996,32000,4800,8000,0,0,87360.00000000186,4656,MAX_POSITION
2025-12-05T12:12:58.809Z,TRUMPUSD,mean_reversion,5.878873,32000,4800,8000,0,0,87360.00000000124,4656,MAX_POSITION
2025-12-05T12:12:59.118Z,ADAAUD,mean_reversion,0.6494087599999999,32000,4800,8000,0,0,87360.00000000057,4656,MAX_POSITION
2025-12-05T12:12:59.600Z,XRPUSDT,mean_reversion,2.0694373699999997,32000,4800,8000,0,0,87360.0000000003,4656,MAX_POSITION
2025-12-05T12:13:00.117Z,AKTEUR,mean_reversion,0.39099059999999997,32000,4800,8000,0,0,87360.00000000032,4656,MAX_POSITION
2025-12-05T12:13:00.351Z,EURC/USDC,vwap_pullback,1.1670058399999998,32000,4800,8000,0,3989.6972580702773,4656,4656,PASS
2025-12-05T12:13:00.930Z,AUDUSD,vwap_pullback,0.6639132499999999,32000,4800,8000,0,0,45591.628558018856,4656,MAX_POSITION
2025-12-05T12:13:00.954Z,XTZEUR,mean_reversion,0.42062019999999994,32000,4800,8000,0,0,87360.0000000017,4656,MAX_POSITION
2025-12-05T12:13:01.531Z,AUDUSD,sma_trend_ride,0.6645765,32000,4800,8000,0,0,107582.34687063964,4656,MAX_POSITION
2025-12-05T12:13:01.558Z,USDCHF,vwap_pullback,0.8042934899999999,32000,4800,8000,0,0,184533.5885167423,4656,MAX_POSITION
2025-12-05T12:13:02.329Z,XTZUSD,mean_reversion,0.48868819999999996,32000,4800,8000,0,0,87360.00000000103,4656,MAX_POSITION
2025-12-05T12:13:02.724Z,XXRPZCAD,mean_reversion,2.8927198299999994,32000,4800,8000,0,0,87360.00000000173,4656,MAX_POSITION
2025-12-05T12:13:02.924Z,CAKEUSD,mean_reversion,2.3143119999999997,32000,4800,8000,0,0,87360.00000000033,4656,MAX_POSITION
2025-12-05T12:13:03.924Z,CVXUSD,mean_reversion,1.8248229999999999,32000,4800,8000,0,0,87360.00000000054,4656,MAX_POSITION
2025-12-05T12:13:04.018Z,XXRPZEUR,mean_reversion,1.7774256499999999,32000,4800,8000,0,0,87360.00000000063,4656,MAX_POSITION
2025-12-05T12:13:04.910Z,DOTEUR,mean_reversion,1.9206187,32000,4800,8000,0,0,87360.00000000044,4656,MAX_POSITION
2025-12-05T12:13:05.046Z,XRPGBP,mean_reversion,1.5520605099999998,32000,4800,8000,0,0,87360.0000000017,4656,MAX_POSITION
2025-12-05T12:13:05.981Z,ONDO/USD,vwap_pullback,0.48053004999999993,32000,4800,8000,0,9689.300388185922,4656,4656,PASS
2025-12-05T12:13:06.359Z,XRPRLUSD,mean_reversion,2.0702081399999996,32000,4800,8000,0,0,87360.00000000186,4656,MAX_POSITION
2025-12-05T12:13:06.506Z,DOTGBP,mean_reversion,1.6742725999999999,32000,4800,8000,0,0,87360.00000000084,4656,MAX_POSITION
2025-12-05T12:13:07.336Z,XRPUSDT,mean_reversion,2.0694373699999997,32000,4800,8000,0,0,87360.0000000003,4656,MAX_POSITION
2025-12-05T12:13:07.778Z,DOTUSDC,mean_reversion,2.2351328999999995,32000,4800,8000,0,0,87360.00000000108,4656,MAX_POSITION
2025-12-05T12:13:08.341Z,XTZEUR,mean_reversion,0.42062019999999994,32000,4800,8000,0,0,87360.0000000017,4656,MAX_POSITION
2025-12-05T12:13:08.840Z,DOTUSDT,mean_reversion,2.2340317999999995,32000,4800,8000,0,0,87360.00000000172,4656,MAX_POSITION
2025-12-05T12:13:09.362Z,XTZUSD,mean_reversion,0.48868819999999996,32000,4800,8000,0,0,87360.00000000103,4656,MAX_POSITION
2025-12-05T12:13:09.793Z,XETCZUSD,mean_reversion,13.488474999999998,32000,4800,8000,0,0,87360.000000001,4656,MAX_POSITION
2025-12-05T12:13:11.087Z,ETHFIEUR,mean_reversion,0.6906899999999999,32000,4800,8000,0,0,87360.00000000016,4656,MAX_POSITION
2025-12-05T12:13:12.224Z,ADAAUD,mean_reversion,0.6494087599999999,32000,4800,8000,0,0,87360.00000000057,4656,MAX_POSITION
2025-12-05T12:13:12.623Z,EULEUR,mean_reversion,3.3213179999999998,32000,4800,8000,0,0,87360.00000000019,4656,MAX_POSITION
2025-12-05T12:13:12.659Z,SYRUP/USD,vwap_bounce,0.2664662,32000,4800,8000,0,17473.135429559174,4656,4656,PASS
2025-12-05T12:13:13.489Z,AKTEUR,mean_reversion,0.39099059999999997,32000,4800,8000,0,0,87360.00000000032,4656,MAX_POSITION
2025-12-05T12:13:14.039Z,EWTUSD,mean_reversion,0.6886879999999999,32000,4800,8000,0,0,87360.00000000105,4656,MAX_POSITION
2025-12-05T12:13:14.825Z,AUD/USD,vwap_pullback,0.6639132499999999,32000,4800,8000,0,7012.964419673806,4656,4656,PASS
2025-12-05T12:13:15.051Z,AUDUSD,vwap_pullback,0.6639132499999999,32000,4800,8000,0,0,45591.628558018856,4656,MAX_POSITION
2025-12-05T12:13:15.314Z,FORTHUSD,mean_reversion,1.7377359999999997,32000,4800,8000,0,0,87360.00000000099,4656,MAX_POSITION
2025-12-05T12:13:15.652Z,AUDUSD,sma_trend_ride,0.6645765,32000,4800,8000,0,0,107582.34687063964,4656,MAX_POSITION
2025-12-05T12:13:16.329Z,FXSUSD,mean_reversion,0.805805,32000,4800,8000,0,0,87360.00000000052,4656,MAX_POSITION
2025-12-05T12:13:16.655Z,CAKEUSD,mean_reversion,2.3143119999999997,32000,4800,8000,0,0,87360.00000000033,4656,MAX_POSITION
2025-12-05T12:13:17.834Z,KSMUSD,mean_reversion,8.42842,32000,4800,8000,0,0,87359.99999999985,4656,MAX_POSITION
2025-12-05T12:13:18.011Z,CVXUSD,mean_reversion,1.8248229999999999,32000,4800,8000,0,0,87360.00000000054,4656,MAX_POSITION
2025-12-05T12:13:19.211Z,LINKEUR,vwap_pullback,12.079036969999999,32000,4800,8000,0,0,44409.8139396019,4656,MAX_POSITION
2025-12-05T12:13:19.507Z,DOTEUR,mean_reversion,1.9206187,32000,4800,8000,0,0,87360.00000000044,4656,MAX_POSITION
2025-12-05T12:13:20.208Z,LINKUSD,vwap_pullback,14.049745709999998,32000,4800,8000,0,0,83685.38740322202,4656,MAX_POSITION
2025-12-05T12:13:20.613Z,EURC/USDC,vwap_pullback,1.1670058399999998,32000,4800,8000,0,3989.6972580702773,4656,4656,PASS
2025-12-05T12:13:20.794Z,DOTGBP,mean_reversion,1.6742725999999999,32000,4800,8000,0,0,87360.00000000084,4656,MAX_POSITION
2025-12-05T12:13:21.534Z,LINKUSDC,vwap_pullback,14.079075009999997,32000,4800,8000,0,0,69073.53263875944,4656,MAX_POSITION
2025-12-05T12:13:21.754Z,DOTUSDC,mean_reversion,2.2351328999999995,32000,4800,8000,0,0,87360.00000000108,4656,MAX_POSITION
2025-12-05T12:13:22.824Z,LINKUSDT,vwap_pullback,14.056522479999998,32000,4800,8000,0,0,82370.63198648157,4656,MAX_POSITION
2025-12-05T12:13:23.157Z,DOTUSDT,mean_reversion,2.2340317999999995,32000,4800,8000,0,0,87360.00000000172,4656,MAX_POSITION
2025-12-05T12:13:23.778Z,XLTCZEUR,mean_reversion,70.59051999999998,32000,4800,8000,0,0,87360.0000000008,4656,MAX_POSITION
2025-12-05T12:13:24.094Z,XETCZUSD,mean_reversion,13.488474999999998,32000,4800,8000,0,0,87360.000000001,4656,MAX_POSITION
2025-12-05T12:13:25.074Z,XLTCZUSD,mean_reversion,82.19210999999999,32000,4800,8000,0,0,87360.00000000122,4656,MAX_POSITION
2025-12-05T12:13:25.361Z,ETHFIEUR,mean_reversion,0.6906899999999999,32000,4800,8000,0,0,87360.00000000016,4656,MAX_POSITION
2025-12-05T12:13:26.645Z,MASKEUR,mean_reversion,0.5805799999999999,32000,4800,8000,0,0,87360.00000000077,4656,MAX_POSITION
2025-12-05T12:13:26.773Z,ONDO/USD,vwap_pullback,0.48053004999999993,32000,4800,8000,0,9689.300388185922,4656,4656,PASS
2025-12-05T12:13:26.980Z,EULEUR,mean_reversion,3.3213179999999998,32000,4800,8000,0,0,87360.00000000019,4656,MAX_POSITION
2025-12-05T12:13:28.589Z,MEUSD,mean_reversion,0.3362358999999999,32000,4800,8000,0,0,87360.00000000127,4656,MAX_POSITION
2025-12-05T12:13:28.888Z,EWTUSD,mean_reversion,0.6886879999999999,32000,4800,8000,0,0,87360.00000000105,4656,MAX_POSITION
2025-12-05T12:13:30.153Z,FORTHUSD,mean_reversion,1.7377359999999997,32000,4800,8000,0,0,87360.00000000099,4656,MAX_POSITION
2025-12-05T12:13:30.277Z,NANOEUR,mean_reversion,0.707725018,32000,4800,8000,0,0,87360.00000000016,4656,MAX_POSITION
2025-12-05T12:13:31.467Z,FXSUSD,mean_reversion,0.805805,32000,4800,8000,0,0,87360.00000000052,4656,MAX_POSITION
2025-12-05T12:13:31.821Z,NANOUSD,mean_reversion,0.8157429279999999,32000,4800,8000,0,0,87360.00000000025,4656,MAX_POSITION
2025-12-05T12:13:32.723Z,SYRUP/USD,vwap_bounce,0.2664662,32000,4800,8000,0,17473.135429559174,4656,4656,PASS
2025-12-05T12:13:32.731Z,KSMUSD,mean_reversion,8.42842,32000,4800,8000,0,0,87359.99999999985,4656,MAX_POSITION
2025-12-05T12:13:33.598Z,NOSUSD,mean_reversion,0.266266,32000,4800,8000,0,0,87360.00000000048,4656,MAX_POSITION
2025-12-05T12:13:34.013Z,LINKEUR,vwap_pullback,12.079036969999999,32000,4800,8000,0,0,44409.8139396019,4656,MAX_POSITION
2025-12-05T12:13:34.551Z,ENA/USD,vwap_pullback,0.2747745,32000,4800,8000,0,16944.803830049732,4656,4656,PASS
2025-12-05T12:13:34.634Z,OPEUR,mean_reversion,0.2720718,32000,4800,8000,0,0,87360.00000000038,4656,MAX_POSITION
2025-12-05T12:13:35.098Z,LINKUSD,vwap_pullback,14.049745709999998,32000,4800,8000,0,0,83685.38740322202,4656,MAX_POSITION
2025-12-05T12:13:36.112Z,AUD/USD,vwap_pullback,0.66390324,32000,4800,8000,0,7013.070157633211,4656,4656,PASS
2025-12-05T12:13:36.169Z,OPUSD,mean_reversion,0.31691659999999994,32000,4800,8000,0,0,87360.00000000131,4656,MAX_POSITION
2025-12-05T12:13:36.637Z,LINKUSDC,vwap_pullback,14.079075009999997,32000,4800,8000,0,0,69073.53263875944,4656,MAX_POSITION
2025-12-05T12:13:37.695Z,PROVEEUR,mean_reversion,0.39519479999999996,32000,4800,8000,0,0,87360.0000000004,4656,MAX_POSITION
2025-12-05T12:13:37.949Z,LINKUSDT,vwap_pullback,14.056522479999998,32000,4800,8000,0,0,82370.63198648157,4656,MAX_POSITION
2025-12-05T12:13:38.753Z,RUNEEUR,mean_reversion,0.5685679999999999,32000,4800,8000,0,0,87360.00000000109,4656,MAX_POSITION
2025-12-05T12:13:40.094Z,XLTCZEUR,mean_reversion,70.59051999999998,32000,4800,8000,0,0,87360.0000000008,4656,MAX_POSITION
2025-12-05T12:13:40.100Z,RUNEUSD,mean_reversion,0.6606599999999999,32000,4800,8000,0,0,87360.0000000008,4656,MAX_POSITION
2025-12-05T12:13:40.259Z,EURC/USDC,vwap_pullback,1.1670058399999998,32000,4800,8000,0,3989.6972580702773,4656,4656,PASS
2025-12-05T12:13:41.357Z,SOSOUSD,mean_reversion,0.6080074,32000,4800,8000,0,0,87360.00000000067,4656,MAX_POSITION
2025-12-05T12:13:41.417Z,XLTCZUSD,mean_reversion,82.19210999999999,32000,4800,8000,0,0,87360.00000000122,4656,MAX_POSITION
2025-12-05T12:13:42.379Z,TONEUR,mean_reversion,1.3643629999999998,32000,4800,8000,0,0,87360.00000000109,4656,MAX_POSITION
2025-12-05T12:13:42.642Z,ADAAUD,mean_reversion,0.6494087599999999,32000,4800,8000,0,0,87360.00000000057,4656,MAX_POSITION
2025-12-05T12:13:42.938Z,MASKEUR,mean_reversion,0.5805799999999999,32000,4800,8000,0,0,87360.00000000077,4656,MAX_POSITION
2025-12-05T12:13:43.686Z,TONUSD,mean_reversion,1.5825809999999998,32000,4800,8000,0,0,87360.00000000032,4656,MAX_POSITION
2025-12-05T12:13:43.954Z,AKTEUR,mean_reversion,0.39099059999999997,32000,4800,8000,0,0,87360.00000000032,4656,MAX_POSITION
2025-12-05T12:13:44.956Z,TRUMPUSD,mean_reversion,5.878873,32000,4800,8000,0,0,87360.00000000124,4656,MAX_POSITION
2025-12-05T12:13:45.031Z,AUDUSD,vwap_pullback,0.66390324,32000,4800,8000,0,0,45623.631300004134,4656,MAX_POSITION
2025-12-05T12:13:45.127Z,MEUSD,mean_reversion,0.3362358999999999,32000,4800,8000,0,0,87360.00000000127,4656,MAX_POSITION
2025-12-05T12:13:45.632Z,AUDUSD,sma_trend_ride,0.6645664800000001,32000,4800,8000,0,0,107753.7495497834,4656,MAX_POSITION
2025-12-05T12:13:45.981Z,ONDO/USD,vwap_pullback,0.48053004999999993,32000,4800,8000,0,9689.300388185922,4656,4656,PASS
2025-12-05T12:13:46.644Z,CAKEUSD,mean_reversion,2.3143119999999997,32000,4800,8000,0,0,87360.00000000033,4656,MAX_POSITION
2025-12-05T12:13:46.847Z,NANOEUR,mean_reversion,0.707725018,32000,4800,8000,0,0,87360.00000000016,4656,MAX_POSITION
2025-12-05T12:13:47.741Z,USDCHF,vwap_pullback,0.8042634599999998,32000,4800,8000,0,0,185860.6265060255,4656,MAX_POSITION
2025-12-05T12:13:47.965Z,CVXUSD,mean_reversion,1.8248229999999999,32000,4800,8000,0,0,87360.00000000054,4656,MAX_POSITION
2025-12-05T12:13:48.428Z,NANOUSD,mean_reversion,0.8157429279999999,32000,4800,8000,0,0,87360.00000000025,4656,MAX_POSITION
2025-12-05T12:13:49.103Z,XXRPZCAD,mean_reversion,2.8885856999999997,32000,4800,8000,0,0,87360.00000000087,4656,MAX_POSITION
2025-12-05T12:13:49.509Z,DOTEUR,mean_reversion,1.9206187,32000,4800,8000,0,0,87360.00000000044,4656,MAX_POSITION
2025-12-05T12:13:49.703Z,NOSUSD,mean_reversion,0.266266,32000,4800,8000,0,0,87360.00000000048,4656,MAX_POSITION
2025-12-05T12:13:50.117Z,XXRPZEUR,mean_reversion,1.7773255499999998,32000,4800,8000,0,0,87360.00000000051,4656,MAX_POSITION
2025-12-05T12:13:50.704Z,OPEUR,mean_reversion,0.2720718,32000,4800,8000,0,0,87360.00000000038,4656,MAX_POSITION
2025-12-05T12:13:50.760Z,DOTGBP,mean_reversion,1.6742725999999999,32000,4800,8000,0,0,87360.00000000084,4656,MAX_POSITION
2025-12-05T12:13:51.653Z,XRPGBP,mean_reversion,1.5520605099999998,32000,4800,8000,0,0,87360.0000000017,4656,MAX_POSITION
2025-12-05T12:13:52.233Z,OPUSD,mean_reversion,0.31691659999999994,32000,4800,8000,0,0,87360.00000000131,4656,MAX_POSITION
2025-12-05T12:13:52.354Z,DOTUSDC,mean_reversion,2.2351328999999995,32000,4800,8000,0,0,87360.00000000108,4656,MAX_POSITION
2025-12-05T12:13:52.643Z,XRPRLUSD,mean_reversion,2.0702081399999996,32000,4800,8000,0,0,87360.00000000186,4656,MAX_POSITION
2025-12-05T12:13:53.687Z,DOTUSDT,mean_reversion,2.2340317999999995,32000,4800,8000,0,0,87360.00000000172,4656,MAX_POSITION
2025-12-05T12:13:53.738Z,XRPUSDT,mean_reversion,2.0694373699999997,32000,4800,8000,0,0,87360.0000000003,4656,MAX_POSITION
2025-12-05T12:13:53.869Z,PROVEEUR,mean_reversion,0.39519479999999996,32000,4800,8000,0,0,87360.0000000004,4656,MAX_POSITION
2025-12-05T12:13:53.922Z,SYRUP/USD,vwap_bounce,0.2664662,32000,4800,8000,0,17473.135429559174,4656,4656,PASS
2025-12-05T12:13:54.647Z,XETCZUSD,mean_reversion,13.488474999999998,32000,4800,8000,0,0,87360.000000001,4656,MAX_POSITION
2025-12-05T12:13:55.124Z,RUNEEUR,mean_reversion,0.5685679999999999,32000,4800,8000,0,0,87360.00000000109,4656,MAX_POSITION
2025-12-05T12:13:55.270Z,ENA/USD,vwap_pullback,0.2747745,32000,4800,8000,0,16944.803830049732,4656,4656,PASS
2025-12-05T12:13:55.378Z,XTZEUR,mean_reversion,0.42062019999999994,32000,4800,8000,0,0,87360.0000000017,4656,MAX_POSITION
2025-12-05T12:13:55.646Z,ETHFIEUR,mean_reversion,0.6906899999999999,32000,4800,8000,0,0,87360.00000000016,4656,MAX_POSITION
2025-12-05T12:13:56.419Z,RUNEUSD,mean_reversion,0.6606599999999999,32000,4800,8000,0,0,87360.0000000008,4656,MAX_POSITION
2025-12-05T12:13:56.632Z,XTZUSD,mean_reversion,0.48868819999999996,32000,4800,8000,0,0,87360.00000000103,4656,MAX_POSITION
2025-12-05T12:13:57.029Z,EULEUR,mean_reversion,3.3213179999999998,32000,4800,8000,0,0,87360.00000000019,4656,MAX_POSITION
2025-12-05T12:13:57.114Z,AUD/USD,vwap_pullback,0.66390324,32000,4800,8000,0,7013.070157633211,4656,4656,PASS
2025-12-05T12:13:57.468Z,SOSOUSD,mean_reversion,0.6080074,32000,4800,8000,0,0,87360.00000000067,4656,MAX_POSITION
2025-12-05T12:13:58.434Z,EWTUSD,mean_reversion,0.6886879999999999,32000,4800,8000,0,0,87360.00000000105,4656,MAX_POSITION
2025-12-05T12:13:58.744Z,TONEUR,mean_reversion,1.3643629999999998,32000,4800,8000,0,0,87360.00000000109,4656,MAX_POSITION
2025-12-05T12:13:59.695Z,FORTHUSD,mean_reversion,1.7377359999999997,32000,4800,8000,0,0,87360.00000000099,4656,MAX_POSITION
2025-12-05T12:14:00.027Z,TONUSD,mean_reversion,1.5825809999999998,32000,4800,8000,0,0,87360.00000000032,4656,MAX_POSITION
2025-12-05T12:14:00.730Z,FXSUSD,mean_reversion,0.805805,32000,4800,8000,0,0,87360.00000000052,4656,MAX_POSITION
2025-12-05T12:14:01.629Z,TRUMPUSD,mean_reversion,5.878873,32000,4800,8000,0,0,87360.00000000124,4656,MAX_POSITION
2025-12-05T12:14:02.331Z,KSMUSD,mean_reversion,8.42842,32000,4800,8000,0,0,87359.99999999985,4656,MAX_POSITION
2025-12-05T12:14:02.900Z,EURC/USDC,vwap_pullback,1.1670058399999998,32000,4800,8000,0,3989.6972580702773,4656,4656,PASS
2025-12-05T12:14:04.366Z,LINKEUR,vwap_pullback,12.079036969999999,32000,4800,8000,0,0,44409.8139396019,4656,MAX_POSITION
2025-12-05T12:14:04.500Z,USDCHF,vwap_pullback,0.8042634599999998,32000,4800,8000,0,0,185860.6265060255,4656,MAX_POSITION
2025-12-05T12:14:05.581Z,LINKUSD,vwap_pullback,14.049745709999998,32000,4800,8000,0,0,83685.38740322202,4656,MAX_POSITION
2025-12-05T12:14:05.796Z,XXRPZCAD,mean_reversion,2.8885856999999997,32000,4800,8000,0,0,87360.00000000087,4656,MAX_POSITION
2025-12-05T12:14:06.728Z,LINKUSDC,vwap_pullback,14.079075009999997,32000,4800,8000,0,0,69073.53263875944,4656,MAX_POSITION
2025-12-05T12:14:06.749Z,XXRPZEUR,mean_reversion,1.7773255499999998,32000,4800,8000,0,0,87360.00000000051,4656,MAX_POSITION
2025-12-05T12:14:07.720Z,LINKUSDT,vwap_pullback,14.056522479999998,32000,4800,8000,0,0,82370.63198648157,4656,MAX_POSITION
2025-12-05T12:14:07.758Z,XRPGBP,mean_reversion,1.5520605099999998,32000,4800,8000,0,0,87360.0000000017,4656,MAX_POSITION
2025-12-05T12:14:08.758Z,XRPRLUSD,mean_reversion,2.0702081399999996,32000,4800,8000,0,0,87360.00000000186,4656,MAX_POSITION
2025-12-05T12:14:09.205Z,ONDO/USD,vwap_pullback,0.48053004999999993,32000,4800,8000,0,9689.300388185922,4656,4656,PASS
2025-12-05T12:14:09.316Z,XLTCZEUR,mean_reversion,70.59051999999998,32000,4800,8000,0,0,87360.0000000008,4656,MAX_POSITION
2025-12-05T12:14:09.711Z,XRPUSDT,mean_reversion,2.0694373699999997,32000,4800,8000,0,0,87360.0000000003,4656,MAX_POSITION
2025-12-05T12:14:10.760Z,XTZEUR,mean_reversion,0.42062019999999994,32000,4800,8000,0,0,87360.0000000017,4656,MAX_POSITION
2025-12-05T12:14:10.980Z,XLTCZUSD,mean_reversion,82.20212,32000,4800,8000,0,0,87360.0000000006,4656,MAX_POSITION
2025-12-05T12:14:11.829Z,NEAR/USD,vwap_pullback,1.738737,32000,4800,8000,0,2677.8057866140766,4656,4656,PASS
2025-12-05T12:14:12.056Z,XTZUSD,mean_reversion,0.48868819999999996,32000,4800,8000,0,0,87360.00000000103,4656,MAX_POSITION
2025-12-05T12:14:12.587Z,MASKEUR,mean_reversion,0.5805799999999999,32000,4800,8000,0,0,87360.00000000077,4656,MAX_POSITION
2025-12-05T12:14:14.643Z,MEUSD,mean_reversion,0.3362358999999999,32000,4800,8000,0,0,87360.00000000127,4656,MAX_POSITION
2025-12-05T12:14:16.794Z,NANOEUR,mean_reversion,0.707725018,32000,4800,8000,0,0,87360.00000000016,4656,MAX_POSITION
2025-12-05T12:14:16.904Z,SOL/USD,vwap_pullback,136.94681,32000,4800,8000,0,33.99860135478877,4656,4656,PASS
2025-12-05T12:14:18.754Z,NANOUSD,mean_reversion,0.8157429279999999,32000,4800,8000,0,0,87360.00000000025,4656,MAX_POSITION
2025-12-05T12:14:20.016Z,NOSUSD,mean_reversion,0.266266,32000,4800,8000,0,0,87360.00000000048,4656,MAX_POSITION
2025-12-05T12:14:22.071Z,OPEUR,mean_reversion,0.2720718,32000,4800,8000,0,0,87360.00000000038,4656,MAX_POSITION
2025-12-05T12:14:23.073Z,OPUSD,mean_reversion,0.31691659999999994,32000,4800,8000,0,0,87360.00000000131,4656,MAX_POSITION
2025-12-05T12:14:23.131Z,SYRUP/USD,vwap_bounce,0.2664662,32000,4800,8000,0,17473.135429559174,4656,4656,PASS
2025-12-05T12:14:24.342Z,PROVEEUR,mean_reversion,0.39519479999999996,32000,4800,8000,0,0,87360.0000000004,4656,MAX_POSITION
2025-12-05T12:14:24.721Z,ENA/USD,vwap_pullback,0.2747745,32000,4800,8000,0,16944.803830049732,4656,4656,PASS
2025-12-05T12:14:25.933Z,RUNEEUR,mean_reversion,0.5685679999999999,32000,4800,8000,0,0,87360.00000000109,4656,MAX_POSITION
2025-12-05T12:14:26.266Z,AUD/USD,vwap_pullback,0.6645639,32000,4800,8000,0,7006.098284905334,4656,4656,PASS
2025-12-05T12:14:27.269Z,RUNEUSD,mean_reversion,0.6606599999999999,32000,4800,8000,0,0,87360.0000000008,4656,MAX_POSITION
2025-12-05T12:14:28.275Z,SOSOUSD,mean_reversion,0.6062056,32000,4800,8000,0,0,87360.00000000086,4656,MAX_POSITION
2025-12-05T12:14:28.278Z,ADAAUD,mean_reversion,0.6494087599999999,32000,4800,8000,0,0,87360.00000000057,4656,MAX_POSITION
2025-12-05T12:14:29.589Z,AKTEUR,mean_reversion,0.39099059999999997,32000,4800,8000,0,0,87360.00000000032,4656,MAX_POSITION
2025-12-05T12:14:29.929Z,TONEUR,mean_reversion,1.3643629999999998,32000,4800,8000,0,0,87360.00000000109,4656,MAX_POSITION
2025-12-05T12:14:30.488Z,AUDUSD,vwap_pullback,0.6645639,32000,4800,8000,0,0,43606.98762340517,4656,MAX_POSITION
2025-12-05T12:14:31.089Z,AUDUSD,sma_trend_ride,0.6652278,32000,4800,8000,0,0,97510.31329195875,4656,MAX_POSITION
2025-12-05T12:14:31.288Z,TONUSD,mean_reversion,1.5835819999999998,32000,4800,8000,0,0,87360.00000000151,4656,MAX_POSITION
2025-12-05T12:14:31.807Z,EURC/USDC,vwap_pullback,1.1670058399999998,32000,4800,8000,0,3989.6972580702773,4656,4656,PASS
2025-12-05T12:14:32.293Z,TRUMPUSD,mean_reversion,5.878873,32000,4800,8000,0,0,87360.00000000124,4656,MAX_POSITION
2025-12-05T12:14:32.307Z,CAKEUSD,mean_reversion,2.3143119999999997,32000,4800,8000,0,0,87360.00000000033,4656,MAX_POSITION
2025-12-05T12:14:33.538Z,CVXUSD,mean_reversion,1.8248229999999999,32000,4800,8000,0,0,87360.00000000054,4656,MAX_POSITION
2025-12-05T12:14:34.998Z,USDCHF,vwap_pullback,0.8042033999999999,32000,4800,8000,0,0,188573.105134472,4656,MAX_POSITION
2025-12-05T12:14:35.217Z,DOTEUR,mean_reversion,1.9176156999999998,32000,4800,8000,0,0,87360.00000000022,4656,MAX_POSITION
2025-12-05T12:14:36.069Z,XXRPZCAD,mean_reversion,2.8885856999999997,32000,4800,8000,0,0,87360.00000000087,4656,MAX_POSITION
2025-12-05T12:14:36.502Z,DOTGBP,mean_reversion,1.6742725999999999,32000,4800,8000,0,0,87360.00000000084,4656,MAX_POSITION
2025-12-05T12:14:37.612Z,XXRPZEUR,mean_reversion,1.7773255499999998,32000,4800,8000,0,0,87360.00000000051,4656,MAX_POSITION
2025-12-05T12:14:38.021Z,DOTUSDC,mean_reversion,2.2351328999999995,32000,4800,8000,0,0,87360.00000000108,4656,MAX_POSITION
2025-12-05T12:14:38.100Z,ONDO/USD,vwap_pullback,0.48053004999999993,32000,4800,8000,0,9689.300388185922,4656,4656,PASS
2025-12-05T12:14:38.616Z,XRPGBP,mean_reversion,1.5520605099999998,32000,4800,8000,0,0,87360.0000000017,4656,MAX_POSITION
2025-12-05T12:14:39.053Z,DOTUSDT,mean_reversion,2.2340317999999995,32000,4800,8000,0,0,87360.00000000172,4656,MAX_POSITION
2025-12-05T12:14:39.895Z,XRPRLUSD,mean_reversion,2.0702081399999996,32000,4800,8000,0,0,87360.00000000186,4656,MAX_POSITION
2025-12-05T12:14:40.261Z,XETCZUSD,mean_reversion,13.488474999999998,32000,4800,8000,0,0,87360.000000001,4656,MAX_POSITION
2025-12-05T12:14:40.929Z,XRPUSDT,mean_reversion,2.0694373699999997,32000,4800,8000,0,0,87360.0000000003,4656,MAX_POSITION
2025-12-05T12:14:41.281Z,ETHFIEUR,mean_reversion,0.6906899999999999,32000,4800,8000,0,0,87360.00000000016,4656,MAX_POSITION
2025-12-05T12:14:41.895Z,NEAR/USD,vwap_pullback,1.738737,32000,4800,8000,0,2677.8057866140766,4656,4656,PASS
2025-12-05T12:14:41.924Z,XTZEUR,mean_reversion,0.42062019999999994,32000,4800,8000,0,0,87360.0000000017,4656,MAX_POSITION
2025-12-05T12:14:41.959Z,ADAAUD,mean_reversion,0.6494087599999999,32000,4800,8000,0,0,87360.00000000057,4656,MAX_POSITION
2025-12-05T12:14:42.553Z,EULEUR,mean_reversion,3.3213179999999998,32000,4800,8000,0,0,87360.00000000019,4656,MAX_POSITION
2025-12-05T12:14:42.881Z,XTZUSD,mean_reversion,0.48868819999999996,32000,4800,8000,0,0,87360.00000000103,4656,MAX_POSITION
2025-12-05T12:14:43.318Z,AKTEUR,mean_reversion,0.39099059999999997,32000,4800,8000,0,0,87360.00000000032,4656,MAX_POSITION
2025-12-05T12:14:44.363Z,AUDUSD,vwap_pullback,0.6645639,32000,4800,8000,0,0,43606.98762340517,4656,MAX_POSITION
2025-12-05T12:14:44.530Z,EWTUSD,mean_reversion,0.6886879999999999,32000,4800,8000,0,0,87360.00000000105,4656,MAX_POSITION
2025-12-05T12:14:44.949Z,AUDUSD,sma_trend_ride,0.6652278,32000,4800,8000,0,0,97510.31329195875,4656,MAX_POSITION
2025-12-05T12:14:45.783Z,FORTHUSD,mean_reversion,1.7377359999999997,32000,4800,8000,0,0,87360.00000000099,4656,MAX_POSITION
2025-12-05T12:14:46.235Z,CAKEUSD,mean_reversion,2.3143119999999997,32000,4800,8000,0,0,87360.00000000033,4656,MAX_POSITION
2025-12-05T12:14:47.039Z,FXSUSD,mean_reversion,0.805805,32000,4800,8000,0,0,87360.00000000052,4656,MAX_POSITION
2025-12-05T12:14:47.055Z,SOL/USD,vwap_pullback,136.94681,32000,4800,8000,0,33.99860135478877,4656,4656,PASS
2025-12-05T12:14:47.532Z,CVXUSD,mean_reversion,1.8248229999999999,32000,4800,8000,0,0,87360.00000000054,4656,MAX_POSITION
2025-12-05T12:14:48.616Z,KSMUSD,mean_reversion,8.42842,32000,4800,8000,0,0,87359.99999999985,4656,MAX_POSITION
2025-12-05T12:14:48.953Z,DOTEUR,mean_reversion,1.9176156999999998,32000,4800,8000,0,0,87360.00000000022,4656,MAX_POSITION
2025-12-05T12:14:49.658Z,LINKEUR,vwap_pullback,12.079036969999999,32000,4800,8000,0,0,44409.8139396019,4656,MAX_POSITION
2025-12-05T12:14:49.962Z,DOTGBP,mean_reversion,1.6742725999999999,32000,4800,8000,0,0,87360.00000000084,4656,MAX_POSITION
2025-12-05T12:14:51.169Z,LINKUSD,vwap_pullback,14.049745709999998,32000,4800,8000,0,0,83685.38740322202,4656,MAX_POSITION
2025-12-05T12:14:51.253Z,DOTUSDC,mean_reversion,2.2351328999999995,32000,4800,8000,0,0,87360.00000000108,4656,MAX_POSITION
2025-12-05T12:14:52.547Z,DOTUSDT,mean_reversion,2.2340317999999995,32000,4800,8000,0,0,87360.00000000172,4656,MAX_POSITION
2025-12-05T12:14:52.700Z,LINKUSDC,vwap_pullback,14.079075009999997,32000,4800,8000,0,0,69073.53263875944,4656,MAX_POSITION
2025-12-05T12:14:52.845Z,SYRUP/USD,vwap_bounce,0.2664662,32000,4800,8000,0,17473.135429559174,4656,4656,PASS
2025-12-05T12:14:53.768Z,LINKUSDT,vwap_pullback,14.056522479999998,32000,4800,8000,0,0,82370.63198648157,4656,MAX_POSITION
2025-12-05T12:14:53.782Z,XETCZUSD,mean_reversion,13.488474999999998,32000,4800,8000,0,0,87360.000000001,4656,MAX_POSITION
2025-12-05T12:14:54.176Z,ENA/USD,vwap_pullback,0.2747745,32000,4800,8000,0,16944.803830049732,4656,4656,PASS
2025-12-05T12:14:54.843Z,XLTCZEUR,mean_reversion,70.63055999999999,32000,4800,8000,0,0,87360.00000000109,4656,MAX_POSITION
2025-12-05T12:14:54.951Z,ETHFIEUR,mean_reversion,0.6906899999999999,32000,4800,8000,0,0,87360.00000000016,4656,MAX_POSITION
2025-12-05T12:14:55.748Z,AUD/USD,vwap_pullback,0.6645639,32000,4800,8000,0,7006.098284905334,4656,4656,PASS
2025-12-05T12:14:55.957Z,EULEUR,mean_reversion,3.3213179999999998,32000,4800,8000,0,0,87360.00000000019,4656,MAX_POSITION
2025-12-05T12:14:56.094Z,XLTCZUSD,mean_reversion,82.25216999999999,32000,4800,8000,0,0,87360.0000000002,4656,MAX_POSITION
2025-12-05T12:14:57.348Z,MASKEUR,mean_reversion,0.5805799999999999,32000,4800,8000,0,0,87360.00000000077,4656,MAX_POSITION
2025-12-05T12:14:57.908Z,EWTUSD,mean_reversion,0.6886879999999999,32000,4800,8000,0,0,87360.00000000105,4656,MAX_POSITION
2025-12-05T12:14:59.484Z,FORTHUSD,mean_reversion,1.7377359999999997,32000,4800,8000,0,0,87360.00000000099,4656,MAX_POSITION
2025-12-05T12:14:59.494Z,MEUSD,mean_reversion,0.3362358999999999,32000,4800,8000,0,0,87360.00000000127,4656,MAX_POSITION
2025-12-05T12:15:00.604Z,FXSUSD,mean_reversion,0.805805,32000,4800,8000,0,0,87360.00000000052,4656,MAX_POSITION
2025-12-05T12:15:01.002Z,EURC/USDC,vwap_pullback,1.1670058399999998,32000,4800,8000,0,3989.6972580702773,4656,4656,PASS
2025-12-05T12:15:01.445Z,NANOEUR,mean_reversion,0.707725018,32000,4800,8000,0,0,87360.00000000016,4656,MAX_POSITION
2025-12-05T12:15:01.622Z,KSMUSD,mean_reversion,8.42842,32000,4800,8000,0,0,87359.99999999985,4656,MAX_POSITION
2025-12-05T12:15:02.389Z,NANOUSD,mean_reversion,0.8157429279999999,32000,4800,8000,0,0,87360.00000000025,4656,MAX_POSITION
2025-12-05T12:15:02.846Z,LINKEUR,vwap_pullback,12.079036969999999,32000,4800,8000,0,0,44409.8139396019,4656,MAX_POSITION
2025-12-05T12:15:03.907Z,NOSUSD,mean_reversion,0.266266,32000,4800,8000,0,0,87360.00000000048,4656,MAX_POSITION
2025-12-05T12:15:04.106Z,LINKUSD,vwap_pullback,14.049745709999998,32000,4800,8000,0,0,83685.38740322202,4656,MAX_POSITION
2025-12-05T12:15:04.966Z,OPEUR,mean_reversion,0.2720718,32000,4800,8000,0,0,87360.00000000038,4656,MAX_POSITION
2025-12-05T12:15:05.065Z,LINKUSDC,vwap_pullback,14.070756699999997,32000,4800,8000,0,0,72097.68243059493,4656,MAX_POSITION
2025-12-05T12:15:06.285Z,OPUSD,mean_reversion,0.31651619999999997,32000,4800,8000,0,0,87360.0000000003,4656,MAX_POSITION
2025-12-05T12:15:06.329Z,LINKUSDT,vwap_pullback,14.056522479999998,32000,4800,8000,0,0,82370.63198648157,4656,MAX_POSITION
2025-12-05T12:15:07.550Z,XLTCZEUR,mean_reversion,70.63055999999999,32000,4800,8000,0,0,87360.00000000109,4656,MAX_POSITION
2025-12-05T12:15:07.880Z,PROVEEUR,mean_reversion,0.39519479999999996,32000,4800,8000,0,0,87360.0000000004,4656,MAX_POSITION
2025-12-05T12:15:07.897Z,ONDO/USD,vwap_pullback,0.48053004999999993,32000,4800,8000,0,9689.300388185922,4656,4656,PASS
2025-12-05T12:15:08.550Z,XLTCZUSD,mean_reversion,82.25216999999999,32000,4800,8000,0,0,87360.0000000002,4656,MAX_POSITION
2025-12-05T12:15:08.875Z,RUNEEUR,mean_reversion,0.5685679999999999,32000,4800,8000,0,0,87360.00000000109,4656,MAX_POSITION
2025-12-05T12:15:09.802Z,MASKEUR,mean_reversion,0.5805799999999999,32000,4800,8000,0,0,87360.00000000077,4656,MAX_POSITION
2025-12-05T12:15:10.399Z,RUNEUSD,mean_reversion,0.6606599999999999,32000,4800,8000,0,0,87360.0000000008,4656,MAX_POSITION
2025-12-05T12:15:11.254Z,NEAR/USD,range_trading,1.7347329999999999,32000,4800,8000,0,2683.986527033267,4656,4656,PASS
2025-12-05T12:15:11.481Z,SOSOUSD,mean_reversion,0.6062056,32000,4800,8000,0,0,87360.00000000086,4656,MAX_POSITION
2025-12-05T12:15:11.806Z,MEUSD,mean_reversion,0.3362358999999999,32000,4800,8000,0,0,87360.00000000127,4656,MAX_POSITION
2025-12-05T12:15:13.071Z,TONEUR,mean_reversion,1.3643629999999998,32000,4800,8000,0,0,87360.00000000109,4656,MAX_POSITION
2025-12-05T12:15:13.502Z,NANOEUR,mean_reversion,0.707725018,32000,4800,8000,0,0,87360.00000000016,4656,MAX_POSITION
2025-12-05T12:15:14.363Z,TONUSD,mean_reversion,1.5845829999999999,32000,4800,8000,0,0,87360.0000000005,4656,MAX_POSITION
2025-12-05T12:15:15.090Z,NANOUSD,mean_reversion,0.8157429279999999,32000,4800,8000,0,0,87360.00000000025,4656,MAX_POSITION
2025-12-05T12:15:15.674Z,TRUMPUSD,mean_reversion,5.873868,32000,4800,8000,0,0,87360.00000000083,4656,MAX_POSITION
2025-12-05T12:15:16.434Z,NOSUSD,mean_reversion,0.266266,32000,4800,8000,0,0,87360.00000000048,4656,MAX_POSITION
2025-12-05T12:15:16.622Z,SOL/USD,vwap_pullback,136.94681,32000,4800,8000,0,33.99860135478877,4656,4656,PASS
2025-12-05T12:15:17.425Z,OPEUR,mean_reversion,0.2720718,32000,4800,8000,0,0,87360.00000000038,4656,MAX_POSITION
2025-12-05T12:15:18.422Z,USDCHF,vwap_pullback,0.8042033999999999,32000,4800,8000,0,0,188573.105134472,4656,MAX_POSITION
2025-12-05T12:15:18.983Z,OPUSD,mean_reversion,0.31651619999999997,32000,4800,8000,0,0,87360.0000000003,4656,MAX_POSITION
2025-12-05T12:15:19.221Z,XXRPZCAD,mean_reversion,2.8885856999999997,32000,4800,8000,0,0,87360.00000000087,4656,MAX_POSITION
2025-12-05T12:15:19.970Z,PROVEEUR,mean_reversion,0.39519479999999996,32000,4800,8000,0,0,87360.0000000004,4656,MAX_POSITION
2025-12-05T12:15:20.253Z,XXRPZEUR,mean_reversion,1.7768450699999998,32000,4800,8000,0,0,87360,4656,MAX_POSITION
2025-12-05T12:15:21.227Z,RUNEEUR,mean_reversion,0.5685679999999999,32000,4800,8000,0,0,87360.00000000109,4656,MAX_POSITION
2025-12-05T12:15:21.839Z,XRPGBP,mean_reversion,1.5520605099999998,32000,4800,8000,0,0,87360.0000000017,4656,MAX_POSITION
2025-12-05T12:15:22.927Z,XRPRLUSD,mean_reversion,2.0702081399999996,32000,4800,8000,0,0,87360.00000000186,4656,MAX_POSITION
2025-12-05T12:15:22.929Z,RUNEUSD,mean_reversion,0.6606599999999999,32000,4800,8000,0,0,87360.0000000008,4656,MAX_POSITION
2025-12-05T12:15:22.935Z,APT/USD,vwap_pullback,1.8514495999999998,32000,4800,8000,0,2514.7862518104735,4656,4656,PASS
2025-12-05T12:15:23.975Z,SOSOUSD,mean_reversion,0.6062056,32000,4800,8000,0,0,87360.00000000086,4656,MAX_POSITION
2025-12-05T12:15:24.318Z,XRPUSDT,mean_reversion,2.0692972299999997,32000,4800,8000,0,0,87360.00000000016,4656,MAX_POSITION
2025-12-05T12:15:25.646Z,XTZEUR,mean_reversion,0.42062019999999994,32000,4800,8000,0,0,87360.0000000017,4656,MAX_POSITION
2025-12-05T12:15:26.084Z,TONEUR,mean_reversion,1.3643629999999998,32000,4800,8000,0,0,87360.00000000109,4656,MAX_POSITION
2025-12-05T12:15:26.657Z,SYRUP/USD,vwap_bounce,0.26708681999999995,32000,4800,8000,0,17432.533735659443,4656,4656,PASS
2025-12-05T12:15:27.107Z,XTZUSD,mean_reversion,0.48868819999999996,32000,4800,8000,0,0,87360.00000000103,4656,MAX_POSITION
2025-12-05T12:15:27.330Z,TONUSD,mean_reversion,1.5845829999999999,32000,4800,8000,0,0,87360.0000000005,4656,MAX_POSITION
2025-12-05T12:15:28.372Z,ENA/USD,vwap_pullback,0.2747745,32000,4800,8000,0,16944.803830049732,4656,4656,PASS
2025-12-05T12:15:28.954Z,TRUMPUSD,mean_reversion,5.875869999999999,32000,4800,8000,0,0,87360.00000000147,4656,MAX_POSITION
2025-12-05T12:15:29.660Z,AUD/USD,vwap_pullback,0.6645639,32000,4800,8000,0,7006.098284905334,4656,4656,PASS
2025-12-05T12:15:31.404Z,ADAAUD,mean_reversion,0.6494087599999999,32000,4800,8000,0,0,87360.00000000057,4656,MAX_POSITION
2025-12-05T12:15:31.944Z,USDCHF,vwap_pullback,0.8045137099999999,32000,4800,8000,0,0,175354.90909090565,4656,MAX_POSITION
2025-12-05T12:15:32.656Z,AKTEUR,mean_reversion,0.39099059999999997,32000,4800,8000,0,0,87360.00000000032,4656,MAX_POSITION
2025-12-05T12:15:33.532Z,XXRPZCAD,mean_reversion,2.8885856999999997,32000,4800,8000,0,0,87360.00000000087,4656,MAX_POSITION
2025-12-05T12:15:33.920Z,AUDUSD,vwap_pullback,0.6645639,32000,4800,8000,0,0,43606.98762340517,4656,MAX_POSITION
2025-12-05T12:15:34.510Z,AUDUSD,sma_trend_ride,0.6652278,32000,4800,8000,0,0,97510.31329195875,4656,MAX_POSITION
2025-12-05T12:15:35.721Z,CAKEUSD,mean_reversion,2.3143119999999997,32000,4800,8000,0,0,87360.00000000033,4656,MAX_POSITION
2025-12-05T12:15:36.038Z,XXRPZEUR,mean_reversion,1.77754577,32000,4800,8000,0,0,87360.00000000074,4656,MAX_POSITION
2025-12-05T12:15:36.787Z,CVXUSD,mean_reversion,1.8248229999999999,32000,4800,8000,0,0,87360.00000000054,4656,MAX_POSITION
2025-12-05T12:15:37.036Z,XRPGBP,mean_reversion,1.5520605099999998,32000,4800,8000,0,0,87360.0000000017,4656,MAX_POSITION
2025-12-05T12:15:38.173Z,DOTEUR,mean_reversion,1.9176156999999998,32000,4800,8000,0,0,87360.00000000022,4656,MAX_POSITION
2025-12-05T12:15:39.089Z,XRPRLUSD,mean_reversion,2.0702081399999996,32000,4800,8000,0,0,87360.00000000186,4656,MAX_POSITION
2025-12-05T12:15:39.807Z,DOTGBP,mean_reversion,1.6742725999999999,32000,4800,8000,0,0,87360.00000000084,4656,MAX_POSITION
2025-12-05T12:15:40.870Z,XRPUSDT,mean_reversion,2.0692972299999997,32000,4800,8000,0,0,87360.00000000016,4656,MAX_POSITION
2025-12-05T12:15:41.087Z,DOTUSDC,mean_reversion,2.2351328999999995,32000,4800,8000,0,0,87360.00000000108,4656,MAX_POSITION
2025-12-05T12:15:41.931Z,ADAAUD,mean_reversion,0.6494087599999999,32000,4800,8000,0,0,87360.00000000057,4656,MAX_POSITION
2025-12-05T12:15:42.426Z,XTZEUR,mean_reversion,0.42062019999999994,32000,4800,8000,0,0,87360.0000000017,4656,MAX_POSITION
2025-12-05T12:15:42.492Z,DOTUSDT,mean_reversion,2.2340317999999995,32000,4800,8000,0,0,87360.00000000172,4656,MAX_POSITION
2025-12-05T12:15:43.181Z,NEAR/USD,range_trading,1.7347329999999999,32000,4800,8000,0,2683.986527033267,4656,4656,PASS
2025-12-05T12:15:43.489Z,AKTEUR,mean_reversion,0.39099059999999997,32000,4800,8000,0,0,87360.00000000032,4656,MAX_POSITION
2025-12-05T12:15:43.762Z,XTZUSD,mean_reversion,0.48868819999999996,32000,4800,8000,0,0,87360.00000000103,4656,MAX_POSITION
2025-12-05T12:15:44.001Z,XETCZUSD,mean_reversion,13.488474999999998,32000,4800,8000,0,0,87360.000000001,4656,MAX_POSITION
2025-12-05T12:15:44.762Z,AUDUSD,vwap_pullback,0.6648441799999999,32000,4800,8000,0,0,42805.382788723815,4656,MAX_POSITION
2025-12-05T12:15:45.270Z,ETHFIEUR,mean_reversion,0.6906899999999999,32000,4800,8000,0,0,87360.00000000016,4656,MAX_POSITION
2025-12-05T12:15:45.363Z,AUDUSD,sma_trend_ride,0.66550836,32000,4800,8000,0,0,93735.32524266218,4656,MAX_POSITION
2025-12-05T12:15:46.370Z,CAKEUSD,mean_reversion,2.3143119999999997,32000,4800,8000,0,0,87360.00000000033,4656,MAX_POSITION
2025-12-05T12:15:46.763Z,EULEUR,mean_reversion,3.3213179999999998,32000,4800,8000,0,0,87360.00000000019,4656,MAX_POSITION
2025-12-05T12:15:47.325Z,CVXUSD,mean_reversion,1.8248229999999999,32000,4800,8000,0,0,87360.00000000054,4656,MAX_POSITION
2025-12-05T12:15:48.803Z,DOTEUR,mean_reversion,1.9176156999999998,32000,4800,8000,0,0,87360.00000000022,4656,MAX_POSITION
2025-12-05T12:15:48.808Z,SOL/USD,vwap_pullback,136.94681,32000,4800,8000,0,33.99860135478877,4656,4656,PASS
2025-12-05T12:15:49.240Z,EWTUSD,mean_reversion,0.6886879999999999,32000,4800,8000,0,0,87360.00000000105,4656,MAX_POSITION
2025-12-05T12:15:50.122Z,DOTGBP,mean_reversion,1.6742725999999999,32000,4800,8000,0,0,87360.00000000084,4656,MAX_POSITION
2025-12-05T12:15:50.514Z,FORTHUSD,mean_reversion,1.7377359999999997,32000,4800,8000,0,0,87360.00000000099,4656,MAX_POSITION
2025-12-05T12:15:51.374Z,DOTUSDC,mean_reversion,2.2351328999999995,32000,4800,8000,0,0,87360.00000000108,4656,MAX_POSITION
2025-12-05T12:15:51.513Z,FXSUSD,mean_reversion,0.805805,32000,4800,8000,0,0,87360.00000000052,4656,MAX_POSITION
2025-12-05T12:15:52.522Z,KSMUSD,mean_reversion,8.42842,32000,4800,8000,0,0,87359.99999999985,4656,MAX_POSITION
2025-12-05T12:15:52.703Z,DOTUSDT,mean_reversion,2.2340317999999995,32000,4800,8000,0,0,87360.00000000172,4656,MAX_POSITION
2025-12-05T12:15:53.588Z,LINKEUR,vwap_pullback,12.079036969999999,32000,4800,8000,0,0,44409.8139396019,4656,MAX_POSITION
2025-12-05T12:15:54.178Z,XETCZUSD,mean_reversion,13.488474999999998,32000,4800,8000,0,0,87360.000000001,4656,MAX_POSITION
2025-12-05T12:15:55.056Z,LINKUSD,vwap_pullback,14.04799396,32000,4800,8000,0,0,84594.393872257,4656,MAX_POSITION
2025-12-05T12:15:55.321Z,ETHFIEUR,mean_reversion,0.6906899999999999,32000,4800,8000,0,0,87360.00000000016,4656,MAX_POSITION
2025-12-05T12:15:55.573Z,APT/USD,vwap_pullback,1.8514495999999998,32000,4800,8000,0,2514.7862518104735,4656,4656,PASS
2025-12-05T12:15:56.072Z,LINKUSDC,vwap_pullback,14.070756699999997,32000,4800,8000,0,0,72097.68243059493,4656,MAX_POSITION
2025-12-05T12:15:56.586Z,EULEUR,mean_reversion,3.3213179999999998,32000,4800,8000,0,0,87360.00000000019,4656,MAX_POSITION
2025-12-05T12:15:57.234Z,LINKUSDT,vwap_pullback,14.056522479999998,32000,4800,8000,0,0,82370.63198648157,4656,MAX_POSITION
2025-12-05T12:15:58.255Z,EWTUSD,mean_reversion,0.6886879999999999,32000,4800,8000,0,0,87360.00000000105,4656,MAX_POSITION
2025-12-05T12:15:58.752Z,XLTCZEUR,mean_reversion,70.64056999999998,32000,4800,8000,0,0,87360.00000000035,4656,MAX_POSITION
2025-12-05T12:15:59.105Z,ATOM/USD,vwap_pullback,2.2624602,32000,4800,8000,0,2057.9367539813516,4655.999999999999,4656,PASS
2025-12-05T12:15:59.512Z,FORTHUSD,mean_reversion,1.7377359999999997,32000,4800,8000,0,0,87360.00000000099,4656,MAX_POSITION
2025-12-05T12:15:59.960Z,XLTCZUSD,mean_reversion,82.25216999999999,32000,4800,8000,0,0,87360.0000000002,4656,MAX_POSITION
2025-12-05T12:16:00.888Z,FXSUSD,mean_reversion,0.805805,32000,4800,8000,0,0,87360.00000000052,4656,MAX_POSITION
2025-12-05T12:16:01.279Z,MASKEUR,mean_reversion,0.5805799999999999,32000,4800,8000,0,0,87360.00000000077,4656,MAX_POSITION
2025-12-05T12:16:02.034Z,KSMUSD,mean_reversion,8.42842,32000,4800,8000,0,0,87359.99999999985,4656,MAX_POSITION
2025-12-05T12:16:02.922Z,MEUSD,mean_reversion,0.3362358999999999,32000,4800,8000,0,0,87360.00000000127,4656,MAX_POSITION
2025-12-05T12:16:03.593Z,LINKEUR,vwap_pullback,12.079036969999999,32000,4800,8000,0,0,44409.8139396019,4656,MAX_POSITION
2025-12-05T12:16:04.566Z,LINKUSD,vwap_pullback,14.04799396,32000,4800,8000,0,0,84594.39304680258,4656,MAX_POSITION
2025-12-05T12:16:05.345Z,NANOEUR,mean_reversion,0.707725018,32000,4800,8000,0,0,87360.00000000016,4656,MAX_POSITION
2025-12-05T12:16:05.746Z,LINKUSDC,vwap_pullback,14.070756699999997,32000,4800,8000,0,0,72097.68243059493,4656,MAX_POSITION
2025-12-05T12:16:06.744Z,LINKUSDT,vwap_pullback,14.056522479999998,32000,4800,8000,0,0,82370.63198648157,4656,MAX_POSITION
2025-12-05T12:16:06.888Z,NANOUSD,mean_reversion,0.8157429279999999,32000,4800,8000,0,0,87360.00000000025,4656,MAX_POSITION
2025-12-05T12:16:07.677Z,XLTCZEUR,mean_reversion,70.64056999999998,32000,4800,8000,0,0,87360.00000000035,4656,MAX_POSITION
2025-12-05T12:16:08.420Z,NOSUSD,mean_reversion,0.266266,32000,4800,8000,0,0,87360.00000000048,4656,MAX_POSITION
2025-12-05T12:16:08.687Z,SUI/EUR,vwap_pullback,1.3957944,32000,4800,8000,0,3335.7348331530775,4656,4656,PASS
2025-12-05T12:16:08.745Z,XLTCZUSD,mean_reversion,82.25216999999999,32000,4800,8000,0,0,87360.0000000002,4656,MAX_POSITION
2025-12-05T12:16:09.784Z,OPEUR,mean_reversion,0.2720718,32000,4800,8000,0,0,87360.00000000038,4656,MAX_POSITION
2025-12-05T12:16:10.085Z,MASKEUR,mean_reversion,0.5805799999999999,32000,4800,8000,0,0,87360.00000000077,4656,MAX_POSITION
2025-12-05T12:16:10.219Z,EURC/USDC,vwap_pullback,1.1670058399999998,32000,4800,8000,0,3989.6972580702773,4656,4656,PASS
2025-12-05T12:16:10.879Z,OPUSD,mean_reversion,0.31651619999999997,32000,4800,8000,0,0,87360.0000000003,4656,MAX_POSITION
2025-12-05T12:16:12.330Z,MEUSD,mean_reversion,0.3362358999999999,32000,4800,8000,0,0,87360.00000000127,4656,MAX_POSITION
2025-12-05T12:16:12.396Z,PROVEEUR,mean_reversion,0.39519479999999996,32000,4800,8000,0,0,87360.0000000004,4656,MAX_POSITION
2025-12-05T12:16:13.450Z,RUNEEUR,mean_reversion,0.5685679999999999,32000,4800,8000,0,0,87360.00000000109,4656,MAX_POSITION
2025-12-05T12:16:14.507Z,NANOEUR,mean_reversion,0.707725018,32000,4800,8000,0,0,87360.00000000016,4656,MAX_POSITION
2025-12-05T12:16:15.166Z,RUNEUSD,mean_reversion,0.6606599999999999,32000,4800,8000,0,0,87360.0000000008,4656,MAX_POSITION
2025-12-05T12:16:15.840Z,NANOUSD,mean_reversion,0.8157429279999999,32000,4800,8000,0,0,87360.00000000025,4656,MAX_POSITION
2025-12-05T12:16:16.586Z,SOSOUSD,mean_reversion,0.6062056,32000,4800,8000,0,0,87360.00000000086,4656,MAX_POSITION
2025-12-05T12:16:17.493Z,NOSUSD,mean_reversion,0.266266,32000,4800,8000,0,0,87360.00000000048,4656,MAX_POSITION
2025-12-05T12:16:18.561Z,TONEUR,mean_reversion,1.36136,32000,4800,8000,0,0,87360.0000000008,4656,MAX_POSITION
2025-12-05T12:16:18.827Z,OPEUR,mean_reversion,0.2720718,32000,4800,8000,0,0,87360.00000000038,4656,MAX_POSITION
2025-12-05T12:16:18.878Z,NEAR/USD,range_trading,1.736735,32000,4800,8000,0,2680.892594437263,4656,4656,PASS
2025-12-05T12:16:19.832Z,TONUSD,mean_reversion,1.5845829999999999,32000,4800,8000,0,0,87360.0000000005,4656,MAX_POSITION
2025-12-05T12:16:19.892Z,OPUSD,mean_reversion,0.31651619999999997,32000,4800,8000,0,0,87360.0000000003,4656,MAX_POSITION
2025-12-05T12:16:21.224Z,PROVEEUR,mean_reversion,0.39519479999999996,32000,4800,8000,0,0,87360.0000000004,4656,MAX_POSITION
2025-12-05T12:16:21.391Z,TRUMPUSD,mean_reversion,5.875869999999999,32000,4800,8000,0,0,87360.00000000147,4656,MAX_POSITION
2025-12-05T12:16:22.216Z,RUNEEUR,mean_reversion,0.5685679999999999,32000,4800,8000,0,0,87360.00000000109,4656,MAX_POSITION
2025-12-05T12:16:23.563Z,RUNEUSD,mean_reversion,0.6606599999999999,32000,4800,8000,0,0,87360.0000000008,4656,MAX_POSITION
2025-12-05T12:16:23.771Z,USDCHF,vwap_pullback,0.8042734699999999,32000,4800,8000,0,0,185416.15384615012,4656,MAX_POSITION
2025-12-05T12:16:24.518Z,SOL/USD,vwap_pullback,136.94681,32000,4800,8000,0,33.99860135478877,4656,4656,PASS
2025-12-05T12:16:24.548Z,SOSOUSD,mean_reversion,0.6062056,32000,4800,8000,0,0,87360.00000000086,4656,MAX_POSITION
2025-12-05T12:16:25.308Z,XXRPZCAD,mean_reversion,2.8885856999999997,32000,4800,8000,0,0,87360.00000000087,4656,MAX_POSITION
2025-12-05T12:16:25.804Z,TONEUR,mean_reversion,1.36136,32000,4800,8000,0,0,87360.0000000008,4656,MAX_POSITION
2025-12-05T12:16:26.749Z,TONUSD,mean_reversion,1.5845829999999999,32000,4800,8000,0,0,87360.0000000005,4656,MAX_POSITION
2025-12-05T12:16:26.862Z,XXRPZEUR,mean_reversion,1.7767850099999998,32000,4800,8000,0,0,87360.00000000093,4656,MAX_POSITION
2025-12-05T12:16:27.941Z,XRPGBP,mean_reversion,1.5520605099999998,32000,4800,8000,0,0,87360.0000000017,4656,MAX_POSITION
2025-12-05T12:16:28.008Z,TRUMPUSD,mean_reversion,5.875869999999999,32000,4800,8000,0,0,87360.00000000147,4656,MAX_POSITION
2025-12-05T12:16:28.985Z,ADAAUD,mean_reversion,0.6494087599999999,32000,4800,8000,0,0,87360.00000000057,4656,MAX_POSITION
2025-12-05T12:16:29.190Z,XRPRLUSD,mean_reversion,2.0702081399999996,32000,4800,8000,0,0,87360.00000000186,4656,MAX_POSITION
2025-12-05T12:16:30.408Z,XRPUSDT,mean_reversion,2.0692972299999997,32000,4800,8000,0,0,87360.00000000016,4656,MAX_POSITION
2025-12-05T12:16:30.508Z,AKTEUR,mean_reversion,0.39099059999999997,32000,4800,8000,0,0,87360.00000000032,4656,MAX_POSITION
2025-12-05T12:16:30.606Z,APT/USD,vwap_pullback,1.8514495999999998,32000,4800,8000,0,2514.7862518104735,4656,4656,PASS
2025-12-05T12:16:30.880Z,USDCHF,vwap_pullback,0.8042734699999999,32000,4800,8000,0,0,185416.15384615012,4656,MAX_POSITION
2025-12-05T12:16:31.342Z,XTZEUR,mean_reversion,0.42062019999999994,32000,4800,8000,0,0,87360.0000000017,4656,MAX_POSITION
2025-12-05T12:16:31.535Z,AUDUSD,vwap_pullback,0.6648441799999999,32000,4800,8000,0,0,42805.382788723815,4656,MAX_POSITION
2025-12-05T12:16:32.124Z,AUDUSD,sma_trend_ride,0.66550836,32000,4800,8000,0,0,93735.32524266218,4656,MAX_POSITION
2025-12-05T12:16:32.180Z,XXRPZCAD,mean_reversion,2.8885856999999997,32000,4800,8000,0,0,87360.00000000087,4656,MAX_POSITION
2025-12-05T12:16:32.493Z,XTZUSD,mean_reversion,0.48868819999999996,32000,4800,8000,0,0,87360.00000000103,4656,MAX_POSITION
2025-12-05T12:16:33.599Z,CAKEUSD,mean_reversion,2.3143119999999997,32000,4800,8000,0,0,87360.00000000033,4656,MAX_POSITION
2025-12-05T12:16:33.855Z,XXRPZEUR,mean_reversion,1.7767749999999998,32000,4800,8000,0,0,87360.00000000092,4656,MAX_POSITION
2025-12-05T12:16:34.552Z,ATOM/USD,vwap_pullback,2.2624602,32000,4800,8000,0,2057.9367539813516,4655.999999999999,4656,PASS
2025-12-05T12:16:34.589Z,CVXUSD,mean_reversion,1.8248229999999999,32000,4800,8000,0,0,87360.00000000054,4656,MAX_POSITION
2025-12-05T12:16:34.931Z,XRPGBP,mean_reversion,1.5520605099999998,32000,4800,8000,0,0,87360.0000000017,4656,MAX_POSITION
2025-12-05T12:16:35.907Z,DOTEUR,mean_reversion,1.9187168,32000,4800,8000,0,0,87360.0000000004,4656,MAX_POSITION
2025-12-05T12:16:35.972Z,XRPRLUSD,mean_reversion,2.0702081399999996,32000,4800,8000,0,0,87360.00000000186,4656,MAX_POSITION
2025-12-05T12:16:37.449Z,XRPUSDT,mean_reversion,2.0692972299999997,32000,4800,8000,0,0,87360.00000000016,4656,MAX_POSITION
2025-12-05T12:16:37.496Z,DOTGBP,mean_reversion,1.6742725999999999,32000,4800,8000,0,0,87360.00000000084,4656,MAX_POSITION
2025-12-05T12:16:38.469Z,DOTUSDC,mean_reversion,2.2351328999999995,32000,4800,8000,0,0,87360.00000000108,4656,MAX_POSITION
2025-12-05T12:16:38.714Z,XTZEUR,mean_reversion,0.42062019999999994,32000,4800,8000,0,0,87360.0000000017,4656,MAX_POSITION
2025-12-05T12:16:39.768Z,DOTUSDT,mean_reversion,2.2340317999999995,32000,4800,8000,0,0,87360.00000000172,4656,MAX_POSITION
2025-12-05T12:16:40.115Z,XTZUSD,mean_reversion,0.48868819999999996,32000,4800,8000,0,0,87360.00000000103,4656,MAX_POSITION
2025-12-05T12:16:41.036Z,XETCZUSD,mean_reversion,13.488474999999998,32000,4800,8000,0,0,87360.000000001,4656,MAX_POSITION
2025-12-05T12:16:41.924Z,ADAAUD,mean_reversion,0.6494087599999999,32000,4800,8000,0,0,87360.00000000057,4656,MAX_POSITION
2025-12-05T12:16:42.305Z,ETHFIEUR,mean_reversion,0.6906899999999999,32000,4800,8000,0,0,87360.00000000016,4656,MAX_POSITION
2025-12-05T12:16:43.195Z,AKTEUR,mean_reversion,0.39099059999999997,32000,4800,8000,0,0,87360.00000000032,4656,MAX_POSITION
2025-12-05T12:16:43.443Z,EULEUR,mean_reversion,3.3213179999999998,32000,4800,8000,0,0,87360.00000000019,4656,MAX_POSITION
2025-12-05T12:16:44.449Z,AUDUSD,vwap_pullback,0.6648441799999999,32000,4800,8000,0,0,42805.382788723815,4656,MAX_POSITION
2025-12-05T12:16:45.046Z,AUDUSD,sma_trend_ride,0.66550836,32000,4800,8000,0,0,93735.32524266218,4656,MAX_POSITION
2025-12-05T12:16:45.156Z,EWTUSD,mean_reversion,0.6906899999999999,32000,4800,8000,0,0,87360.00000000016,4656,MAX_POSITION
2025-12-05T12:16:46.301Z,CAKEUSD,mean_reversion,2.3143119999999997,32000,4800,8000,0,0,87360.00000000033,4656,MAX_POSITION
2025-12-05T12:16:46.402Z,SUI/EUR,vwap_pullback,1.3957944,32000,4800,8000,0,3335.7348331530775,4656,4656,PASS
2025-12-05T12:16:46.740Z,FORTHUSD,mean_reversion,1.7317299999999998,32000,4800,8000,0,0,87360.00000000054,4656,MAX_POSITION
2025-12-05T12:16:47.137Z,CVXUSD,mean_reversion,1.8248229999999999,32000,4800,8000,0,0,87360.00000000054,4656,MAX_POSITION
2025-12-05T12:16:47.720Z,EURC/USDC,vwap_pullback,1.1670058399999998,32000,4800,8000,0,3989.6972580702773,4656,4656,PASS
2025-12-05T12:16:47.938Z,FXSUSD,mean_reversion,0.805805,32000,4800,8000,0,0,87360.00000000052,4656,MAX_POSITION
2025-12-05T12:16:48.810Z,DOTEUR,mean_reversion,1.9187168,32000,4800,8000,0,0,87360.0000000004,4656,MAX_POSITION
2025-12-05T12:16:48.994Z,KSMUSD,mean_reversion,8.42842,32000,4800,8000,0,0,87359.99999999985,4656,MAX_POSITION
2025-12-05T12:16:49.805Z,DOTGBP,mean_reversion,1.6742725999999999,32000,4800,8000,0,0,87360.00000000084,4656,MAX_POSITION
2025-12-05T12:16:50.003Z,LINKEUR,vwap_pullback,12.079036969999999,32000,4800,8000,0,0,44409.8139396019,4656,MAX_POSITION
2025-12-05T12:16:51.218Z,LINKUSD,vwap_pullback,14.051507469999999,32000,4800,8000,0,0,82790.89966170647,4656,MAX_POSITION
2025-12-05T12:16:51.310Z,DOTUSDC,mean_reversion,2.2351328999999995,32000,4800,8000,0,0,87360.00000000108,4656,MAX_POSITION
2025-12-05T12:16:52.754Z,LINKUSDC,vwap_pullback,14.070756699999997,32000,4800,8000,0,0,72097.68243059493,4656,MAX_POSITION
2025-12-05T12:16:52.797Z,DOTUSDT,mean_reversion,2.2340317999999995,32000,4800,8000,0,0,87360.00000000172,4656,MAX_POSITION
2025-12-05T12:16:53.966Z,LINKUSDT,vwap_pullback,14.056522479999998,32000,4800,8000,0,0,82370.63198648157,4656,MAX_POSITION
2025-12-05T12:16:54.275Z,XETCZUSD,mean_reversion,13.488474999999998,32000,4800,8000,0,0,87360.000000001,4656,MAX_POSITION
2025-12-05T12:16:55.234Z,ETHFIEUR,mean_reversion,0.6906899999999999,32000,4800,8000,0,0,87360.00000000016,4656,MAX_POSITION
2025-12-05T12:16:55.495Z,XLTCZEUR,mean_reversion,70.65057999999999,32000,4800,8000,0,0,87360.00000000124,4656,MAX_POSITION
2025-12-05T12:16:56.014Z,ADA/USDC,vwap_pullback,0.43105162099999994,32000,4800,8000,0,10801.490524959656,4656,4656,PASS
2025-12-05T12:16:56.450Z,XLTCZUSD,mean_reversion,82.24215999999998,32000,4800,8000,0,0,87360.00000000083,4656,MAX_POSITION
2025-12-05T12:16:56.757Z,EULEUR,mean_reversion,3.3213179999999998,32000,4800,8000,0,0,87360.00000000019,4656,MAX_POSITION
2025-12-05T12:16:57.348Z,NEAR/USD,range_trading,1.736735,32000,4800,8000,0,2680.892594437263,4656,4656,PASS
2025-12-05T12:16:57.697Z,MASKEUR,mean_reversion,0.5805799999999999,32000,4800,8000,0,0,87360.00000000077,4656,MAX_POSITION
2025-12-05T12:16:58.410Z,EWTUSD,mean_reversion,0.6906899999999999,32000,4800,8000,0,0,87360.00000000016,4656,MAX_POSITION
2025-12-05T12:16:59.024Z,MEUSD,mean_reversion,0.3362358999999999,32000,4800,8000,0,0,87360.00000000127,4656,MAX_POSITION
2025-12-05T12:16:59.993Z,FORTHUSD,mean_reversion,1.7317299999999998,32000,4800,8000,0,0,87360.00000000054,4656,MAX_POSITION
2025-12-05T12:17:01.259Z,FXSUSD,mean_reversion,0.805805,32000,4800,8000,0,0,87360.00000000052,4656,MAX_POSITION
2025-12-05T12:17:01.273Z,NANOEUR,mean_reversion,0.707725018,32000,4800,8000,0,0,87360.00000000016,4656,MAX_POSITION
2025-12-05T12:17:02.245Z,KSMUSD,mean_reversion,8.42842,32000,4800,8000,0,0,87359.99999999985,4656,MAX_POSITION
2025-12-05T12:17:02.604Z,SOL/USD,vwap_pullback,136.94681,32000,4800,8000,0,33.99860135478877,4656,4656,PASS
2025-12-05T12:17:02.803Z,NANOUSD,mean_reversion,0.8157429279999999,32000,4800,8000,0,0,87360.00000000025,4656,MAX_POSITION
2025-12-05T12:17:03.734Z,LINKEUR,vwap_pullback,12.079036969999999,32000,4800,8000,0,0,44409.8139396019,4656,MAX_POSITION
2025-12-05T12:17:04.318Z,NOSUSD,mean_reversion,0.266266,32000,4800,8000,0,0,87360.00000000048,4656,MAX_POSITION
2025-12-05T12:17:04.950Z,LINKUSD,vwap_pullback,14.051507469999999,32000,4800,8000,0,0,82790.91152114068,4656,MAX_POSITION
2025-12-05T12:17:05.828Z,OPEUR,mean_reversion,0.2720718,32000,4800,8000,0,0,87360.00000000038,4656,MAX_POSITION
2025-12-05T12:17:06.476Z,LINKUSDC,vwap_pullback,14.070756699999997,32000,4800,8000,0,0,72097.68243059493,4656,MAX_POSITION
2025-12-05T12:17:06.760Z,OPUSD,mean_reversion,0.31651619999999997,32000,4800,8000,0,0,87360.0000000003,4656,MAX_POSITION
2025-12-05T12:17:07.703Z,LINKUSDT,vwap_pullback,14.056522479999998,32000,4800,8000,0,0,82370.63198648157,4656,MAX_POSITION
2025-12-05T12:17:08.184Z,PROVEEUR,mean_reversion,0.39519479999999996,32000,4800,8000,0,0,87360.0000000004,4656,MAX_POSITION
2025-12-05T12:17:08.481Z,APT/USD,vwap_pullback,1.8514495999999998,32000,4800,8000,0,2514.7862518104735,4656,4656,PASS
2025-12-05T12:17:08.950Z,XLTCZEUR,mean_reversion,70.65057999999999,32000,4800,8000,0,0,87360.00000000124,4656,MAX_POSITION
2025-12-05T12:17:09.421Z,RUNEEUR,mean_reversion,0.5685679999999999,32000,4800,8000,0,0,87360.00000000109,4656,MAX_POSITION
2025-12-05T12:17:09.978Z,XLTCZUSD,mean_reversion,82.25216999999999,32000,4800,8000,0,0,87360.0000000002,4656,MAX_POSITION
2025-12-05T12:17:10.963Z,RUNEUSD,mean_reversion,0.6606599999999999,32000,4800,8000,0,0,87360.0000000008,4656,MAX_POSITION
2025-12-05T12:17:11.469Z,MASKEUR,mean_reversion,0.5805799999999999,32000,4800,8000,0,0,87360.00000000077,4656,MAX_POSITION
2025-12-05T12:17:12.008Z,ATOM/USD,vwap_pullback,2.2624602,32000,4800,8000,0,2057.9367539813516,4655.999999999999,4656,PASS
2025-12-05T12:17:12.679Z,SOSOUSD,mean_reversion,0.6062056,32000,4800,8000,0,0,87360.00000000086,4656,MAX_POSITION
2025-12-05T12:17:13.159Z,MEUSD,mean_reversion,0.3362358999999999,32000,4800,8000,0,0,87360.00000000127,4656,MAX_POSITION
2025-12-05T12:17:13.303Z,ADAAUD,mean_reversion,0.6494087599999999,32000,4800,8000,0,0,87360.00000000057,4656,MAX_POSITION
2025-12-05T12:17:14.163Z,TONEUR,mean_reversion,1.36136,32000,4800,8000,0,0,87360.0000000008,4656,MAX_POSITION
2025-12-05T12:17:14.401Z,AKTEUR,mean_reversion,0.39099059999999997,32000,4800,8000,0,0,87360.00000000032,4656,MAX_POSITION
2025-12-05T12:17:15.327Z,NANOEUR,mean_reversion,0.707725018,32000,4800,8000,0,0,87360.00000000016,4656,MAX_POSITION
2025-12-05T12:17:15.489Z,TONUSD,mean_reversion,1.5835819999999998,32000,4800,8000,0,0,87360.00000000151,4656,MAX_POSITION
2025-12-05T12:17:15.769Z,AUDUSD,vwap_pullback,0.6648441799999999,32000,4800,8000,0,0,42805.382788723815,4656,MAX_POSITION
2025-12-05T12:17:16.363Z,AUDUSD,sma_trend_ride,0.66550836,32000,4800,8000,0,0,93735.32524266218,4656,MAX_POSITION
2025-12-05T12:17:16.610Z,NANOUSD,mean_reversion,0.8157429279999999,32000,4800,8000,0,0,87360.00000000025,4656,MAX_POSITION
2025-12-05T12:17:16.844Z,TRUMPUSD,mean_reversion,5.875869999999999,32000,4800,8000,0,0,87360.00000000147,4656,MAX_POSITION
2025-12-05T12:17:17.072Z,GOMINING/USD,vwap_bounce,0.37067029999999995,32000,4800,8000,0,12561.027953952611,4656,4656,PASS
2025-12-05T12:17:17.912Z,NOSUSD,mean_reversion,0.266266,32000,4800,8000,0,0,87360.00000000048,4656,MAX_POSITION
2025-12-05T12:17:18.429Z,CAKEUSD,mean_reversion,2.3143119999999997,32000,4800,8000,0,0,87360.00000000033,4656,MAX_POSITION
2025-12-05T12:17:18.954Z,USDCHF,vwap_pullback,0.8042734699999999,32000,4800,8000,0,0,185416.15384615012,4656,MAX_POSITION
2025-12-05T12:17:19.057Z,OPEUR,mean_reversion,0.2720718,32000,4800,8000,0,0,87360.00000000038,4656,MAX_POSITION
2025-12-05T12:17:19.478Z,M/USD,vwap_pullback,1.2757644899999998,32000,4800,8000,0,3649.576419861005,4656,4656,PASS
2025-12-05T12:17:19.786Z,CVXUSD,mean_reversion,1.8248229999999999,32000,4800,8000,0,0,87360.00000000054,4656,MAX_POSITION
2025-12-05T12:17:20.079Z,XXRPZCAD,mean_reversion,2.8885856999999997,32000,4800,8000,0,0,87360.00000000087,4656,MAX_POSITION
2025-12-05T12:17:20.387Z,OPUSD,mean_reversion,0.31651619999999997,32000,4800,8000,0,0,87360.0000000003,4656,MAX_POSITION
2025-12-05T12:17:21.107Z,DOTEUR,mean_reversion,1.9197177999999997,32000,4800,8000,0,0,87360.00000000138,4656,MAX_POSITION
2025-12-05T12:17:21.223Z,XXRPZEUR,mean_reversion,1.7789471699999997,32000,4800,8000,0,0,87360.00000000124,4656,MAX_POSITION
2025-12-05T12:17:21.739Z,PROVEEUR,mean_reversion,0.39519479999999996,32000,4800,8000,0,0,87360.0000000004,4656,MAX_POSITION
2025-12-05T12:17:22.250Z,XRPGBP,mean_reversion,1.5520605099999998,32000,4800,8000,0,0,87360.0000000017,4656,MAX_POSITION
2025-12-05T12:17:22.403Z,DOTGBP,mean_reversion,1.6742725999999999,32000,4800,8000,0,0,87360.00000000084,4656,MAX_POSITION
2025-12-05T12:17:22.999Z,RUNEEUR,mean_reversion,0.5685679999999999,32000,4800,8000,0,0,87360.00000000109,4656,MAX_POSITION
2025-12-05T12:17:23.423Z,XRPRLUSD,mean_reversion,2.0702081399999996,32000,4800,8000,0,0,87360.00000000186,4656,MAX_POSITION
2025-12-05T12:17:23.652Z,DOTUSDC,mean_reversion,2.2351328999999995,32000,4800,8000,0,0,87360.00000000108,4656,MAX_POSITION
2025-12-05T12:17:24.258Z,RUNEUSD,mean_reversion,0.6606599999999999,32000,4800,8000,0,0,87360.0000000008,4656,MAX_POSITION
2025-12-05T12:17:24.635Z,XRPUSDT,mean_reversion,2.0692972299999997,32000,4800,8000,0,0,87360.00000000016,4656,MAX_POSITION
2025-12-05T12:17:25.540Z,SOSOUSD,mean_reversion,0.6062056,32000,4800,8000,0,0,87360.00000000086,4656,MAX_POSITION
2025-12-05T12:17:25.562Z,XTZEUR,mean_reversion,0.42062019999999994,32000,4800,8000,0,0,87360.0000000017,4656,MAX_POSITION
2025-12-05T12:17:25.595Z,DOTUSDT,mean_reversion,2.2340317999999995,32000,4800,8000,0,0,87360.00000000172,4656,MAX_POSITION
2025-12-05T12:17:26.344Z,ADA/USDC,vwap_pullback,0.43105162099999994,32000,4800,8000,0,10801.490524959656,4656,4656,PASS
2025-12-05T12:17:26.550Z,TONEUR,mean_reversion,1.36136,32000,4800,8000,0,0,87360.0000000008,4656,MAX_POSITION
2025-12-05T12:17:26.678Z,XETCZUSD,mean_reversion,13.488474999999998,32000,4800,8000,0,0,87360.000000001,4656,MAX_POSITION
2025-12-05T12:17:26.718Z,XTZUSD,mean_reversion,0.48868819999999996,32000,4800,8000,0,0,87360.00000000103,4656,MAX_POSITION
2025-12-05T12:17:27.665Z,ETHFIEUR,mean_reversion,0.6906899999999999,32000,4800,8000,0,0,87360.00000000016,4656,MAX_POSITION
2025-12-05T12:17:27.831Z,TONUSD,mean_reversion,1.5855839999999999,32000,4800,8000,0,0,87360.00000000058,4656,MAX_POSITION
2025-12-05T12:17:27.895Z,NEAR/USD,range_trading,1.7357339999999999,32000,4800,8000,0,2682.4386685978384,4656,4656,PASS
2025-12-05T12:17:28.862Z,TRUMPUSD,mean_reversion,5.875869999999999,32000,4800,8000,0,0,87360.00000000147,4656,MAX_POSITION
2025-12-05T12:17:28.995Z,EULEUR,mean_reversion,3.3213179999999998,32000,4800,8000,0,0,87360.00000000019,4656,MAX_POSITION
2025-12-05T12:17:31.290Z,EWTUSD,mean_reversion,0.6906899999999999,32000,4800,8000,0,0,87360.00000000016,4656,MAX_POSITION
2025-12-05T12:17:31.360Z,USDCHF,vwap_pullback,0.8042734699999999,32000,4800,8000,0,0,185416.15384615012,4656,MAX_POSITION
2025-12-05T12:17:32.811Z,SOL/USD,vwap_pullback,136.94681,32000,4800,8000,0,33.99860135478877,4656,4656,PASS
2025-12-05T12:17:32.888Z,FORTHUSD,mean_reversion,1.7317299999999998,32000,4800,8000,0,0,87360.00000000054,4656,MAX_POSITION
2025-12-05T12:17:33.059Z,XXRPZCAD,mean_reversion,2.8885856999999997,32000,4800,8000,0,0,87360.00000000087,4656,MAX_POSITION
2025-12-05T12:17:34.136Z,FXSUSD,mean_reversion,0.805805,32000,4800,8000,0,0,87360.00000000052,4656,MAX_POSITION
2025-12-05T12:17:34.320Z,XXRPZEUR,mean_reversion,1.7789471699999997,32000,4800,8000,0,0,87360.00000000124,4656,MAX_POSITION
2025-12-05T12:17:35.126Z,KSMUSD,mean_reversion,8.42842,32000,4800,8000,0,0,87359.99999999985,4656,MAX_POSITION
2025-12-05T12:17:35.917Z,XRPGBP,mean_reversion,1.55332177,32000,4800,8000,0,0,87360.00000000097,4656,MAX_POSITION
2025-12-05T12:17:36.383Z,LINKEUR,vwap_pullback,12.079036969999999,32000,4800,8000,0,0,44409.8139396019,4656,MAX_POSITION
2025-12-05T12:17:37.188Z,XRPRLUSD,mean_reversion,2.0702081399999996,32000,4800,8000,0,0,87360.00000000186,4656,MAX_POSITION
2025-12-05T12:17:37.940Z,LINKUSD,vwap_pullback,14.058874829999997,32000,4800,8000,0,0,79250.84529705723,4656,MAX_POSITION
2025-12-05T12:17:38.151Z,XRPUSDT,mean_reversion,2.0692972299999997,32000,4800,8000,0,0,87360.00000000016,4656,MAX_POSITION
2025-12-05T12:17:39.152Z,APT/USD,vwap_pullback,1.8514495999999998,32000,4800,8000,0,2514.7862518104735,4656,4656,PASS
2025-12-05T12:17:39.508Z,XTZEUR,mean_reversion,0.42062019999999994,32000,4800,8000,0,0,87360.0000000017,4656,MAX_POSITION
2025-12-05T12:17:39.777Z,LINKUSDC,vwap_pullback,14.070756699999997,32000,4800,8000,0,0,72097.68243059493,4656,MAX_POSITION
2025-12-05T12:17:40.727Z,XTZUSD,mean_reversion,0.48868819999999996,32000,4800,8000,0,0,87360.00000000103,4656,MAX_POSITION
2025-12-05T12:17:41.043Z,LINKUSDT,vwap_pullback,14.056522479999998,32000,4800,8000,0,0,82370.63198648157,4656,MAX_POSITION
2025-12-05T12:17:42.379Z,XLTCZEUR,mean_reversion,70.65057999999999,32000,4800,8000,0,0,87360.00000000124,4656,MAX_POSITION
2025-12-05T12:17:43.158Z,ATOM/USD,vwap_pullback,2.2624602,32000,4800,8000,0,2057.9367539813516,4655.999999999999,4656,PASS
2025-12-05T12:17:43.237Z,XLTCZUSD,mean_reversion,82.25216999999999,32000,4800,8000,0,0,87360.0000000002,4656,MAX_POSITION
2025-12-05T12:17:44.170Z,MASKEUR,mean_reversion,0.5805799999999999,32000,4800,8000,0,0,87360.00000000077,4656,MAX_POSITION
2025-12-05T12:17:45.545Z,MEUSD,mean_reversion,0.3362358999999999,32000,4800,8000,0,0,87360.00000000127,4656,MAX_POSITION
2025-12-05T12:17:47.154Z,NANOEUR,mean_reversion,0.707725018,32000,4800,8000,0,0,87360.00000000016,4656,MAX_POSITION
2025-12-05T12:17:47.738Z,GOMINING/USD,vwap_bounce,0.37067029999999995,32000,4800,8000,0,12561.027953952611,4656,4656,PASS
2025-12-05T12:17:48.818Z,NANOUSD,mean_reversion,0.8157429279999999,32000,4800,8000,0,0,87360.00000000025,4656,MAX_POSITION
2025-12-05T12:17:50.022Z,NOSUSD,mean_reversion,0.266266,32000,4800,8000,0,0,87360.00000000048,4656,MAX_POSITION
2025-12-05T12:17:51.349Z,OPEUR,mean_reversion,0.2720718,32000,4800,8000,0,0,87360.00000000038,4656,MAX_POSITION
2025-12-05T12:17:52.610Z,OPUSD,mean_reversion,0.31651619999999997,32000,4800,8000,0,0,87360.0000000003,4656,MAX_POSITION
2025-12-05T12:17:52.876Z,SOL/EUR,vwap_pullback,117.68756999999998,32000,4800,8000,0,39.562376893328675,4656,4656,PASS
2025-12-05T12:17:54.298Z,PROVEEUR,mean_reversion,0.39519479999999996,32000,4800,8000,0,0,87360.0000000004,4656,MAX_POSITION
2025-12-05T12:17:55.512Z,RUNEEUR,mean_reversion,0.5685679999999999,32000,4800,8000,0,0,87360.00000000109,4656,MAX_POSITION
2025-12-05T12:17:56.854Z,RUNEUSD,mean_reversion,0.6606599999999999,32000,4800,8000,0,0,87360.0000000008,4656,MAX_POSITION
2025-12-05T12:17:58.608Z,SOSOUSD,mean_reversion,0.6062056,32000,4800,8000,0,0,87360.00000000086,4656,MAX_POSITION
2025-12-05T12:17:59.616Z,TONEUR,mean_reversion,1.36136,32000,4800,8000,0,0,87360.0000000008,4656,MAX_POSITION
2025-12-05T12:18:00.517Z,ADAAUD,mean_reversion,0.6494087599999999,32000,4800,8000,0,0,87360.00000000057,4656,MAX_POSITION
2025-12-05T12:18:00.878Z,TONUSD,mean_reversion,1.5855839999999999,32000,4800,8000,0,0,87360.00000000058,4656,MAX_POSITION
2025-12-05T12:18:02.147Z,TRUMPUSD,mean_reversion,5.875869999999999,32000,4800,8000,0,0,87360.00000000147,4656,MAX_POSITION
2025-12-05T12:18:02.149Z,AKTEUR,mean_reversion,0.39099059999999997,32000,4800,8000,0,0,87360.00000000032,4656,MAX_POSITION
2025-12-05T12:18:02.590Z,SOL/USDC,vwap_pullback,137.02688999999998,32000,4800,8000,0,33.97873220358428,4656,4656,PASS
2025-12-05T12:18:03.682Z,AUDUSD,vwap_pullback,0.6648441799999999,32000,4800,8000,0,0,42805.382788723815,4656,MAX_POSITION
2025-12-05T12:18:04.269Z,AUDUSD,sma_trend_ride,0.66550836,32000,4800,8000,0,0,93735.32524266218,4656,MAX_POSITION
2025-12-05T12:18:05.234Z,USDCHF,vwap_pullback,0.8042834799999998,32000,4800,8000,0,0,184973.81294964126,4656,MAX_POSITION
2025-12-05T12:18:05.246Z,CAKEUSD,mean_reversion,2.3143119999999997,32000,4800,8000,0,0,87360.00000000033,4656,MAX_POSITION
2025-12-05T12:18:05.597Z,EUL/USD,vwap_pullback,3.8568529999999996,32000,4800,8000,0,1207.2018300930838,4656,4656,PASS
2025-12-05T12:18:06.528Z,XXRPZCAD,mean_reversion,2.8885856999999997,32000,4800,8000,0,0,87360.00000000087,4656,MAX_POSITION
2025-12-05T12:18:06.531Z,CVXUSD,mean_reversion,1.8248229999999999,32000,4800,8000,0,0,87360.00000000054,4656,MAX_POSITION
2025-12-05T12:18:07.755Z,XXRPZEUR,mean_reversion,1.7789471699999997,32000,4800,8000,0,0,87360.00000000124,4656,MAX_POSITION
2025-12-05T12:18:07.867Z,DOTEUR,mean_reversion,1.9218198999999998,32000,4800,8000,0,0,87360.0000000007,4656,MAX_POSITION
2025-12-05T12:18:08.777Z,XRPGBP,mean_reversion,1.5536420899999999,32000,4800,8000,0,0,87360.00000000023,4656,MAX_POSITION
2025-12-05T12:18:08.901Z,DOTGBP,mean_reversion,1.6742725999999999,32000,4800,8000,0,0,87360.00000000084,4656,MAX_POSITION
2025-12-05T12:18:09.332Z,ADA/USDC,vwap_pullback,0.43105162099999994,32000,4800,8000,0,10801.490524959656,4656,4656,PASS
2025-12-05T12:18:10.036Z,XRPRLUSD,mean_reversion,2.0702081399999996,32000,4800,8000,0,0,87360.00000000186,4656,MAX_POSITION
2025-12-05T12:18:10.434Z,DOTUSDC,mean_reversion,2.2351328999999995,32000,4800,8000,0,0,87360.00000000108,4656,MAX_POSITION
2025-12-05T12:18:10.927Z,NEAR/USD,range_trading,1.7357339999999999,32000,4800,8000,0,2682.4386685978384,4656,4656,PASS
2025-12-05T12:18:11.330Z,XRPUSDT,mean_reversion,2.0692972299999997,32000,4800,8000,0,0,87360.00000000016,4656,MAX_POSITION
2025-12-05T12:18:11.668Z,DOTUSDT,mean_reversion,2.2340317999999995,32000,4800,8000,0,0,87360.00000000172,4656,MAX_POSITION
2025-12-05T12:18:12.353Z,XTZEUR,mean_reversion,0.42062019999999994,32000,4800,8000,0,0,87360.0000000017,4656,MAX_POSITION
2025-12-05T12:18:12.453Z,ADAAUD,mean_reversion,0.6494087599999999,32000,4800,8000,0,0,87360.00000000057,4656,MAX_POSITION
2025-12-05T12:18:12.457Z,DOT/USD,vwap_pullback,2.2370347999999995,32000,4800,8000,0,2081.3265846378436,4656.000000000001,4656,PASS
2025-12-05T12:18:13.356Z,XETCZUSD,mean_reversion,13.488474999999998,32000,4800,8000,0,0,87360.000000001,4656,MAX_POSITION
2025-12-05T12:18:13.733Z,AKTEUR,mean_reversion,0.39099059999999997,32000,4800,8000,0,0,87360.00000000032,4656,MAX_POSITION
2025-12-05T12:18:14.558Z,XTZUSD,mean_reversion,0.48868819999999996,32000,4800,8000,0,0,87360.00000000103,4656,MAX_POSITION
2025-12-05T12:18:14.641Z,ETHFIEUR,mean_reversion,0.6906899999999999,32000,4800,8000,0,0,87360.00000000016,4656,MAX_POSITION
2025-12-05T12:18:15.068Z,AUDUSD,vwap_pullback,0.6648441799999999,32000,4800,8000,0,0,42805.382788723815,4656,MAX_POSITION
2025-12-05T12:18:15.654Z,AUDUSD,sma_trend_ride,0.66550836,32000,4800,8000,0,0,93735.32524266218,4656,MAX_POSITION
2025-12-05T12:18:16.114Z,EULEUR,mean_reversion,3.3213179999999998,32000,4800,8000,0,0,87360.00000000019,4656,MAX_POSITION
2025-12-05T12:18:16.700Z,CAKEUSD,mean_reversion,2.3143119999999997,32000,4800,8000,0,0,87360.00000000033,4656,MAX_POSITION
2025-12-05T12:18:17.473Z,SOL/USD,vwap_pullback,137.05691999999996,32000,4800,8000,0,33.971287257877975,4656,4656,PASS
2025-12-05T12:18:17.972Z,CVXUSD,mean_reversion,1.8248229999999999,32000,4800,8000,0,0,87360.00000000054,4656,MAX_POSITION
2025-12-05T12:18:18.500Z,EWTUSD,mean_reversion,0.6906899999999999,32000,4800,8000,0,0,87360.00000000016,4656,MAX_POSITION
2025-12-05T12:18:19.476Z,DOTEUR,mean_reversion,1.9218198999999998,32000,4800,8000,0,0,87360.0000000007,4656,MAX_POSITION
2025-12-05T12:18:20.105Z,FORTHUSD,mean_reversion,1.7317299999999998,32000,4800,8000,0,0,87360.00000000054,4656,MAX_POSITION
2025-12-05T12:18:21.051Z,DOTGBP,mean_reversion,1.6742725999999999,32000,4800,8000,0,0,87360.00000000084,4656,MAX_POSITION
2025-12-05T12:18:21.688Z,FXSUSD,mean_reversion,0.805805,32000,4800,8000,0,0,87360.00000000052,4656,MAX_POSITION
2025-12-05T12:18:22.628Z,DOTUSDC,mean_reversion,2.2351328999999995,32000,4800,8000,0,0,87360.00000000108,4656,MAX_POSITION
2025-12-05T12:18:22.953Z,KSMUSD,mean_reversion,8.42842,32000,4800,8000,0,0,87359.99999999985,4656,MAX_POSITION
2025-12-05T12:18:23.203Z,APT/USD,vwap_pullback,1.8549530999999997,32000,4800,8000,0,2510.0365071224714,4656,4656,PASS
2025-12-05T12:18:23.883Z,DOTUSDT,mean_reversion,2.2340317999999995,32000,4800,8000,0,0,87360.00000000172,4656,MAX_POSITION
2025-12-05T12:18:24.491Z,LINKEUR,vwap_pullback,12.079036969999999,32000,4800,8000,0,0,44409.8139396019,4656,MAX_POSITION
2025-12-05T12:18:25.124Z,XETCZUSD,mean_reversion,13.488474999999998,32000,4800,8000,0,0,87360.000000001,4656,MAX_POSITION
2025-12-05T12:18:25.973Z,VIRTUAL/EUR,vwap_pullback,0.7606598999999999,32000,4800,8000,0,6121.000988746745,4656,4656,PASS
2025-12-05T12:18:26.034Z,LINKUSD,vwap_pullback,14.058874829999997,32000,4800,8000,0,0,79250.85644225073,4656,MAX_POSITION
2025-12-05T12:18:26.452Z,ETHFIEUR,mean_reversion,0.6906899999999999,32000,4800,8000,0,0,87360.00000000016,4656,MAX_POSITION
2025-12-05T12:18:27.313Z,LINKUSDC,vwap_pullback,14.070756699999997,32000,4800,8000,0,0,72097.68243059493,4656,MAX_POSITION
2025-12-05T12:18:27.626Z,ATOM/USD,vwap_pullback,2.2645623,32000,4800,8000,0,2056.0264559734123,4656,4656,PASS
2025-12-05T12:18:27.975Z,EULEUR,mean_reversion,3.3213179999999998,32000,4800,8000,0,0,87360.00000000019,4656,MAX_POSITION
2025-12-05T12:18:28.474Z,LINKUSDT,vwap_pullback,14.056522479999998,32000,4800,8000,0,0,82370.63198648157,4656,MAX_POSITION
2025-12-05T12:18:29.740Z,XLTCZEUR,mean_reversion,70.65057999999999,32000,4800,8000,0,0,87360.00000000124,4656,MAX_POSITION
2025-12-05T12:18:29.774Z,EWTUSD,mean_reversion,0.6906899999999999,32000,4800,8000,0,0,87360.00000000016,4656,MAX_POSITION
2025-12-05T12:18:30.709Z,XLTCZUSD,mean_reversion,82.29220999999998,32000,4800,8000,0,0,87360.00000000044,4656,MAX_POSITION
2025-12-05T12:18:31.039Z,FORTHUSD,mean_reversion,1.7317299999999998,32000,4800,8000,0,0,87360.00000000054,4656,MAX_POSITION
2025-12-05T12:18:31.706Z,MASKEUR,mean_reversion,0.5805799999999999,32000,4800,8000,0,0,87360.00000000077,4656,MAX_POSITION
2025-12-05T12:18:32.010Z,ETHFI/USD,vwap_pullback,0.8032023999999999,32000,4800,8000,0,5796.795427902109,4656,4656,PASS
2025-12-05T12:18:32.553Z,FXSUSD,mean_reversion,0.805805,32000,4800,8000,0,0,87360.00000000052,4656,MAX_POSITION
2025-12-05T12:18:33.545Z,GOMINING/USD,vwap_bounce,0.37067029999999995,32000,4800,8000,0,12561.027953952611,4656,4656,PASS
2025-12-05T12:18:33.828Z,MEUSD,mean_reversion,0.3362358999999999,32000,4800,8000,0,0,87360.00000000127,4656,MAX_POSITION
2025-12-05T12:18:33.857Z,KSMUSD,mean_reversion,8.42842,32000,4800,8000,0,0,87359.99999999985,4656,MAX_POSITION
2025-12-05T12:18:34.998Z,LINKEUR,vwap_pullback,12.079036969999999,32000,4800,8000,0,0,44409.8139396019,4656,MAX_POSITION
2025-12-05T12:18:35.755Z,NANOEUR,mean_reversion,0.707725018,32000,4800,8000,0,0,87360.00000000016,4656,MAX_POSITION
2025-12-05T12:18:35.962Z,LINKUSD,vwap_pullback,14.058874829999997,32000,4800,8000,0,0,79250.85644225073,4656,MAX_POSITION
2025-12-05T12:18:37.396Z,NEAR/USD,range_trading,1.7357339999999999,32000,4800,8000,0,2682.4386685978384,4656,4656,PASS
2025-12-05T12:18:37.410Z,NANOUSD,mean_reversion,0.8157429279999999,32000,4800,8000,0,0,87360.00000000025,4656,MAX_POSITION
2025-12-05T12:18:37.593Z,LINKUSDC,vwap_pullback,14.070756699999997,32000,4800,8000,0,0,72097.68243059493,4656,MAX_POSITION
2025-12-05T12:18:38.660Z,NOSUSD,mean_reversion,0.266266,32000,4800,8000,0,0,87360.00000000048,4656,MAX_POSITION
2025-12-05T12:18:38.876Z,LINKUSDT,vwap_pullback,14.056522479999998,32000,4800,8000,0,0,82370.63198648157,4656,MAX_POSITION
2025-12-05T12:18:39.010Z,DOT/USD,vwap_pullback,2.2370347999999995,32000,4800,8000,0,2081.3265846378436,4656.000000000001,4656,PASS
2025-12-05T12:18:39.941Z,OPEUR,mean_reversion,0.2720718,32000,4800,8000,0,0,87360.00000000038,4656,MAX_POSITION
2025-12-05T12:18:40.142Z,XLTCZEUR,mean_reversion,70.6706,32000,4800,8000,0,0,87359.99999999978,4656,MAX_POSITION
2025-12-05T12:18:41.260Z,OPUSD,mean_reversion,0.31651619999999997,32000,4800,8000,0,0,87360.0000000003,4656,MAX_POSITION
2025-12-05T12:18:41.831Z,XLTCZUSD,mean_reversion,82.29220999999998,32000,4800,8000,0,0,87360.00000000044,4656,MAX_POSITION
2025-12-05T12:18:41.944Z,ADAAUD,mean_reversion,0.6494087599999999,32000,4800,8000,0,0,87360.00000000057,4656,MAX_POSITION
2025-12-05T12:18:42.502Z,PROVEEUR,mean_reversion,0.39519479999999996,32000,4800,8000,0,0,87360.0000000004,4656,MAX_POSITION
2025-12-05T12:18:42.825Z,MASKEUR,mean_reversion,0.5805799999999999,32000,4800,8000,0,0,87360.00000000077,4656,MAX_POSITION
2025-12-05T12:18:43.205Z,AKTEUR,mean_reversion,0.39099059999999997,32000,4800,8000,0,0,87360.00000000032,4656,MAX_POSITION
2025-12-05T12:18:43.562Z,SOL/USD,vwap_pullback,137.08694999999997,32000,4800,8000,0,33.96384557392225,4656,4656,PASS
2025-12-05T12:18:43.746Z,RUNEEUR,mean_reversion,0.5685679999999999,32000,4800,8000,0,0,87360.00000000109,4656,MAX_POSITION
2025-12-05T12:18:44.142Z,AUDUSD,vwap_pullback,0.6648441799999999,32000,4800,8000,0,0,42805.382788723815,4656,MAX_POSITION
2025-12-05T12:18:44.155Z,MEUSD,mean_reversion,0.3362358999999999,32000,4800,8000,0,0,87360.00000000127,4656,MAX_POSITION
2025-12-05T12:18:44.727Z,AUDUSD,sma_trend_ride,0.66550836,32000,4800,8000,0,0,93735.32524266218,4656,MAX_POSITION
2025-12-05T12:18:45.293Z,RUNEUSD,mean_reversion,0.6606599999999999,32000,4800,8000,0,0,87360.0000000008,4656,MAX_POSITION
2025-12-05T12:18:45.937Z,CAKEUSD,mean_reversion,2.3143119999999997,32000,4800,8000,0,0,87360.00000000033,4656,MAX_POSITION
2025-12-05T12:18:46.160Z,NANOEUR,mean_reversion,0.707725018,32000,4800,8000,0,0,87360.00000000016,4656,MAX_POSITION
2025-12-05T12:18:46.314Z,SOSOUSD,mean_reversion,0.6062056,32000,4800,8000,0,0,87360.00000000086,4656,MAX_POSITION
2025-12-05T12:18:46.925Z,CVXUSD,mean_reversion,1.8248229999999999,32000,4800,8000,0,0,87360.00000000054,4656,MAX_POSITION
2025-12-05T12:18:47.166Z,NANOUSD,mean_reversion,0.8157429279999999,32000,4800,8000,0,0,87360.00000000025,4656,MAX_POSITION
2025-12-05T12:18:47.934Z,TONEUR,mean_reversion,1.36136,32000,4800,8000,0,0,87360.0000000008,4656,MAX_POSITION
2025-12-05T12:18:48.549Z,DOTEUR,mean_reversion,1.9221201999999997,32000,4800,8000,0,0,87360.00000000099,4656,MAX_POSITION
2025-12-05T12:18:48.865Z,NOSUSD,mean_reversion,0.266266,32000,4800,8000,0,0,87360.00000000048,4656,MAX_POSITION
2025-12-05T12:18:48.947Z,TONUSD,mean_reversion,1.5855839999999999,32000,4800,8000,0,0,87360.00000000058,4656,MAX_POSITION
2025-12-05T12:18:49.552Z,DOTGBP,mean_reversion,1.6742725999999999,32000,4800,8000,0,0,87360.00000000084,4656,MAX_POSITION
2025-12-05T12:18:49.993Z,APT/USD,vwap_pullback,1.8549530999999997,32000,4800,8000,0,2510.0365071224714,4656,4656,PASS
2025-12-05T12:18:49.996Z,OPEUR,mean_reversion,0.2720718,32000,4800,8000,0,0,87360.00000000038,4656,MAX_POSITION
2025-12-05T12:18:50.461Z,TRUMPUSD,mean_reversion,5.875869999999999,32000,4800,8000,0,0,87360.00000000147,4656,MAX_POSITION
2025-12-05T12:18:50.773Z,DOTUSDC,mean_reversion,2.2351328999999995,32000,4800,8000,0,0,87360.00000000108,4656,MAX_POSITION
2025-12-05T12:18:51.830Z,DOTUSDT,mean_reversion,2.2340317999999995,32000,4800,8000,0,0,87360.00000000172,4656,MAX_POSITION
2025-12-05T12:18:52.637Z,USDCHF,vwap_pullback,0.8043035,32000,4800,8000,0,0,184095.46539379045,4656,MAX_POSITION
2025-12-05T12:18:52.816Z,XETCZUSD,mean_reversion,13.488474999999998,32000,4800,8000,0,0,87360.000000001,4656,MAX_POSITION
2025-12-05T12:18:52.946Z,OPUSD,mean_reversion,0.31651619999999997,32000,4800,8000,0,0,87360.0000000003,4656,MAX_POSITION
2025-12-05T12:18:53.298Z,VIRTUAL/EUR,vwap_pullback,0.7610602999999999,32000,4800,8000,0,6117.78068045331,4656,4656,PASS
2025-12-05T12:18:53.827Z,ETHFIEUR,mean_reversion,0.6906899999999999,32000,4800,8000,0,0,87360.00000000016,4656,MAX_POSITION
2025-12-05T12:18:53.929Z,XXRPZCAD,mean_reversion,2.8885856999999997,32000,4800,8000,0,0,87360.00000000087,4656,MAX_POSITION
2025-12-05T12:18:53.958Z,PROVEEUR,mean_reversion,0.39519479999999996,32000,4800,8000,0,0,87360.0000000004,4656,MAX_POSITION
2025-12-05T12:18:54.804Z,EULEUR,mean_reversion,3.3213179999999998,32000,4800,8000,0,0,87360.00000000019,4656,MAX_POSITION
2025-12-05T12:18:54.995Z,ATOM/USD,vwap_pullback,2.2645623,32000,4800,8000,0,2056.0264559734123,4656,4656,PASS
2025-12-05T12:18:55.189Z,RUNEEUR,mean_reversion,0.5685679999999999,32000,4800,8000,0,0,87360.00000000109,4656,MAX_POSITION
2025-12-05T12:18:55.191Z,XXRPZEUR,mean_reversion,1.7795377599999997,32000,4800,8000,0,0,87360.00000000089,4656,MAX_POSITION
2025-12-05T12:18:56.206Z,XRPGBP,mean_reversion,1.5536420899999999,32000,4800,8000,0,0,87360.00000000023,4656,MAX_POSITION
2025-12-05T12:18:56.500Z,EWTUSD,mean_reversion,0.6906899999999999,32000,4800,8000,0,0,87360.00000000016,4656,MAX_POSITION
2025-12-05T12:18:56.508Z,RUNEUSD,mean_reversion,0.6606599999999999,32000,4800,8000,0,0,87360.0000000008,4656,MAX_POSITION
2025-12-05T12:18:57.836Z,FORTHUSD,mean_reversion,1.7317299999999998,32000,4800,8000,0,0,87360.00000000054,4656,MAX_POSITION
2025-12-05T12:18:57.840Z,XRPRLUSD,mean_reversion,2.0702081399999996,32000,4800,8000,0,0,87360.00000000186,4656,MAX_POSITION
2025-12-05T12:18:57.863Z,SOSOUSD,mean_reversion,0.6062056,32000,4800,8000,0,0,87360.00000000086,4656,MAX_POSITION
2025-12-05T12:18:58.837Z,ETHFI/USD,vwap_pullback,0.8032023999999999,32000,4800,8000,0,5796.795427902109,4656,4656,PASS
2025-12-05T12:18:59.153Z,XRPUSDT,mean_reversion,2.0692972299999997,32000,4800,8000,0,0,87360.00000000016,4656,MAX_POSITION
2025-12-05T12:18:59.166Z,FXSUSD,mean_reversion,0.805805,32000,4800,8000,0,0,87360.00000000052,4656,MAX_POSITION
2025-12-05T12:18:59.547Z,TONEUR,mean_reversion,1.36136,32000,4800,8000,0,0,87360.0000000008,4656,MAX_POSITION
2025-12-05T12:19:00.393Z,XTZEUR,mean_reversion,0.42062019999999994,32000,4800,8000,0,0,87360.0000000017,4656,MAX_POSITION
2025-12-05T12:19:00.406Z,KSMUSD,mean_reversion,8.42842,32000,4800,8000,0,0,87359.99999999985,4656,MAX_POSITION
2025-12-05T12:19:00.624Z,GOMINING/USD,vwap_bounce,0.37067029999999995,32000,4800,8000,0,12561.027953952611,4656,4656,PASS
2025-12-05T12:19:00.857Z,TONUSD,mean_reversion,1.5855839999999999,32000,4800,8000,0,0,87360.00000000058,4656,MAX_POSITION
2025-12-05T12:19:01.594Z,LINKEUR,vwap_pullback,12.079036969999999,32000,4800,8000,0,0,44409.8139396019,4656,MAX_POSITION
2025-12-05T12:19:01.701Z,XTZUSD,mean_reversion,0.48868819999999996,32000,4800,8000,0,0,87360.00000000103,4656,MAX_POSITION
2025-12-05T12:19:01.985Z,TRUMPUSD,mean_reversion,5.875869999999999,32000,4800,8000,0,0,87360.00000000147,4656,MAX_POSITION
2025-12-05T12:19:02.549Z,LINKUSD,vwap_pullback,14.06165761,32000,4800,8000,0,0,77992.12824703072,4656,MAX_POSITION
2025-12-05T12:19:02.755Z,M/USD,vwap_pullback,1.27642515,32000,4800,8000,0,3647.687449593108,4656,4656,PASS
2025-12-05T12:19:03.901Z,LINKUSDC,vwap_pullback,14.070756699999997,32000,4800,8000,0,0,72097.68243059493,4656,MAX_POSITION
2025-12-05T12:19:04.848Z,LINKUSDT,vwap_pullback,14.056522479999998,32000,4800,8000,0,0,82370.63198648157,4656,MAX_POSITION
2025-12-05T12:19:04.878Z,USDCHF,vwap_pullback,0.8043035,32000,4800,8000,0,0,184095.46539379045,4656,MAX_POSITION
2025-12-05T12:19:05.838Z,XLTCZEUR,mean_reversion,70.66059,32000,4800,8000,0,0,87360.00000000051,4656,MAX_POSITION
2025-12-05T12:19:06.226Z,XXRPZCAD,mean_reversion,2.8885856999999997,32000,4800,8000,0,0,87360.00000000087,4656,MAX_POSITION
2025-12-05T12:19:07.128Z,XLTCZUSD,mean_reversion,82.30221999999999,32000,4800,8000,0,0,87360.0000000012,4656,MAX_POSITION
2025-12-05T12:19:07.508Z,XXRPZEUR,mean_reversion,1.7795377599999997,32000,4800,8000,0,0,87360.00000000089,4656,MAX_POSITION
2025-12-05T12:19:08.277Z,MASKEUR,mean_reversion,0.5805799999999999,32000,4800,8000,0,0,87360.00000000077,4656,MAX_POSITION
2025-12-05T12:19:08.543Z,XRPGBP,mean_reversion,1.5536420899999999,32000,4800,8000,0,0,87360.00000000023,4656,MAX_POSITION
2025-12-05T12:19:09.814Z,XRPRLUSD,mean_reversion,2.0702081399999996,32000,4800,8000,0,0,87360.00000000186,4656,MAX_POSITION
2025-12-05T12:19:10.271Z,MEUSD,mean_reversion,0.3362358999999999,32000,4800,8000,0,0,87360.00000000127,4656,MAX_POSITION
2025-12-05T12:19:10.336Z,APT/USD,vwap_pullback,1.8549530999999997,32000,4800,8000,0,2510.0365071224714,4656,4656,PASS
2025-12-05T12:19:10.828Z,XRPUSDT,mean_reversion,2.0692972299999997,32000,4800,8000,0,0,87360.00000000016,4656,MAX_POSITION
2025-12-05T12:19:12.034Z,XTZEUR,mean_reversion,0.42062019999999994,32000,4800,8000,0,0,87360.0000000017,4656,MAX_POSITION
2025-12-05T12:19:12.289Z,NANOEUR,mean_reversion,0.707725018,32000,4800,8000,0,0,87360.00000000016,4656,MAX_POSITION
2025-12-05T12:19:12.988Z,XTZUSD,mean_reversion,0.48868819999999996,32000,4800,8000,0,0,87360.00000000103,4656,MAX_POSITION
2025-12-05T12:19:13.176Z,VIRTUAL/EUR,vwap_pullback,0.7610602999999999,32000,4800,8000,0,6117.78068045331,4656,4656,PASS
2025-12-05T12:19:13.566Z,NANOUSD,mean_reversion,0.8157429279999999,32000,4800,8000,0,0,87360.00000000025,4656,MAX_POSITION
2025-12-05T12:19:14.724Z,ATOM/USD,vwap_pullback,2.2645623,32000,4800,8000,0,2056.0264559734123,4656,4656,PASS
2025-12-05T12:19:15.045Z,NOSUSD,mean_reversion,0.266266,32000,4800,8000,0,0,87360.00000000048,4656,MAX_POSITION
2025-12-05T12:19:16.357Z,OPEUR,mean_reversion,0.2720718,32000,4800,8000,0,0,87360.00000000038,4656,MAX_POSITION
2025-12-05T12:19:17.167Z,OPUSD,mean_reversion,0.31651619999999997,32000,4800,8000,0,0,87360.0000000003,4656,MAX_POSITION
2025-12-05T12:19:18.648Z,ETHFI/USD,vwap_pullback,0.8032023999999999,32000,4800,8000,0,5796.795427902109,4656,4656,PASS
2025-12-05T12:19:18.754Z,PROVEEUR,mean_reversion,0.39519479999999996,32000,4800,8000,0,0,87360.0000000004,4656,MAX_POSITION
2025-12-05T12:19:19.769Z,RUNEEUR,mean_reversion,0.5685679999999999,32000,4800,8000,0,0,87360.00000000109,4656,MAX_POSITION
2025-12-05T12:19:19.903Z,GOMINING/USD,vwap_bounce,0.37067029999999995,32000,4800,8000,0,12561.027953952611,4656,4656,PASS
2025-12-05T12:19:21.047Z,RUNEUSD,mean_reversion,0.6606599999999999,32000,4800,8000,0,0,87360.0000000008,4656,MAX_POSITION
2025-12-05T12:19:22.127Z,SOSOUSD,mean_reversion,0.6052046,32000,4800,8000,0,0,87360.00000000065,4656,MAX_POSITION
2025-12-05T12:19:23.959Z,TONEUR,mean_reversion,1.36136,32000,4800,8000,0,0,87360.0000000008,4656,MAX_POSITION
2025-12-05T12:19:24.639Z,SOL/EUR,vwap_pullback,117.68756999999998,32000,4800,8000,0,39.562376893328675,4656,4656,PASS
2025-12-05T12:19:24.750Z,TONUSD,mean_reversion,1.5855839999999999,32000,4800,8000,0,0,87360.00000000058,4656,MAX_POSITION
2025-12-05T12:19:26.024Z,TRUMPUSD,mean_reversion,5.875869999999999,32000,4800,8000,0,0,87360.00000000147,4656,MAX_POSITION
2025-12-05T12:19:28.515Z,USDCHF,vwap_pullback,0.8043835799999999,32000,4800,8000,0,0,180664.3559718959,4656,MAX_POSITION
2025-12-05T12:19:29.660Z,ADAAUD,mean_reversion,0.6494087599999999,32000,4800,8000,0,0,87360.00000000057,4656,MAX_POSITION
2025-12-05T12:19:30.064Z,XXRPZCAD,mean_reversion,2.8885856999999997,32000,4800,8000,0,0,87360.00000000087,4656,MAX_POSITION
2025-12-05T12:19:31.273Z,AKTEUR,mean_reversion,0.3914911,32000,4800,8000,0,0,87360.0000000005,4656,MAX_POSITION
2025-12-05T12:19:31.364Z,XXRPZEUR,mean_reversion,1.78086909,32000,4800,8000,0,0,87360.00000000033,4656,MAX_POSITION
2025-12-05T12:19:32.262Z,SOL/USDC,vwap_pullback,137.06692999999999,32000,4800,8000,0,33.968806334248534,4656,4656,PASS
2025-12-05T12:19:32.363Z,XRPGBP,mean_reversion,1.5547231699999997,32000,4800,8000,0,0,87360.00000000154,4656,MAX_POSITION
2025-12-05T12:19:32.600Z,AUDUSD,vwap_pullback,0.6648441799999999,32000,4800,8000,0,0,42805.382788723815,4656,MAX_POSITION
2025-12-05T12:19:33.449Z,AUDUSD,sma_trend_ride,0.66550836,32000,4800,8000,0,0,93735.32524266218,4656,MAX_POSITION
2025-12-05T12:19:33.845Z,XRPRLUSD,mean_reversion,2.0702081399999996,32000,4800,8000,0,0,87360.00000000186,4656,MAX_POSITION
2025-12-05T12:19:34.768Z,CAKEUSD,mean_reversion,2.3143119999999997,32000,4800,8000,0,0,87360.00000000033,4656,MAX_POSITION
2025-12-05T12:19:34.828Z,XRPUSDT,mean_reversion,2.0692972299999997,32000,4800,8000,0,0,87360.00000000016,4656,MAX_POSITION
2025-12-05T12:19:35.122Z,EUL/USD,vwap_pullback,3.8568529999999996,32000,4800,8000,0,1207.2018300930838,4656,4656,PASS
2025-12-05T12:19:35.965Z,CVXUSD,mean_reversion,1.8248229999999999,32000,4800,8000,0,0,87360.00000000054,4656,MAX_POSITION
2025-12-05T12:19:36.583Z,XTZEUR,mean_reversion,0.42062019999999994,32000,4800,8000,0,0,87360.0000000017,4656,MAX_POSITION
2025-12-05T12:19:36.968Z,DOTEUR,mean_reversion,1.9223203999999998,32000,4800,8000,0,0,87360.00000000118,4656,MAX_POSITION
2025-12-05T12:19:37.225Z,LTC/USD,vwap_pullback,82.30221999999999,32000,4800,8000,0,56.57198554303882,4656,4656,PASS
2025-12-05T12:19:37.992Z,DOTGBP,mean_reversion,1.6742725999999999,32000,4800,8000,0,0,87360.00000000084,4656,MAX_POSITION
2025-12-05T12:19:38.432Z,XTZUSD,mean_reversion,0.48878829999999995,32000,4800,8000,0,0,87360.00000000052,4656,MAX_POSITION
2025-12-05T12:19:39.308Z,DOTUSDC,mean_reversion,2.2351328999999995,32000,4800,8000,0,0,87360.00000000108,4656,MAX_POSITION
2025-12-05T12:19:40.575Z,DOTUSDT,mean_reversion,2.2340317999999995,32000,4800,8000,0,0,87360.00000000172,4656,MAX_POSITION
2025-12-05T12:19:41.519Z,XETCZUSD,mean_reversion,13.535521999999998,32000,4800,8000,0,0,87360.00000000081,4656,MAX_POSITION
2025-12-05T12:19:41.554Z,ICP/USD,vwap_pullback,3.5405369999999996,32000,4800,8000,0,1315.054750169254,4656,4656,PASS
2025-12-05T12:19:42.201Z,ADAAUD,mean_reversion,0.6494087599999999,32000,4800,8000,0,0,87360.00000000057,4656,MAX_POSITION
2025-12-05T12:19:42.913Z,ETHFIEUR,mean_reversion,0.6906899999999999,32000,4800,8000,0,0,87360.00000000016,4656,MAX_POSITION
2025-12-05T12:19:43.537Z,AKTEUR,mean_reversion,0.3914911,32000,4800,8000,0,0,87360.0000000005,4656,MAX_POSITION
2025-12-05T12:19:44.420Z,EULEUR,mean_reversion,3.3213179999999998,32000,4800,8000,0,0,87360.00000000019,4656,MAX_POSITION
2025-12-05T12:19:44.487Z,AUDUSD,vwap_pullback,0.6648441799999999,32000,4800,8000,0,0,42805.382788723815,4656,MAX_POSITION
2025-12-05T12:19:44.812Z,APT/USD,vwap_pullback,1.8559541,32000,4800,8000,0,2508.682730892968,4656,4656,PASS
2025-12-05T12:19:45.087Z,AUDUSD,sma_trend_ride,0.66550836,32000,4800,8000,0,0,93735.32524266218,4656,MAX_POSITION
2025-12-05T12:19:46.186Z,EWTUSD,mean_reversion,0.6906899999999999,32000,4800,8000,0,0,87360.00000000016,4656,MAX_POSITION
2025-12-05T12:19:46.584Z,CAKEUSD,mean_reversion,2.3143119999999997,32000,4800,8000,0,0,87360.00000000033,4656,MAX_POSITION
2025-12-05T12:19:47.181Z,FORTHUSD,mean_reversion,1.7327309999999998,32000,4800,8000,0,0,87360.00000000163,4656,MAX_POSITION
2025-12-05T12:19:47.753Z,VIRTUAL/EUR,vwap_pullback,0.7610602999999999,32000,4800,8000,0,6117.78068045331,4656,4656,PASS
2025-12-05T12:19:48.052Z,CVXUSD,mean_reversion,1.8248229999999999,32000,4800,8000,0,0,87360.00000000054,4656,MAX_POSITION
2025-12-05T12:19:48.741Z,FXSUSD,mean_reversion,0.805805,32000,4800,8000,0,0,87360.00000000052,4656,MAX_POSITION
2025-12-05T12:19:49.472Z,DOTEUR,mean_reversion,1.9223203999999998,32000,4800,8000,0,0,87360.00000000118,4656,MAX_POSITION
2025-12-05T12:19:49.540Z,ATOM/USD,vwap_pullback,2.2645623,32000,4800,8000,0,2056.0264559734123,4656,4656,PASS
2025-12-05T12:19:50.015Z,KSMUSD,mean_reversion,8.42842,32000,4800,8000,0,0,87359.99999999985,4656,MAX_POSITION
2025-12-05T12:19:51.020Z,DOTGBP,mean_reversion,1.6742725999999999,32000,4800,8000,0,0,87360.00000000084,4656,MAX_POSITION
2025-12-05T12:19:51.499Z,LINKEUR,vwap_pullback,12.079036969999999,32000,4800,8000,0,0,44409.8139396019,4656,MAX_POSITION
2025-12-05T12:19:52.293Z,DOTUSDC,mean_reversion,2.2351328999999995,32000,4800,8000,0,0,87360.00000000108,4656,MAX_POSITION
2025-12-05T12:19:52.639Z,LINKUSD,vwap_pullback,14.061647599999997,32000,4800,8000,0,0,77996.58463921507,4656,MAX_POSITION
2025-12-05T12:19:53.805Z,ETHFI/USD,vwap_pullback,0.8032023999999999,32000,4800,8000,0,5796.795427902109,4656,4656,PASS
2025-12-05T12:19:53.817Z,DOTUSDT,mean_reversion,2.2340317999999995,32000,4800,8000,0,0,87360.00000000172,4656,MAX_POSITION
2025-12-05T12:19:53.904Z,LINKUSDC,vwap_pullback,14.070756699999997,32000,4800,8000,0,0,72097.68243059493,4656,MAX_POSITION
2025-12-05T12:19:54.747Z,XETCZUSD,mean_reversion,13.535521999999998,32000,4800,8000,0,0,87360.00000000081,4656,MAX_POSITION
2025-12-05T12:19:55.150Z,LINKUSDT,vwap_pullback,14.06292888,32000,4800,8000,0,0,79306.8431658378,4656,MAX_POSITION
2025-12-05T12:19:55.449Z,GOMINING/USD,vwap_bounce,0.37067029999999995,32000,4800,8000,0,12561.027953952611,4656,4656,PASS
2025-12-05T12:19:55.740Z,ETHFIEUR,mean_reversion,0.6906899999999999,32000,4800,8000,0,0,87360.00000000016,4656,MAX_POSITION
2025-12-05T12:19:56.186Z,XLTCZEUR,mean_reversion,70.70062999999999,32000,4800,8000,0,0,87360.00000000077,4656,MAX_POSITION
2025-12-05T12:19:57.021Z,EULEUR,mean_reversion,3.3213179999999998,32000,4800,8000,0,0,87360.00000000019,4656,MAX_POSITION
2025-12-05T12:19:57.248Z,XLTCZUSD,mean_reversion,82.30221999999999,32000,4800,8000,0,0,87360.0000000012,4656,MAX_POSITION
2025-12-05T12:19:58.537Z,MASKEUR,mean_reversion,0.5805799999999999,32000,4800,8000,0,0,87360.00000000077,4656,MAX_POSITION
2025-12-05T12:19:59.786Z,EWTUSD,mean_reversion,0.6906899999999999,32000,4800,8000,0,0,87360.00000000016,4656,MAX_POSITION
2025-12-05T12:20:00.274Z,SOL/EUR,vwap_pullback,117.68756999999998,32000,4800,8000,0,39.562376893328675,4656,4656,PASS
2025-12-05T12:20:00.733Z,MEUSD,mean_reversion,0.3362358999999999,32000,4800,8000,0,0,87360.00000000127,4656,MAX_POSITION
2025-12-05T12:20:01.360Z,FORTHUSD,mean_reversion,1.7327309999999998,32000,4800,8000,0,0,87360.00000000163,4656,MAX_POSITION
2025-12-05T12:20:02.107Z,NANOEUR,mean_reversion,0.707725018,32000,4800,8000,0,0,87360.00000000016,4656,MAX_POSITION
2025-12-05T12:20:02.756Z,FXSUSD,mean_reversion,0.805805,32000,4800,8000,0,0,87360.00000000052,4656,MAX_POSITION
2025-12-05T12:20:03.836Z,NANOUSD,mean_reversion,0.8157429279999999,32000,4800,8000,0,0,87360.00000000025,4656,MAX_POSITION
2025-12-05T12:20:04.467Z,KSMUSD,mean_reversion,8.42842,32000,4800,8000,0,0,87359.99999999985,4656,MAX_POSITION
2025-12-05T12:20:05.371Z,NOSUSD,mean_reversion,0.266266,32000,4800,8000,0,0,87360.00000000048,4656,MAX_POSITION
2025-12-05T12:20:05.710Z,LINKEUR,vwap_pullback,12.079036969999999,32000,4800,8000,0,0,44409.8139396019,4656,MAX_POSITION
2025-12-05T12:20:06.669Z,LINKUSD,vwap_pullback,14.061647599999997,32000,4800,8000,0,0,77996.62987962074,4656,MAX_POSITION
2025-12-05T12:20:06.681Z,OPEUR,mean_reversion,0.2720718,32000,4800,8000,0,0,87360.00000000038,4656,MAX_POSITION
2025-12-05T12:20:07.979Z,LINKUSDC,vwap_pullback,14.070756699999997,32000,4800,8000,0,0,72097.68243059493,4656,MAX_POSITION
2025-12-05T12:20:08.016Z,OPUSD,mean_reversion,0.3176173,32000,4800,8000,0,0,87360.00000000134,4656,MAX_POSITION
2025-12-05T12:20:09.123Z,LINKUSDT,vwap_pullback,14.06292888,32000,4800,8000,0,0,79307.24258962595,4656,MAX_POSITION
2025-12-05T12:20:09.215Z,SOL/USDC,vwap_pullback,136.97683999999998,32000,4800,8000,0,33.99114770058939,4656,4656,PASS
2025-12-05T12:20:09.725Z,PROVEEUR,mean_reversion,0.39519479999999996,32000,4800,8000,0,0,87360.0000000004,4656,MAX_POSITION
2025-12-05T12:20:10.069Z,XLTCZEUR,mean_reversion,70.70062999999999,32000,4800,8000,0,0,87360.00000000077,4656,MAX_POSITION
2025-12-05T12:20:11.100Z,RUNEEUR,mean_reversion,0.5685679999999999,32000,4800,8000,0,0,87360.00000000109,4656,MAX_POSITION
2025-12-05T12:20:11.555Z,XLTCZUSD,mean_reversion,82.25216999999999,32000,4800,8000,0,0,87360.0000000002,4656,MAX_POSITION
2025-12-05T12:20:12.281Z,EUL/USD,vwap_pullback,3.8568529999999996,32000,4800,8000,0,1207.2018300930838,4656,4656,PASS
2025-12-05T12:20:12.365Z,RUNEUSD,mean_reversion,0.6606599999999999,32000,4800,8000,0,0,87360.0000000008,4656,MAX_POSITION
2025-12-05T12:20:12.869Z,MASKEUR,mean_reversion,0.5805799999999999,32000,4800,8000,0,0,87360.00000000077,4656,MAX_POSITION
2025-12-05T12:20:13.811Z,SOSOUSD,mean_reversion,0.6045038999999999,32000,4800,8000,0,0,87360.00000000134,4656,MAX_POSITION
2025-12-05T12:20:14.928Z,MEUSD,mean_reversion,0.3362358999999999,32000,4800,8000,0,0,87360.00000000127,4656,MAX_POSITION
2025-12-05T12:20:15.260Z,TONEUR,mean_reversion,1.36136,32000,4800,8000,0,0,87360.0000000008,4656,MAX_POSITION
2025-12-05T12:20:16.589Z,TONUSD,mean_reversion,1.5845829999999999,32000,4800,8000,0,0,87360.0000000005,4656,MAX_POSITION
2025-12-05T12:20:16.626Z,NANOEUR,mean_reversion,0.707725018,32000,4800,8000,0,0,87360.00000000016,4656,MAX_POSITION
2025-12-05T12:20:17.965Z,TRUMPUSD,mean_reversion,5.875869999999999,32000,4800,8000,0,0,87360.00000000147,4656,MAX_POSITION
2025-12-05T12:20:18.503Z,NANOUSD,mean_reversion,0.8157429279999999,32000,4800,8000,0,0,87360.00000000025,4656,MAX_POSITION
2025-12-05T12:20:18.700Z,VIRTUAL/EUR,vwap_pullback,0.7610602999999999,32000,4800,8000,0,6117.78068045331,4656,4656,PASS
2025-12-05T12:20:19.900Z,NOSUSD,mean_reversion,0.266266,32000,4800,8000,0,0,87360.00000000048,4656,MAX_POSITION
2025-12-05T12:20:20.414Z,USDCHF,vwap_pullback,0.8044636599999999,32000,4800,8000,0,0,177359.44827585953,4656,MAX_POSITION
2025-12-05T12:20:20.501Z,ATOM/USD,vwap_pullback,2.2645623,32000,4800,8000,0,2056.0264559734123,4656,4656,PASS
2025-12-05T12:20:20.937Z,OPEUR,mean_reversion,0.2720718,32000,4800,8000,0,0,87360.00000000038,4656,MAX_POSITION
2025-12-05T12:20:21.249Z,XXRPZCAD,mean_reversion,2.8885856999999997,32000,4800,8000,0,0,87360.00000000087,4656,MAX_POSITION
2025-12-05T12:20:22.605Z,XXRPZEUR,mean_reversion,1.7813195399999997,32000,4800,8000,0,0,87360.0000000008,4656,MAX_POSITION
2025-12-05T12:20:22.884Z,OPUSD,mean_reversion,0.3176173,32000,4800,8000,0,0,87360.00000000134,4656,MAX_POSITION
2025-12-05T12:20:24.248Z,XRPGBP,mean_reversion,1.5551235699999997,32000,4800,8000,0,0,87360.00000000089,4656,MAX_POSITION
2025-12-05T12:20:24.264Z,ETHFI/USD,vwap_pullback,0.8032023999999999,32000,4800,8000,0,5796.795427902109,4656,4656,PASS
2025-12-05T12:20:24.487Z,PROVEEUR,mean_reversion,0.39519479999999996,32000,4800,8000,0,0,87360.0000000004,4656,MAX_POSITION
2025-12-05T12:20:25.059Z,XRPRLUSD,mean_reversion,2.0702081399999996,32000,4800,8000,0,0,87360.00000000186,4656,MAX_POSITION
2025-12-05T12:20:25.505Z,RUNEEUR,mean_reversion,0.5685679999999999,32000,4800,8000,0,0,87360.00000000109,4656,MAX_POSITION
2025-12-05T12:20:26.107Z,GOMINING/USD,vwap_bounce,0.37067029999999995,32000,4800,8000,0,12561.027953952611,4656,4656,PASS
2025-12-05T12:20:26.108Z,XRPUSDT,mean_reversion,2.07255048,32000,4800,8000,0,0,87360.0000000006,4656,MAX_POSITION
2025-12-05T12:20:26.848Z,RUNEUSD,mean_reversion,0.6606599999999999,32000,4800,8000,0,0,87360.0000000008,4656,MAX_POSITION
2025-12-05T12:20:27.615Z,XTZEUR,mean_reversion,0.42062019999999994,32000,4800,8000,0,0,87360.0000000017,4656,MAX_POSITION
2025-12-05T12:20:27.978Z,SOSOUSD,mean_reversion,0.6045038999999999,32000,4800,8000,0,0,87360.00000000134,4656,MAX_POSITION
2025-12-05T12:20:28.861Z,ADAAUD,mean_reversion,0.6494087599999999,32000,4800,8000,0,0,87360.00000000057,4656,MAX_POSITION
2025-12-05T12:20:28.893Z,XTZUSD,mean_reversion,0.48878829999999995,32000,4800,8000,0,0,87360.00000000052,4656,MAX_POSITION
2025-12-05T12:20:29.453Z,TONEUR,mean_reversion,1.36136,32000,4800,8000,0,0,87360.0000000008,4656,MAX_POSITION
2025-12-05T12:20:30.176Z,AKTEUR,mean_reversion,0.3914911,32000,4800,8000,0,0,87360.0000000005,4656,MAX_POSITION
2025-12-05T12:20:31.174Z,AUDUSD,vwap_pullback,0.6643536899999999,32000,4800,8000,0,0,44228.9444124517,4656,MAX_POSITION
2025-12-05T12:20:31.436Z,TONUSD,mean_reversion,1.5825809999999998,32000,4800,8000,0,0,87360.00000000032,4656,MAX_POSITION
2025-12-05T12:20:31.755Z,AUDUSD,sma_trend_ride,0.66501738,32000,4800,8000,0,0,100913.34700623149,4656,MAX_POSITION
2025-12-05T12:20:32.719Z,TRUMPUSD,mean_reversion,5.875869999999999,32000,4800,8000,0,0,87360.00000000147,4656,MAX_POSITION
2025-12-05T12:20:33.010Z,CAKEUSD,mean_reversion,2.3143119999999997,32000,4800,8000,0,0,87360.00000000033,4656,MAX_POSITION
2025-12-05T12:20:33.354Z,SOL/EUR,vwap_pullback,117.68756999999998,32000,4800,8000,0,39.562376893328675,4656,4656,PASS
2025-12-05T12:20:34.040Z,CVXUSD,mean_reversion,1.8248229999999999,32000,4800,8000,0,0,87360.00000000054,4656,MAX_POSITION
2025-12-05T12:20:35.334Z,DOTEUR,mean_reversion,1.9223203999999998,32000,4800,8000,0,0,87360.00000000118,4656,MAX_POSITION
2025-12-05T12:20:35.348Z,USDCHF,vwap_pullback,0.8044636599999999,32000,4800,8000,0,0,177359.44827585953,4656,MAX_POSITION
2025-12-05T12:20:35.438Z,ADA/USD,vwap_pullback,0.43123079999999997,32000,4800,8000,0,10797.002440456481,4656,4656,PASS
2025-12-05T12:20:36.367Z,XXRPZCAD,mean_reversion,2.8885856999999997,32000,4800,8000,0,0,87360.00000000087,4656,MAX_POSITION
2025-12-05T12:20:37.089Z,DOTGBP,mean_reversion,1.6742725999999999,32000,4800,8000,0,0,87360.00000000084,4656,MAX_POSITION
2025-12-05T12:20:37.613Z,XXRPZEUR,mean_reversion,1.7813595799999997,32000,4800,8000,0,0,87360.00000000084,4656,MAX_POSITION
2025-12-05T12:20:38.355Z,DOTUSDC,mean_reversion,2.2351328999999995,32000,4800,8000,0,0,87360.00000000108,4656,MAX_POSITION
2025-12-05T12:20:39.040Z,XRPGBP,mean_reversion,1.5549033499999998,32000,4800,8000,0,0,87360.00000000063,4656,MAX_POSITION
2025-12-05T12:20:39.623Z,DOTUSDT,mean_reversion,2.2340317999999995,32000,4800,8000,0,0,87360.00000000172,4656,MAX_POSITION
2025-12-05T12:20:40.306Z,XRPRLUSD,mean_reversion,2.0702081399999996,32000,4800,8000,0,0,87360.00000000186,4656,MAX_POSITION
2025-12-05T12:20:40.842Z,XETCZUSD,mean_reversion,13.535521999999998,32000,4800,8000,0,0,87360.00000000081,4656,MAX_POSITION
2025-12-05T12:20:41.313Z,XRPUSDT,mean_reversion,2.07255048,32000,4800,8000,0,0,87360.0000000006,4656,MAX_POSITION
2025-12-05T12:20:42.109Z,ETHFIEUR,mean_reversion,0.6906899999999999,32000,4800,8000,0,0,87360.00000000016,4656,MAX_POSITION
2025-12-05T12:20:42.203Z,ADAAUD,mean_reversion,0.6494087599999999,32000,4800,8000,0,0,87360.00000000057,4656,MAX_POSITION
2025-12-05T12:20:42.372Z,XTZEUR,mean_reversion,0.42062019999999994,32000,4800,8000,0,0,87360.0000000017,4656,MAX_POSITION
2025-12-05T12:20:43.408Z,SOL/USDC,vwap_pullback,136.97683999999998,32000,4800,8000,0,33.99114770058939,4656,4656,PASS
2025-12-05T12:20:43.708Z,XTZUSD,mean_reversion,0.48878829999999995,32000,4800,8000,0,0,87360.00000000052,4656,MAX_POSITION
2025-12-05T12:20:43.774Z,AKTEUR,mean_reversion,0.3914911,32000,4800,8000,0,0,87360.0000000005,4656,MAX_POSITION
2025-12-05T12:20:44.716Z,EULEUR,mean_reversion,3.3213179999999998,32000,4800,8000,0,0,87360.00000000019,4656,MAX_POSITION
2025-12-05T12:20:44.840Z,AUDUSD,vwap_pullback,0.6643536899999999,32000,4800,8000,0,0,44228.94009822695,4656,MAX_POSITION
2025-12-05T12:20:45.441Z,AUDUSD,sma_trend_ride,0.66501738,32000,4800,8000,0,0,100549.61984606339,4656,MAX_POSITION
2025-12-05T12:20:46.462Z,CAKEUSD,mean_reversion,2.3143119999999997,32000,4800,8000,0,0,87360.00000000033,4656,MAX_POSITION
2025-12-05T12:20:46.677Z,EUL/USD,vwap_pullback,3.8568529999999996,32000,4800,8000,0,1207.2018300930838,4656,4656,PASS
2025-12-05T12:20:46.857Z,EWTUSD,mean_reversion,0.6906899999999999,32000,4800,8000,0,0,87360.00000000016,4656,MAX_POSITION
2025-12-05T12:20:47.449Z,CVXUSD,mean_reversion,1.8248229999999999,32000,4800,8000,0,0,87360.00000000054,4656,MAX_POSITION
2025-12-05T12:20:48.385Z,FORTHUSD,mean_reversion,1.7327309999999998,32000,4800,8000,0,0,87360.00000000163,4656,MAX_POSITION
2025-12-05T12:20:48.898Z,DOTEUR,mean_reversion,1.9223203999999998,32000,4800,8000,0,0,87360.00000000118,4656,MAX_POSITION
2025-12-05T12:20:49.314Z,FXSUSD,mean_reversion,0.805805,32000,4800,8000,0,0,87360.00000000052,4656,MAX_POSITION
2025-12-05T12:20:50.178Z,DOTGBP,mean_reversion,1.6742725999999999,32000,4800,8000,0,0,87360.00000000084,4656,MAX_POSITION
2025-12-05T12:20:50.311Z,KSMUSD,mean_reversion,8.42842,32000,4800,8000,0,0,87359.99999999985,4656,MAX_POSITION
2025-12-05T12:20:50.961Z,GRASS/USD,vwap_bounce,0.30740709999999993,32000,4800,8000,0,15146.039242424788,4656,4656,PASS
2025-12-05T12:20:51.781Z,DOTUSDC,mean_reversion,2.2351328999999995,32000,4800,8000,0,0,87360.00000000108,4656,MAX_POSITION
2025-12-05T12:20:51.833Z,LINKEUR,vwap_pullback,12.079036969999999,32000,4800,8000,0,0,44409.8139396019,4656,MAX_POSITION
2025-12-05T12:20:52.787Z,DOTUSDT,mean_reversion,2.2340317999999995,32000,4800,8000,0,0,87360.00000000172,4656,MAX_POSITION
2025-12-05T12:20:52.967Z,LINKUSD,vwap_pullback,14.046031999999999,32000,4800,8000,0,0,85636.84843081953,4656,MAX_POSITION
2025-12-05T12:20:54.051Z,XETCZUSD,mean_reversion,13.535521999999998,32000,4800,8000,0,0,87360.00000000081,4656,MAX_POSITION
2025-12-05T12:20:54.367Z,BAND/USD,range_trading,0.40540499999999996,32000,4800,8000,0,11484.811484811486,4656,4656,PASS
2025-12-05T12:20:54.491Z,LINKUSDC,vwap_pullback,14.070756699999997,32000,4800,8000,0,0,72097.68243059493,4656,MAX_POSITION
2025-12-05T12:20:55.300Z,ETHFIEUR,mean_reversion,0.6906899999999999,32000,4800,8000,0,0,87360.00000000016,4656,MAX_POSITION
2025-12-05T12:20:56.067Z,LINKUSDT,vwap_pullback,14.06292888,32000,4800,8000,0,0,79307.24258962595,4656,MAX_POSITION
2025-12-05T12:20:56.812Z,EULEUR,mean_reversion,3.3213179999999998,32000,4800,8000,0,0,87360.00000000019,4656,MAX_POSITION
2025-12-05T12:20:57.050Z,XLTCZEUR,mean_reversion,70.62055,32000,4800,8000,0,0,87360.00000000023,4656,MAX_POSITION
2025-12-05T12:20:58.558Z,EWTUSD,mean_reversion,0.6906899999999999,32000,4800,8000,0,0,87360.00000000016,4656,MAX_POSITION
2025-12-05T12:20:58.593Z,XLTCZUSD,mean_reversion,82.25216999999999,32000,4800,8000,0,0,87360.0000000002,4656,MAX_POSITION
2025-12-05T12:20:59.306Z,SOL/EUR,vwap_pullback,117.67755999999999,32000,4800,8000,0,39.565742185680946,4656,4656,PASS
2025-12-05T12:20:59.617Z,MASKEUR,mean_reversion,0.5805799999999999,32000,4800,8000,0,0,87360.00000000077,4656,MAX_POSITION
2025-12-05T12:20:59.720Z,FORTHUSD,mean_reversion,1.7327309999999998,32000,4800,8000,0,0,87360.00000000163,4656,MAX_POSITION
2025-12-05T12:21:00.989Z,FXSUSD,mean_reversion,0.805805,32000,4800,8000,0,0,87360.00000000052,4656,MAX_POSITION
2025-12-05T12:21:01.173Z,MEUSD,mean_reversion,0.3362358999999999,32000,4800,8000,0,0,87360.00000000127,4656,MAX_POSITION
2025-12-05T12:21:01.555Z,ADA/USD,vwap_pullback,0.4310115809999999,32000,4800,8000,0,10802.49395897323,4656,4656,PASS
2025-12-05T12:21:01.982Z,KSMUSD,mean_reversion,8.42842,32000,4800,8000,0,0,87359.99999999985,4656,MAX_POSITION
2025-12-05T12:21:02.921Z,LINKEUR,vwap_pullback,12.079036969999999,32000,4800,8000,0,0,44409.8139396019,4656,MAX_POSITION
2025-12-05T12:21:03.527Z,NANOEUR,mean_reversion,0.707725018,32000,4800,8000,0,0,87360.00000000016,4656,MAX_POSITION
2025-12-05T12:21:04.247Z,LINKUSD,vwap_pullback,14.037243219999999,32000,4800,8000,0,0,90642.60165072515,4656,MAX_POSITION
2025-12-05T12:21:04.754Z,NANOUSD,mean_reversion,0.8157429279999999,32000,4800,8000,0,0,87360.00000000025,4656,MAX_POSITION
2025-12-05T12:21:05.876Z,LINKUSDC,vwap_pullback,14.070756699999997,32000,4800,8000,0,0,72097.68243059493,4656,MAX_POSITION
2025-12-05T12:21:06.292Z,NOSUSD,mean_reversion,0.266266,32000,4800,8000,0,0,87360.00000000048,4656,MAX_POSITION
2025-12-05T12:21:07.601Z,LINKUSDT,vwap_pullback,14.06292888,32000,4800,8000,0,0,79307.24258962595,4656,MAX_POSITION
2025-12-05T12:21:07.678Z,OPEUR,mean_reversion,0.2720718,32000,4800,8000,0,0,87360.00000000038,4656,MAX_POSITION
2025-12-05T12:21:08.673Z,OPUSD,mean_reversion,0.3176173,32000,4800,8000,0,0,87360.00000000134,4656,MAX_POSITION
2025-12-05T12:21:09.129Z,SOL/USDC,vwap_pullback,136.97683999999998,32000,4800,8000,0,33.99114770058939,4656,4656,PASS
2025-12-05T12:21:09.147Z,XLTCZEUR,mean_reversion,70.62055,32000,4800,8000,0,0,87360.00000000023,4656,MAX_POSITION
2025-12-05T12:21:10.313Z,PROVEEUR,mean_reversion,0.39519479999999996,32000,4800,8000,0,0,87360.0000000004,4656,MAX_POSITION
2025-12-05T12:21:10.501Z,XLTCZUSD,mean_reversion,82.25216999999999,32000,4800,8000,0,0,87360.0000000002,4656,MAX_POSITION
2025-12-05T12:21:11.626Z,RUNEEUR,mean_reversion,0.5685679999999999,32000,4800,8000,0,0,87360.00000000109,4656,MAX_POSITION
2025-12-05T12:21:11.743Z,MASKEUR,mean_reversion,0.5805799999999999,32000,4800,8000,0,0,87360.00000000077,4656,MAX_POSITION
2025-12-05T12:21:12.460Z,EUL/USD,vwap_pullback,3.8568529999999996,32000,4800,8000,0,1207.2018300930838,4656,4656,PASS
2025-12-05T12:21:12.589Z,RUNEUSD,mean_reversion,0.6606599999999999,32000,4800,8000,0,0,87360.0000000008,4656,MAX_POSITION
2025-12-05T12:21:13.329Z,MEUSD,mean_reversion,0.3362358999999999,32000,4800,8000,0,0,87360.00000000127,4656,MAX_POSITION
2025-12-05T12:21:14.189Z,SOSOUSD,mean_reversion,0.6045038999999999,32000,4800,8000,0,0,87360.00000000134,4656,MAX_POSITION
2025-12-05T12:21:14.992Z,NANOEUR,mean_reversion,0.707725018,32000,4800,8000,0,0,87360.00000000016,4656,MAX_POSITION
2025-12-05T12:21:15.714Z,TONEUR,mean_reversion,1.36136,32000,4800,8000,0,0,87360.0000000008,4656,MAX_POSITION
2025-12-05T12:21:17.129Z,GRASS/USD,vwap_bounce,0.30740709999999993,32000,4800,8000,0,15146.039242424788,4656,4656,PASS
2025-12-05T12:21:17.138Z,NANOUSD,mean_reversion,0.8157429279999999,32000,4800,8000,0,0,87360.00000000025,4656,MAX_POSITION
2025-12-05T12:21:17.192Z,TONUSD,mean_reversion,1.5825809999999998,32000,4800,8000,0,0,87360.00000000032,4656,MAX_POSITION
2025-12-05T12:21:18.836Z,NOSUSD,mean_reversion,0.266266,32000,4800,8000,0,0,87360.00000000048,4656,MAX_POSITION
2025-12-05T12:21:18.886Z,TRUMPUSD,mean_reversion,5.875869999999999,32000,4800,8000,0,0,87360.00000000147,4656,MAX_POSITION
2025-12-05T12:21:20.119Z,OPEUR,mean_reversion,0.2720718,32000,4800,8000,0,0,87360.00000000038,4656,MAX_POSITION
2025-12-05T12:21:20.319Z,BAND/USD,range_trading,0.40540499999999996,32000,4800,8000,0,11484.811484811486,4656,4656,PASS
2025-12-05T12:21:20.851Z,USDCHF,vwap_pullback,0.8044636599999999,32000,4800,8000,0,0,177359.44827585953,4656,MAX_POSITION
2025-12-05T12:21:21.355Z,OPUSD,mean_reversion,0.3176173,32000,4800,8000,0,0,87360.00000000134,4656,MAX_POSITION
2025-12-05T12:21:21.876Z,TRUMP/USD,vwap_pullback,5.875869999999999,32000,4800,8000,0,792.3932966522406,4656,4656,PASS
2025-12-05T12:21:21.913Z,XXRPZCAD,mean_reversion,2.8885856999999997,32000,4800,8000,0,0,87360.00000000087,4656,MAX_POSITION
2025-12-05T12:21:22.365Z,PROVEEUR,mean_reversion,0.39519479999999996,32000,4800,8000,0,0,87360.0000000004,4656,MAX_POSITION
2025-12-05T12:21:23.465Z,XXRPZEUR,mean_reversion,1.7807089299999996,32000,4800,8000,0,0,87360.00000000114,4656,MAX_POSITION
2025-12-05T12:21:23.633Z,RUNEEUR,mean_reversion,0.5685679999999999,32000,4800,8000,0,0,87360.00000000109,4656,MAX_POSITION
2025-12-05T12:21:24.989Z,XRPGBP,mean_reversion,1.5549033499999998,32000,4800,8000,0,0,87360.00000000063,4656,MAX_POSITION
2025-12-05T12:21:25.162Z,RUNEUSD,mean_reversion,0.6606599999999999,32000,4800,8000,0,0,87360.0000000008,4656,MAX_POSITION
2025-12-05T12:21:25.786Z,XRPRLUSD,mean_reversion,2.0702081399999996,32000,4800,8000,0,0,87360.00000000186,4656,MAX_POSITION
2025-12-05T12:21:26.477Z,SOSOUSD,mean_reversion,0.6045038999999999,32000,4800,8000,0,0,87360.00000000134,4656,MAX_POSITION
2025-12-05T12:21:27.382Z,XRPUSDT,mean_reversion,2.07255048,32000,4800,8000,0,0,87360.0000000006,4656,MAX_POSITION
2025-12-05T12:21:27.479Z,TONEUR,mean_reversion,1.36136,32000,4800,8000,0,0,87360.0000000008,4656,MAX_POSITION
2025-12-05T12:21:28.380Z,XTZEUR,mean_reversion,0.42062019999999994,32000,4800,8000,0,0,87360.0000000017,4656,MAX_POSITION
2025-12-05T12:21:28.475Z,TONUSD,mean_reversion,1.5825809999999998,32000,4800,8000,0,0,87360.00000000032,4656,MAX_POSITION
2025-12-05T12:21:29.710Z,TRUMPUSD,mean_reversion,5.875869999999999,32000,4800,8000,0,0,87360.00000000147,4656,MAX_POSITION
2025-12-05T12:21:31.133Z,ADAAUD,mean_reversion,0.6494087599999999,32000,4800,8000,0,0,87360.00000000057,4656,MAX_POSITION
2025-12-05T12:21:31.483Z,XTZUSD,mean_reversion,0.48878829999999995,32000,4800,8000,0,0,87360.00000000052,4656,MAX_POSITION
2025-12-05T12:21:32.159Z,AKTEUR,mean_reversion,0.3914911,32000,4800,8000,0,0,87360.0000000005,4656,MAX_POSITION
2025-12-05T12:21:32.862Z,USDCHF,vwap_pullback,0.8044836799999998,32000,4800,8000,0,0,176552.12814645463,4656,MAX_POSITION
2025-12-05T12:21:33.425Z,AUDUSD,vwap_pullback,0.6643536899999999,32000,4800,8000,0,0,44228.94009822695,4656,MAX_POSITION
2025-12-05T12:21:34.023Z,AUDUSD,sma_trend_ride,0.66501738,32000,4800,8000,0,0,100549.61984606339,4656,MAX_POSITION
2025-12-05T12:21:34.148Z,XXRPZCAD,mean_reversion,2.8885856999999997,32000,4800,8000,0,0,87360.00000000087,4656,MAX_POSITION
2025-12-05T12:21:35.017Z,CAKEUSD,mean_reversion,2.3143119999999997,32000,4800,8000,0,0,87360.00000000033,4656,MAX_POSITION
2025-12-05T12:21:35.661Z,XXRPZEUR,mean_reversion,1.7814997199999998,32000,4800,8000,0,0,87360.00000000099,4656,MAX_POSITION
2025-12-05T12:21:36.019Z,CVXUSD,mean_reversion,1.8248229999999999,32000,4800,8000,0,0,87360.00000000054,4656,MAX_POSITION
2025-12-05T12:21:36.978Z,XRPGBP,mean_reversion,1.5551536,32000,4800,8000,0,0,87360.00000000095,4656,MAX_POSITION
2025-12-05T12:21:37.186Z,DOTEUR,mean_reversion,1.9219199999999996,32000,4800,8000,0,0,87360.00000000079,4656,MAX_POSITION
2025-12-05T12:21:38.183Z,DOTGBP,mean_reversion,1.6742725999999999,32000,4800,8000,0,0,87360.00000000084,4656,MAX_POSITION
2025-12-05T12:21:38.379Z,XRPRLUSD,mean_reversion,2.0702081399999996,32000,4800,8000,0,0,87360.00000000186,4656,MAX_POSITION
2025-12-05T12:21:39.522Z,DOTUSDC,mean_reversion,2.2351328999999995,32000,4800,8000,0,0,87360.00000000108,4656,MAX_POSITION
2025-12-05T12:21:39.659Z,XRPUSDT,mean_reversion,2.07255048,32000,4800,8000,0,0,87360.0000000006,4656,MAX_POSITION
2025-12-05T12:21:40.648Z,XTZEUR,mean_reversion,0.42062019999999994,32000,4800,8000,0,0,87360.0000000017,4656,MAX_POSITION
2025-12-05T12:21:40.942Z,DOTUSDT,mean_reversion,2.2340317999999995,32000,4800,8000,0,0,87360.00000000172,4656,MAX_POSITION
2025-12-05T12:21:41.659Z,XTZUSD,mean_reversion,0.48788739999999997,32000,4800,8000,0,0,87360.00000000064,4656,MAX_POSITION
2025-12-05T12:21:41.937Z,ADAAUD,mean_reversion,0.6494087599999999,32000,4800,8000,0,0,87360.00000000057,4656,MAX_POSITION
2025-12-05T12:21:41.955Z,XETCZUSD,mean_reversion,13.529516,32000,4800,8000,0,0,87359.99999999997,4656,MAX_POSITION
2025-12-05T12:21:42.527Z,ADA/USD,vwap_pullback,0.4310115809999999,32000,4800,8000,0,10802.49395897323,4656,4656,PASS
2025-12-05T12:21:42.956Z,ETHFIEUR,mean_reversion,0.6906899999999999,32000,4800,8000,0,0,87360.00000000016,4656,MAX_POSITION
2025-12-05T12:21:43.281Z,AKTEUR,mean_reversion,0.3914911,32000,4800,8000,0,0,87360.0000000005,4656,MAX_POSITION
2025-12-05T12:21:44.282Z,AUDUSD,vwap_pullback,0.6643536899999999,32000,4800,8000,0,0,44228.94009822695,4656,MAX_POSITION
2025-12-05T12:21:44.574Z,EULEUR,mean_reversion,3.3213179999999998,32000,4800,8000,0,0,87360.00000000019,4656,MAX_POSITION
2025-12-05T12:21:44.866Z,AUDUSD,sma_trend_ride,0.66501738,32000,4800,8000,0,0,100549.61984606339,4656,MAX_POSITION
2025-12-05T12:21:46.028Z,EWTUSD,mean_reversion,0.6906899999999999,32000,4800,8000,0,0,87360.00000000016,4656,MAX_POSITION
2025-12-05T12:21:46.030Z,CAKEUSD,mean_reversion,2.3143119999999997,32000,4800,8000,0,0,87360.00000000033,4656,MAX_POSITION
2025-12-05T12:21:47.039Z,FORTHUSD,mean_reversion,1.7327309999999998,32000,4800,8000,0,0,87360.00000000163,4656,MAX_POSITION
2025-12-05T12:21:47.041Z,CVXUSD,mean_reversion,1.8248229999999999,32000,4800,8000,0,0,87360.00000000054,4656,MAX_POSITION
2025-12-05T12:21:48.616Z,DOTEUR,mean_reversion,1.9219199999999996,32000,4800,8000,0,0,87360.00000000079,4656,MAX_POSITION
2025-12-05T12:21:48.684Z,FXSUSD,mean_reversion,0.805805,32000,4800,8000,0,0,87360.00000000052,4656,MAX_POSITION
2025-12-05T12:21:49.627Z,DOTGBP,mean_reversion,1.6742725999999999,32000,4800,8000,0,0,87360.00000000084,4656,MAX_POSITION
2025-12-05T12:21:49.695Z,KSMUSD,mean_reversion,8.42842,32000,4800,8000,0,0,87359.99999999985,4656,MAX_POSITION
2025-12-05T12:21:50.789Z,LINKEUR,vwap_pullback,12.079036969999999,32000,4800,8000,0,0,44409.8139396019,4656,MAX_POSITION
2025-12-05T12:21:51.018Z,SOL/USDC,vwap_pullback,136.97683999999998,32000,4800,8000,0,33.99114770058939,4656,4656,PASS
2025-12-05T12:21:51.144Z,DOTUSDC,mean_reversion,2.2351328999999995,32000,4800,8000,0,0,87360.00000000108,4656,MAX_POSITION
2025-12-05T12:21:51.997Z,LINKUSD,vwap_pullback,14.037963939999997,32000,4800,8000,0,0,90209.93919471705,4656,MAX_POSITION
2025-12-05T12:21:52.425Z,DOTUSDT,mean_reversion,2.2340317999999995,32000,4800,8000,0,0,87360.00000000172,4656,MAX_POSITION
2025-12-05T12:21:53.380Z,LINKUSDC,vwap_pullback,14.070756699999997,32000,4800,8000,0,0,72097.68243059493,4656,MAX_POSITION
2025-12-05T12:21:53.655Z,XETCZUSD,mean_reversion,13.529516,32000,4800,8000,0,0,87359.99999999997,4656,MAX_POSITION
2025-12-05T12:21:53.819Z,EUL/USD,vwap_pullback,3.8568529999999996,32000,4800,8000,0,1207.2018300930838,4656,4656,PASS
2025-12-05T12:21:54.674Z,ETHFIEUR,mean_reversion,0.6906899999999999,32000,4800,8000,0,0,87360.00000000016,4656,MAX_POSITION
2025-12-05T12:21:54.915Z,LINKUSDT,vwap_pullback,14.06292888,32000,4800,8000,0,0,79307.24258962595,4656,MAX_POSITION
2025-12-05T12:21:55.938Z,XLTCZEUR,mean_reversion,70.62055,32000,4800,8000,0,0,87360.00000000023,4656,MAX_POSITION
2025-12-05T12:21:55.966Z,EULEUR,mean_reversion,3.3213179999999998,32000,4800,8000,0,0,87360.00000000019,4656,MAX_POSITION
2025-12-05T12:21:57.190Z,XLTCZUSD,mean_reversion,82.20212,32000,4800,8000,0,0,87360.0000000006,4656,MAX_POSITION
2025-12-05T12:21:57.798Z,GRASS/USD,vwap_bounce,0.30740709999999993,32000,4800,8000,0,15146.039242424788,4656,4656,PASS
2025-12-05T12:21:58.163Z,EWTUSD,mean_reversion,0.6906899999999999,32000,4800,8000,0,0,87360.00000000016,4656,MAX_POSITION
2025-12-05T12:21:58.699Z,MASKEUR,mean_reversion,0.5805799999999999,32000,4800,8000,0,0,87360.00000000077,4656,MAX_POSITION
2025-12-05T12:21:59.236Z,FORTHUSD,mean_reversion,1.7327309999999998,32000,4800,8000,0,0,87360.00000000163,4656,MAX_POSITION
2025-12-05T12:22:00.213Z,FXSUSD,mean_reversion,0.805805,32000,4800,8000,0,0,87360.00000000052,4656,MAX_POSITION
2025-12-05T12:22:01.001Z,MEUSD,mean_reversion,0.3362358999999999,32000,4800,8000,0,0,87360.00000000127,4656,MAX_POSITION
2025-12-05T12:22:01.011Z,BAND/USD,range_trading,0.40540499999999996,32000,4800,8000,0,11484.811484811486,4656,4656,PASS
2025-12-05T12:22:01.578Z,KSMUSD,mean_reversion,8.42842,32000,4800,8000,0,0,87359.99999999985,4656,MAX_POSITION
2025-12-05T12:22:02.576Z,LINKEUR,vwap_pullback,12.051729689999998,32000,4800,8000,0,0,49484.611490081246,4656,MAX_POSITION
2025-12-05T12:22:02.871Z,TRUMP/USD,vwap_pullback,5.875869999999999,32000,4800,8000,0,792.3932966522406,4656,4656,PASS
2025-12-05T12:22:03.494Z,NANOEUR,mean_reversion,0.707725018,32000,4800,8000,0,0,87360.00000000016,4656,MAX_POSITION
2025-12-05T12:22:03.888Z,LINKUSD,vwap_pullback,14.037963939999997,32000,4800,8000,0,0,90209.93919471705,4656,MAX_POSITION
2025-12-05T12:22:05.028Z,NANOUSD,mean_reversion,0.8157429279999999,32000,4800,8000,0,0,87360.00000000025,4656,MAX_POSITION
2025-12-05T12:22:05.487Z,LINKUSDC,vwap_pullback,14.070756699999997,32000,4800,8000,0,0,72097.68243059493,4656,MAX_POSITION
2025-12-05T12:22:06.667Z,NOSUSD,mean_reversion,0.266266,32000,4800,8000,0,0,87360.00000000048,4656,MAX_POSITION
2025-12-05T12:22:06.768Z,LINKUSDT,vwap_pullback,14.06292888,32000,4800,8000,0,0,79307.24258962595,4656,MAX_POSITION
2025-12-05T12:22:08.001Z,OPEUR,mean_reversion,0.2720718,32000,4800,8000,0,0,87360.00000000038,4656,MAX_POSITION
2025-12-05T12:22:08.292Z,XLTCZEUR,mean_reversion,70.62055,32000,4800,8000,0,0,87360.00000000023,4656,MAX_POSITION
2025-12-05T12:22:09.295Z,OPUSD,mean_reversion,0.3176173,32000,4800,8000,0,0,87360.00000000134,4656,MAX_POSITION
2025-12-05T12:22:09.501Z,XLTCZUSD,mean_reversion,82.20212,32000,4800,8000,0,0,87360.0000000006,4656,MAX_POSITION
2025-12-05T12:22:10.284Z,PROVEEUR,mean_reversion,0.39519479999999996,32000,4800,8000,0,0,87360.0000000004,4656,MAX_POSITION
2025-12-05T12:22:10.862Z,MASKEUR,mean_reversion,0.5805799999999999,32000,4800,8000,0,0,87360.00000000077,4656,MAX_POSITION
2025-12-05T12:22:11.306Z,RUNEEUR,mean_reversion,0.5685679999999999,32000,4800,8000,0,0,87360.00000000109,4656,MAX_POSITION
2025-12-05T12:22:12.384Z,ADAAUD,mean_reversion,0.6494087599999999,32000,4800,8000,0,0,87360.00000000057,4656,MAX_POSITION
2025-12-05T12:22:12.601Z,RUNEUSD,mean_reversion,0.6606599999999999,32000,4800,8000,0,0,87360.0000000008,4656,MAX_POSITION
2025-12-05T12:22:12.689Z,MEUSD,mean_reversion,0.3362358999999999,32000,4800,8000,0,0,87360.00000000127,4656,MAX_POSITION
2025-12-05T12:22:13.784Z,AKTEUR,mean_reversion,0.3914911,32000,4800,8000,0,0,87360.0000000005,4656,MAX_POSITION
2025-12-05T12:22:13.924Z,SOSOUSD,mean_reversion,0.6045038999999999,32000,4800,8000,0,0,87360.00000000134,4656,MAX_POSITION
2025-12-05T12:22:14.635Z,NANOEUR,mean_reversion,0.707725018,32000,4800,8000,0,0,87360.00000000016,4656,MAX_POSITION
2025-12-05T12:22:14.782Z,AUDUSD,vwap_pullback,0.6643536899999999,32000,4800,8000,0,0,44228.94009822695,4656,MAX_POSITION
2025-12-05T12:22:15.194Z,TONEUR,mean_reversion,1.36136,32000,4800,8000,0,0,87360.0000000008,4656,MAX_POSITION
2025-12-05T12:22:15.368Z,AUDUSD,sma_trend_ride,0.66501738,32000,4800,8000,0,0,100549.61984606339,4656,MAX_POSITION
2025-12-05T12:22:16.177Z,NANOUSD,mean_reversion,0.8157429279999999,32000,4800,8000,0,0,87360.00000000025,4656,MAX_POSITION
2025-12-05T12:22:16.366Z,CAKEUSD,mean_reversion,2.3143119999999997,32000,4800,8000,0,0,87360.00000000033,4656,MAX_POSITION
2025-12-05T12:22:16.456Z,TONUSD,mean_reversion,1.5825809999999998,32000,4800,8000,0,0,87360.00000000032,4656,MAX_POSITION
2025-12-05T12:22:17.369Z,CVXUSD,mean_reversion,1.8248229999999999,32000,4800,8000,0,0,87360.00000000054,4656,MAX_POSITION
2025-12-05T12:22:17.716Z,NOSUSD,mean_reversion,0.266266,32000,4800,8000,0,0,87360.00000000048,4656,MAX_POSITION
2025-12-05T12:22:17.930Z,TRUMPUSD,mean_reversion,5.875869999999999,32000,4800,8000,0,0,87360.00000000147,4656,MAX_POSITION
2025-12-05T12:22:18.617Z,DOTEUR,mean_reversion,1.9220200999999997,32000,4800,8000,0,0,87360.00000000089,4656,MAX_POSITION
2025-12-05T12:22:19.040Z,OPEUR,mean_reversion,0.2720718,32000,4800,8000,0,0,87360.00000000038,4656,MAX_POSITION
2025-12-05T12:22:19.625Z,DOTGBP,mean_reversion,1.6742725999999999,32000,4800,8000,0,0,87360.00000000084,4656,MAX_POSITION
2025-12-05T12:22:19.874Z,OPUSD,mean_reversion,0.3176173,32000,4800,8000,0,0,87360.00000000134,4656,MAX_POSITION
2025-12-05T12:22:19.930Z,USDCHF,vwap_pullback,0.8043735699999999,32000,4800,8000,0,0,181086.19718309774,4656,MAX_POSITION
2025-12-05T12:22:20.700Z,XXRPZCAD,mean_reversion,2.8885856999999997,32000,4800,8000,0,0,87360.00000000087,4656,MAX_POSITION
2025-12-05T12:22:20.883Z,DOTUSDC,mean_reversion,2.2351328999999995,32000,4800,8000,0,0,87360.00000000108,4656,MAX_POSITION
2025-12-05T12:22:21.520Z,PROVEEUR,mean_reversion,0.39519479999999996,32000,4800,8000,0,0,87360.0000000004,4656,MAX_POSITION
2025-12-05T12:22:21.953Z,XXRPZEUR,mean_reversion,1.7813996199999997,32000,4800,8000,0,0,87360.00000000089,4656,MAX_POSITION
2025-12-05T12:22:22.212Z,DOTUSDT,mean_reversion,2.2340317999999995,32000,4800,8000,0,0,87360.00000000172,4656,MAX_POSITION
2025-12-05T12:22:22.531Z,RUNEEUR,mean_reversion,0.5685679999999999,32000,4800,8000,0,0,87360.00000000109,4656,MAX_POSITION
2025-12-05T12:22:23.033Z,GRASS/USD,vwap_bounce,0.30740709999999993,32000,4800,8000,0,15146.039242424788,4656,4656,PASS
2025-12-05T12:22:23.487Z,XETCZUSD,mean_reversion,13.529516,32000,4800,8000,0,0,87359.99999999997,4656,MAX_POSITION
2025-12-05T12:22:23.488Z,XRPGBP,mean_reversion,1.5549934399999998,32000,4800,8000,0,0,87360.00000000074,4656,MAX_POSITION
2025-12-05T12:22:23.626Z,RUNEUSD,mean_reversion,0.6606599999999999,32000,4800,8000,0,0,87360.0000000008,4656,MAX_POSITION
2025-12-05T12:22:24.750Z,XRPUSDT,mean_reversion,2.07255048,32000,4800,8000,0,0,87360.0000000006,4656,MAX_POSITION
2025-12-05T12:22:24.763Z,SOSOUSD,mean_reversion,0.6045038999999999,32000,4800,8000,0,0,87360.00000000134,4656,MAX_POSITION
2025-12-05T12:22:25.015Z,ETHFIEUR,mean_reversion,0.6906899999999999,32000,4800,8000,0,0,87360.00000000016,4656,MAX_POSITION
2025-12-05T12:22:25.923Z,BAND/USD,range_trading,0.40540499999999996,32000,4800,8000,0,11484.811484811486,4656,4656,PASS
2025-12-05T12:22:26.001Z,XTZEUR,mean_reversion,0.42062019999999994,32000,4800,8000,0,0,87360.0000000017,4656,MAX_POSITION
2025-12-05T12:22:26.027Z,TONEUR,mean_reversion,1.36136,32000,4800,8000,0,0,87360.0000000008,4656,MAX_POSITION
2025-12-05T12:22:26.540Z,EULEUR,mean_reversion,3.3213179999999998,32000,4800,8000,0,0,87360.00000000019,4656,MAX_POSITION
2025-12-05T12:22:27.001Z,XTZUSD,mean_reversion,0.4885880999999999,32000,4800,8000,0,0,87360.00000000064,4656,MAX_POSITION
2025-12-05T12:22:27.305Z,TONUSD,mean_reversion,1.5825809999999998,32000,4800,8000,0,0,87360.00000000032,4656,MAX_POSITION
2025-12-05T12:22:27.558Z,TRUMP/USD,vwap_pullback,5.875869999999999,32000,4800,8000,0,792.3932966522406,4656,4656,PASS
2025-12-05T12:22:28.572Z,EWTUSD,mean_reversion,0.6906899999999999,32000,4800,8000,0,0,87360.00000000016,4656,MAX_POSITION
2025-12-05T12:22:28.575Z,TRUMPUSD,mean_reversion,5.875869999999999,32000,4800,8000,0,0,87360.00000000147,4656,MAX_POSITION
2025-12-05T12:22:29.850Z,FORTHUSD,mean_reversion,1.7327309999999998,32000,4800,8000,0,0,87360.00000000163,4656,MAX_POSITION
2025-12-05T12:22:30.719Z,USDCHF,vwap_pullback,0.8043735699999999,32000,4800,8000,0,0,181086.19718309774,4656,MAX_POSITION
2025-12-05T12:22:31.100Z,FXSUSD,mean_reversion,0.805805,32000,4800,8000,0,0,87360.00000000052,4656,MAX_POSITION
2025-12-05T12:22:32.110Z,KSMUSD,mean_reversion,8.42842,32000,4800,8000,0,0,87359.99999999985,4656,MAX_POSITION
2025-12-05T12:22:32.214Z,XXRPZCAD,mean_reversion,2.8885856999999997,32000,4800,8000,0,0,87360.00000000087,4656,MAX_POSITION
2025-12-05T12:22:33.078Z,LINKEUR,vwap_pullback,12.059227179999999,32000,4800,8000,0,0,47976.90385892235,4656,MAX_POSITION
2025-12-05T12:22:33.698Z,XXRPZEUR,mean_reversion,1.7818400599999997,32000,4800,8000,0,0,87360.00000000135,4656,MAX_POSITION
2025-12-05T12:22:34.562Z,LINKUSD,vwap_pullback,14.037963939999997,32000,4800,8000,0,0,90209.93919471705,4656,MAX_POSITION
2025-12-05T12:22:35.096Z,XRPGBP,mean_reversion,1.5549934399999998,32000,4800,8000,0,0,87360.00000000074,4656,MAX_POSITION
2025-12-05T12:22:35.941Z,LINKUSDC,vwap_pullback,14.070756699999997,32000,4800,8000,0,0,72097.68243059493,4656,MAX_POSITION
2025-12-05T12:22:36.060Z,XRPUSDT,mean_reversion,2.07255048,32000,4800,8000,0,0,87360.0000000006,4656,MAX_POSITION
2025-12-05T12:22:37.247Z,LINKUSDT,vwap_pullback,14.06292888,32000,4800,8000,0,0,79307.24258962595,4656,MAX_POSITION
2025-12-05T12:22:37.304Z,XTZEUR,mean_reversion,0.42062019999999994,32000,4800,8000,0,0,87360.0000000017,4656,MAX_POSITION
2025-12-05T12:22:38.500Z,XLTCZEUR,mean_reversion,70.61054,32000,4800,8000,0,0,87360.00000000097,4656,MAX_POSITION
2025-12-05T12:22:38.823Z,XTZUSD,mean_reversion,0.4885880999999999,32000,4800,8000,0,0,87360.00000000064,4656,MAX_POSITION
2025-12-05T12:22:39.783Z,XLTCZUSD,mean_reversion,82.20212,32000,4800,8000,0,0,87360.0000000006,4656,MAX_POSITION
2025-12-05T12:22:40.739Z,MASKEUR,mean_reversion,0.5805799999999999,32000,4800,8000,0,0,87360.00000000077,4656,MAX_POSITION
2025-12-05T12:22:42.417Z,MEUSD,mean_reversion,0.3362358999999999,32000,4800,8000,0,0,87360.00000000127,4656,MAX_POSITION
2025-12-05T12:22:44.108Z,NANOEUR,mean_reversion,0.707725018,32000,4800,8000,0,0,87360.00000000016,4656,MAX_POSITION
2025-12-05T12:22:45.303Z,NANOUSD,mean_reversion,0.8157429279999999,32000,4800,8000,0,0,87360.00000000025,4656,MAX_POSITION
2025-12-05T12:22:46.755Z,NOSUSD,mean_reversion,0.266266,32000,4800,8000,0,0,87360.00000000048,4656,MAX_POSITION
2025-12-05T12:22:47.783Z,OPEUR,mean_reversion,0.2720718,32000,4800,8000,0,0,87360.00000000038,4656,MAX_POSITION
2025-12-05T12:22:49.024Z,OPUSD,mean_reversion,0.3176173,32000,4800,8000,0,0,87360.00000000134,4656,MAX_POSITION
2025-12-05T12:22:49.218Z,LTC/EUR,vwap_pullback,70.69062,32000,4800,8000,0,65.8644668840081,4656,4656,PASS
2025-12-05T12:22:50.360Z,PROVEEUR,mean_reversion,0.39519479999999996,32000,4800,8000,0,0,87360.0000000004,4656,MAX_POSITION
2025-12-05T12:22:50.490Z,BAND/USD,range_trading,0.40540499999999996,32000,4800,8000,0,11484.811484811486,4656,4656,PASS
2025-12-05T12:22:51.577Z,RUNEEUR,mean_reversion,0.5685679999999999,32000,4800,8000,0,0,87360.00000000109,4656,MAX_POSITION
2025-12-05T12:22:52.273Z,TRUMP/USD,vwap_pullback,5.875869999999999,32000,4800,8000,0,792.3932966522406,4656,4656,PASS
2025-12-05T12:22:52.843Z,RUNEUSD,mean_reversion,0.6606599999999999,32000,4800,8000,0,0,87360.0000000008,4656,MAX_POSITION
2025-12-05T12:22:53.848Z,SOSOUSD,mean_reversion,0.6045038999999999,32000,4800,8000,0,0,87360.00000000134,4656,MAX_POSITION
2025-12-05T12:22:55.426Z,TONEUR,mean_reversion,1.36136,32000,4800,8000,0,0,87360.0000000008,4656,MAX_POSITION
2025-12-05T12:22:56.938Z,TONUSD,mean_reversion,1.5855839999999999,32000,4800,8000,0,0,87360.00000000058,4656,MAX_POSITION
2025-12-05T12:22:58.423Z,ADAAUD,mean_reversion,0.6494087599999999,32000,4800,8000,0,0,87360.00000000057,4656,MAX_POSITION
2025-12-05T12:22:58.461Z,TRUMPUSD,mean_reversion,5.875869999999999,32000,4800,8000,0,0,87360.00000000147,4656,MAX_POSITION
2025-12-05T12:22:59.409Z,AKTEUR,mean_reversion,0.3914911,32000,4800,8000,0,0,87360.0000000005,4656,MAX_POSITION
2025-12-05T12:23:00.451Z,AUDUSD,vwap_pullback,0.6643536899999999,32000,4800,8000,0,0,44228.94009822695,4656,MAX_POSITION
2025-12-05T12:23:01.052Z,AUDUSD,sma_trend_ride,0.66501738,32000,4800,8000,0,0,100549.61984606339,4656,MAX_POSITION
2025-12-05T12:23:01.088Z,USDCHF,vwap_pullback,0.8045737699999999,32000,4800,8000,0,0,173008.789237668,4656,MAX_POSITION
2025-12-05T12:23:02.353Z,CAKEUSD,mean_reversion,2.3143119999999997,32000,4800,8000,0,0,87360.00000000033,4656,MAX_POSITION
2025-12-05T12:23:02.416Z,XXRPZCAD,mean_reversion,2.8885856999999997,32000,4800,8000,0,0,87360.00000000087,4656,MAX_POSITION
2025-12-05T12:23:03.948Z,XXRPZEUR,mean_reversion,1.7822804999999997,32000,4800,8000,0,0,87360.00000000083,4656,MAX_POSITION
2025-12-05T12:23:04.958Z,CVXUSD,mean_reversion,1.8248229999999999,32000,4800,8000,0,0,87360.00000000054,4656,MAX_POSITION
2025-12-05T12:23:05.547Z,XRPGBP,mean_reversion,1.5551936399999997,32000,4800,8000,0,0,87360.00000000097,4656,MAX_POSITION
2025-12-05T12:23:06.177Z,DOTEUR,mean_reversion,1.9209189999999998,32000,4800,8000,0,0,87360.00000000073,4656,MAX_POSITION
2025-12-05T12:23:06.841Z,XRPUSDT,mean_reversion,2.07255048,32000,4800,8000,0,0,87360.0000000006,4656,MAX_POSITION
2025-12-05T12:23:07.489Z,DOTGBP,mean_reversion,1.6742725999999999,32000,4800,8000,0,0,87360.00000000084,4656,MAX_POSITION
2025-12-05T12:23:07.793Z,XTZEUR,mean_reversion,0.42062019999999994,32000,4800,8000,0,0,87360.0000000017,4656,MAX_POSITION
2025-12-05T12:23:08.760Z,XTZUSD,mean_reversion,0.48868819999999996,32000,4800,8000,0,0,87360.00000000103,4656,MAX_POSITION
2025-12-05T12:23:09.025Z,DOTUSDC,mean_reversion,2.2351328999999995,32000,4800,8000,0,0,87360.00000000108,4656,MAX_POSITION
2025-12-05T12:23:10.552Z,DOTUSDT,mean_reversion,2.2340317999999995,32000,4800,8000,0,0,87360.00000000172,4656,MAX_POSITION
2025-12-05T12:23:11.788Z,XETCZUSD,mean_reversion,13.529516,32000,4800,8000,0,0,87359.99999999997,4656,MAX_POSITION
2025-12-05T12:23:12.188Z,ADAAUD,mean_reversion,0.6494087599999999,32000,4800,8000,0,0,87360.00000000057,4656,MAX_POSITION
2025-12-05T12:23:12.855Z,ETHFIEUR,mean_reversion,0.6906899999999999,32000,4800,8000,0,0,87360.00000000016,4656,MAX_POSITION
2025-12-05T12:23:13.303Z,AKTEUR,mean_reversion,0.3914911,32000,4800,8000,0,0,87360.0000000005,4656,MAX_POSITION
2025-12-05T12:23:14.379Z,EULEUR,mean_reversion,3.3213179999999998,32000,4800,8000,0,0,87360.00000000019,4656,MAX_POSITION
2025-12-05T12:23:14.603Z,AUDUSD,vwap_pullback,0.6645739099999999,32000,4800,8000,0,0,43578.176341277554,4656,MAX_POSITION
2025-12-05T12:23:15.189Z,AUDUSD,sma_trend_ride,0.66523782,32000,4800,8000,0,0,97370.20722651506,4656,MAX_POSITION
2025-12-05T12:23:16.002Z,EWTUSD,mean_reversion,0.6906899999999999,32000,4800,8000,0,0,87360.00000000016,4656,MAX_POSITION
2025-12-05T12:23:16.206Z,CAKEUSD,mean_reversion,2.3143119999999997,32000,4800,8000,0,0,87360.00000000033,4656,MAX_POSITION
2025-12-05T12:23:17.295Z,CVXUSD,mean_reversion,1.8248229999999999,32000,4800,8000,0,0,87360.00000000054,4656,MAX_POSITION
2025-12-05T12:23:17.308Z,FORTHUSD,mean_reversion,1.7327309999999998,32000,4800,8000,0,0,87360.00000000163,4656,MAX_POSITION
2025-12-05T12:23:18.817Z,DOTEUR,mean_reversion,1.9209189999999998,32000,4800,8000,0,0,87360.00000000073,4656,MAX_POSITION
2025-12-05T12:23:18.838Z,FXSUSD,mean_reversion,0.805805,32000,4800,8000,0,0,87360.00000000052,4656,MAX_POSITION
2025-12-05T12:23:20.009Z,KSMUSD,mean_reversion,8.42842,32000,4800,8000,0,0,87359.99999999985,4656,MAX_POSITION
2025-12-05T12:23:20.174Z,DOTGBP,mean_reversion,1.6742725999999999,32000,4800,8000,0,0,87360.00000000084,4656,MAX_POSITION
2025-12-05T12:23:21.233Z,LINKEUR,vwap_pullback,12.05840636,32000,4800,8000,0,0,48137.504382218955,4656,MAX_POSITION
2025-12-05T12:23:21.441Z,DOTUSDC,mean_reversion,2.2351328999999995,32000,4800,8000,0,0,87360.00000000108,4656,MAX_POSITION
2025-12-05T12:23:22.193Z,LINKUSD,vwap_pullback,14.037963939999997,32000,4800,8000,0,0,90209.93919471705,4656,MAX_POSITION
2025-12-05T12:23:22.386Z,DOTUSDT,mean_reversion,2.2340317999999995,32000,4800,8000,0,0,87360.00000000172,4656,MAX_POSITION
2025-12-05T12:23:23.422Z,XETCZUSD,mean_reversion,13.529516,32000,4800,8000,0,0,87359.99999999997,4656,MAX_POSITION
2025-12-05T12:23:23.450Z,LINKUSDC,vwap_pullback,14.070756699999997,32000,4800,8000,0,0,72097.68243059493,4656,MAX_POSITION
2025-12-05T12:23:24.668Z,ETHFIEUR,mean_reversion,0.6906899999999999,32000,4800,8000,0,0,87360.00000000016,4656,MAX_POSITION
2025-12-05T12:23:24.782Z,LINKUSDT,vwap_pullback,14.06292888,32000,4800,8000,0,0,79307.24258962595,4656,MAX_POSITION
2025-12-05T12:23:25.785Z,XLTCZEUR,mean_reversion,70.69062,32000,4800,8000,0,0,87360.00000000151,4656,MAX_POSITION
2025-12-05T12:23:25.797Z,EULEUR,mean_reversion,3.3213179999999998,32000,4800,8000,0,0,87360.00000000019,4656,MAX_POSITION
2025-12-05T12:23:26.733Z,XLTCZUSD,mean_reversion,82.20212,32000,4800,8000,0,0,87360.0000000006,4656,MAX_POSITION
2025-12-05T12:23:27.576Z,EWTUSD,mean_reversion,0.6906899999999999,32000,4800,8000,0,0,87360.00000000016,4656,MAX_POSITION
2025-12-05T12:23:27.730Z,MASKEUR,mean_reversion,0.5805799999999999,32000,4800,8000,0,0,87360.00000000077,4656,MAX_POSITION
2025-12-05T12:23:28.572Z,FORTHUSD,mean_reversion,1.7327309999999998,32000,4800,8000,0,0,87360.00000000163,4656,MAX_POSITION
2025-12-05T12:23:29.442Z,MEUSD,mean_reversion,0.3362358999999999,32000,4800,8000,0,0,87360.00000000127,4656,MAX_POSITION
2025-12-05T12:23:29.788Z,FXSUSD,mean_reversion,0.805805,32000,4800,8000,0,0,87360.00000000052,4656,MAX_POSITION
2025-12-05T12:23:31.043Z,KSMUSD,mean_reversion,8.42842,32000,4800,8000,0,0,87359.99999999985,4656,MAX_POSITION
2025-12-05T12:23:31.157Z,NANOEUR,mean_reversion,0.707725018,32000,4800,8000,0,0,87360.00000000016,4656,MAX_POSITION
2025-12-05T12:23:32.058Z,LINKEUR,vwap_pullback,12.05840636,32000,4800,8000,0,0,48137.38474001412,4656,MAX_POSITION
2025-12-05T12:23:33.000Z,LINKUSD,vwap_pullback,14.034380359999998,32000,4800,8000,0,0,92403.4963853015,4656,MAX_POSITION
2025-12-05T12:23:33.866Z,NANOUSD,mean_reversion,0.8157429279999999,32000,4800,8000,0,0,87360.00000000025,4656,MAX_POSITION
2025-12-05T12:23:34.079Z,LINKUSDC,vwap_pullback,14.070756699999997,32000,4800,8000,0,0,72097.68243059493,4656,MAX_POSITION
2025-12-05T12:23:34.853Z,NOSUSD,mean_reversion,0.266266,32000,4800,8000,0,0,87360.00000000048,4656,MAX_POSITION
2025-12-05T12:23:35.342Z,LINKUSDT,vwap_pullback,14.06292888,32000,4800,8000,0,0,79307.24258962595,4656,MAX_POSITION
2025-12-05T12:23:36.326Z,OPEUR,mean_reversion,0.2720718,32000,4800,8000,0,0,87360.00000000038,4656,MAX_POSITION
2025-12-05T12:23:36.327Z,XRP/USD,vwap_pullback,2.0735614899999995,32000,4800,8000,0,2245.412071189652,4656,4656,PASS
2025-12-05T12:23:36.358Z,XLTCZEUR,mean_reversion,70.69062,32000,4800,8000,0,0,87360.00000000151,4656,MAX_POSITION
2025-12-05T12:23:37.614Z,OPUSD,mean_reversion,0.3176173,32000,4800,8000,0,0,87360.00000000134,4656,MAX_POSITION
2025-12-05T12:23:37.798Z,XLTCZUSD,mean_reversion,82.22214,32000,4800,8000,0,0,87360.00000000073,4656,MAX_POSITION
2025-12-05T12:23:38.821Z,MASKEUR,mean_reversion,0.5805799999999999,32000,4800,8000,0,0,87360.00000000077,4656,MAX_POSITION
2025-12-05T12:23:39.143Z,PROVEEUR,mean_reversion,0.39519479999999996,32000,4800,8000,0,0,87360.0000000004,4656,MAX_POSITION
2025-12-05T12:23:40.642Z,MEUSD,mean_reversion,0.3362358999999999,32000,4800,8000,0,0,87360.00000000127,4656,MAX_POSITION
2025-12-05T12:23:40.746Z,RUNEEUR,mean_reversion,0.5685679999999999,32000,4800,8000,0,0,87360.00000000109,4656,MAX_POSITION
2025-12-05T12:23:41.772Z,RUNEUSD,mean_reversion,0.6606599999999999,32000,4800,8000,0,0,87360.0000000008,4656,MAX_POSITION
2025-12-05T12:23:42.024Z,NANOEUR,mean_reversion,0.707725018,32000,4800,8000,0,0,87360.00000000016,4656,MAX_POSITION
2025-12-05T12:23:43.175Z,NANOUSD,mean_reversion,0.8157429279999999,32000,4800,8000,0,0,87360.00000000025,4656,MAX_POSITION
2025-12-05T12:23:43.342Z,SOSOUSD,mean_reversion,0.6045038999999999,32000,4800,8000,0,0,87360.00000000134,4656,MAX_POSITION
2025-12-05T12:23:44.758Z,NOSUSD,mean_reversion,0.266266,32000,4800,8000,0,0,87360.00000000048,4656,MAX_POSITION
2025-12-05T12:23:44.957Z,TONEUR,mean_reversion,1.362361,32000,4800,8000,0,0,87359.99999999959,4656,MAX_POSITION
2025-12-05T12:23:46.400Z,OPEUR,mean_reversion,0.2720718,32000,4800,8000,0,0,87360.00000000038,4656,MAX_POSITION
2025-12-05T12:23:46.447Z,TONUSD,mean_reversion,1.5835819999999998,32000,4800,8000,0,0,87360.00000000151,4656,MAX_POSITION
2025-12-05T12:23:47.738Z,OPUSD,mean_reversion,0.3176173,32000,4800,8000,0,0,87360.00000000134,4656,MAX_POSITION
2025-12-05T12:23:47.850Z,TRUMPUSD,mean_reversion,5.875869999999999,32000,4800,8000,0,0,87360.00000000147,4656,MAX_POSITION
2025-12-05T12:23:48.912Z,PROVEEUR,mean_reversion,0.39519479999999996,32000,4800,8000,0,0,87360.0000000004,4656,MAX_POSITION
2025-12-05T12:23:49.762Z,USDCHF,vwap_pullback,0.8046238199999999,32000,4800,8000,0,0,171101.37472283706,4656,MAX_POSITION
2025-12-05T12:23:50.204Z,RUNEEUR,mean_reversion,0.5685679999999999,32000,4800,8000,0,0,87360.00000000109,4656,MAX_POSITION
2025-12-05T12:23:50.570Z,XXRPZCAD,mean_reversion,2.8885856999999997,32000,4800,8000,0,0,87360.00000000087,4656,MAX_POSITION
2025-12-05T12:23:51.163Z,XRP/USD,vwap_pullback,2.0740119399999997,32000,4800,8000,0,2244.9243951797116,4656,4656,PASS
2025-12-05T12:23:51.738Z,RUNEUSD,mean_reversion,0.6606599999999999,32000,4800,8000,0,0,87360.0000000008,4656,MAX_POSITION
2025-12-05T12:23:52.212Z,XXRPZEUR,mean_reversion,1.78124947,32000,4800,8000,0,0,87360.00000000073,4656,MAX_POSITION
2025-12-05T12:23:53.434Z,SOSOUSD,mean_reversion,0.6045038999999999,32000,4800,8000,0,0,87360.00000000134,4656,MAX_POSITION
2025-12-05T12:23:53.461Z,XRPGBP,mean_reversion,1.5551936399999997,32000,4800,8000,0,0,87360.00000000097,4656,MAX_POSITION
2025-12-05T12:23:54.444Z,TONEUR,mean_reversion,1.36136,32000,4800,8000,0,0,87360.0000000008,4656,MAX_POSITION
2025-12-05T12:23:54.685Z,XRPUSDT,mean_reversion,2.0729508799999996,32000,4800,8000,0,0,87360.00000000096,4656,MAX_POSITION
2025-12-05T12:23:55.218Z,TONUSD,mean_reversion,1.5835819999999998,32000,4800,8000,0,0,87360.00000000151,4656,MAX_POSITION
2025-12-05T12:23:55.396Z,XRP/USD,vwap_pullback,2.0740119399999997,32000,4800,8000,0,2244.9243951797116,4656,4656,PASS
2025-12-05T12:23:55.933Z,XTZEUR,mean_reversion,0.42062019999999994,32000,4800,8000,0,0,87360.0000000017,4656,MAX_POSITION
2025-12-05T12:23:56.786Z,TRUMPUSD,mean_reversion,5.875869999999999,32000,4800,8000,0,0,87360.00000000147,4656,MAX_POSITION
2025-12-05T12:23:56.944Z,XRP/EUR,vwap_pullback,1.7807689899999999,32000,4800,8000,0,2614.600785473022,4656,4656,PASS
2025-12-05T12:23:57.298Z,XTZUSD,mean_reversion,0.48788739999999997,32000,4800,8000,0,0,87360.00000000064,4656,MAX_POSITION
2025-12-05T12:23:58.701Z,USD/CHF,vwap_pullback,0.8045937899999999,32000,4800,8000,0,5786.770986636624,4656,4656,PASS
2025-12-05T12:23:59.363Z,USDCHF,vwap_pullback,0.8045937899999999,32000,4800,8000,0,0,172240.71428571377,4656,MAX_POSITION
2025-12-05T12:24:00.354Z,ENA/USD,vwap_pullback,0.2753751,32000,4800,8000,0,16907.84678789041,4656,4656,PASS
2025-12-05T12:24:00.902Z,XXRPZCAD,mean_reversion,2.8885856999999997,32000,4800,8000,0,0,87360.00000000087,4656,MAX_POSITION
2025-12-05T12:24:01.091Z,ADAAUD,mean_reversion,0.6494087599999999,32000,4800,8000,0,0,87360.00000000057,4656,MAX_POSITION
2025-12-05T12:24:02.359Z,AKTEUR,mean_reversion,0.3914911,32000,4800,8000,0,0,87360.0000000005,4656,MAX_POSITION
2025-12-05T12:24:02.434Z,XXRPZEUR,mean_reversion,1.7807689899999999,32000,4800,8000,0,0,87360.00000000121,4656,MAX_POSITION
2025-12-05T12:24:03.799Z,XRPGBP,mean_reversion,1.5551936399999997,32000,4800,8000,0,0,87360.00000000097,4656,MAX_POSITION
2025-12-05T12:24:03.820Z,AUDUSD,vwap_pullback,0.6642235599999999,32000,4800,8000,0,0,44624.12162982861,4656,MAX_POSITION
2025-12-05T12:24:04.433Z,AUDUSD,sma_trend_ride,0.66488712,32000,4800,8000,0,0,102528.94419745462,4656,MAX_POSITION
2025-12-05T12:24:04.704Z,XRP/USD,vwap_pullback,2.0731811099999997,32000,4800,8000,0,2245.8240515224456,4656,4656,PASS
2025-12-05T12:24:05.058Z,XRPUSDT,mean_reversion,2.0729508799999996,32000,4800,8000,0,0,87360.00000000096,4656,MAX_POSITION
2025-12-05T12:24:05.961Z,CAKEUSD,mean_reversion,2.3143119999999997,32000,4800,8000,0,0,87360.00000000033,4656,MAX_POSITION
2025-12-05T12:24:06.149Z,XTZEUR,mean_reversion,0.42062019999999994,32000,4800,8000,0,0,87360.0000000017,4656,MAX_POSITION
2025-12-05T12:24:06.469Z,XRP/EUR,vwap_pullback,1.7807389599999999,32000,4800,8000,0,2614.644877540052,4656,4656,PASS
2025-12-05T12:24:06.964Z,XTZUSD,mean_reversion,0.48788739999999997,32000,4800,8000,0,0,87360.00000000064,4656,MAX_POSITION
2025-12-05T12:24:07.475Z,CVXUSD,mean_reversion,1.8248229999999999,32000,4800,8000,0,0,87360.00000000054,4656,MAX_POSITION
2025-12-05T12:24:07.738Z,USD/CHF,vwap_pullback,0.80456376,32000,4800,8000,0,5786.986975401428,4656,4656,PASS
2025-12-05T12:24:09.024Z,DOTEUR,mean_reversion,1.9209189999999998,32000,4800,8000,0,0,87360.00000000073,4656,MAX_POSITION
2025-12-05T12:24:09.804Z,ENA/USD,vwap_pullback,0.2753751,32000,4800,8000,0,16907.84678789041,4656,4656,PASS
2025-12-05T12:24:10.037Z,DOTGBP,mean_reversion,1.6742725999999999,32000,4800,8000,0,0,87360.00000000084,4656,MAX_POSITION
2025-12-05T12:24:11.609Z,DOTUSDC,mean_reversion,2.2351328999999995,32000,4800,8000,0,0,87360.00000000108,4656,MAX_POSITION
2025-12-05T12:24:12.216Z,ADAAUD,mean_reversion,0.6494087599999999,32000,4800,8000,0,0,87360.00000000057,4656,MAX_POSITION
2025-12-05T12:24:13.176Z,XRP/USD,vwap_pullback,2.0732511799999997,32000,4800,8000,0,2245.748149049649,4656,4656,PASS
2025-12-05T12:24:13.259Z,DOTUSDT,mean_reversion,2.2340317999999995,32000,4800,8000,0,0,87360.00000000172,4656,MAX_POSITION
2025-12-05T12:24:13.490Z,AKTEUR,mean_reversion,0.3914911,32000,4800,8000,0,0,87360.0000000005,4656,MAX_POSITION
2025-12-05T12:24:14.507Z,AUDUSD,vwap_pullback,0.6642235599999999,32000,4800,8000,0,0,44624.12162982861,4656,MAX_POSITION
2025-12-05T12:24:14.591Z,XETCZUSD,mean_reversion,13.529516,32000,4800,8000,0,0,87359.99999999997,4656,MAX_POSITION
2025-12-05T12:24:14.772Z,XRP/EUR,vwap_pullback,1.7807389599999999,32000,4800,8000,0,2614.644877540052,4656,4656,PASS
2025-12-05T12:24:15.095Z,AUDUSD,sma_trend_ride,0.66488712,32000,4800,8000,0,0,102528.94419745462,4656,MAX_POSITION
2025-12-05T12:24:15.622Z,ETHFIEUR,mean_reversion,0.6906899999999999,32000,4800,8000,0,0,87360.00000000016,4656,MAX_POSITION
2025-12-05T12:24:16.386Z,CAKEUSD,mean_reversion,2.3143119999999997,32000,4800,8000,0,0,87360.00000000033,4656,MAX_POSITION
2025-12-05T12:24:16.611Z,USD/CHF,vwap_pullback,0.80456376,32000,4800,8000,0,5786.986975401428,4656,4656,PASS
2025-12-05T12:24:17.022Z,EULEUR,mean_reversion,3.3213179999999998,32000,4800,8000,0,0,87360.00000000019,4656,MAX_POSITION
2025-12-05T12:24:17.408Z,CVXUSD,mean_reversion,1.8248229999999999,32000,4800,8000,0,0,87360.00000000054,4656,MAX_POSITION
2025-12-05T12:24:18.820Z,ENA/USD,vwap_pullback,0.2753751,32000,4800,8000,0,16907.84678789041,4656,4656,PASS
2025-12-05T12:24:18.920Z,DOTEUR,mean_reversion,1.9209189999999998,32000,4800,8000,0,0,87360.00000000073,4656,MAX_POSITION
2025-12-05T12:24:19.120Z,EWTUSD,mean_reversion,0.6906899999999999,32000,4800,8000,0,0,87360.00000000016,4656,MAX_POSITION
2025-12-05T12:24:20.253Z,FORTHUSD,mean_reversion,1.7327309999999998,32000,4800,8000,0,0,87360.00000000163,4656,MAX_POSITION
2025-12-05T12:24:20.507Z,DOTGBP,mean_reversion,1.6742725999999999,32000,4800,8000,0,0,87360.00000000084,4656,MAX_POSITION
2025-12-05T12:24:21.683Z,FXSUSD,mean_reversion,0.805805,32000,4800,8000,0,0,87360.00000000052,4656,MAX_POSITION
2025-12-05T12:24:22.084Z,DOTUSDC,mean_reversion,2.2351328999999995,32000,4800,8000,0,0,87360.00000000108,4656,MAX_POSITION
2025-12-05T12:24:22.399Z,XRP/USD,vwap_pullback,2.0732511799999997,32000,4800,8000,0,2245.748149049649,4656,4656,PASS
2025-12-05T12:24:23.217Z,KSMUSD,mean_reversion,8.42842,32000,4800,8000,0,0,87359.99999999985,4656,MAX_POSITION
2025-12-05T12:24:23.475Z,DOTUSDT,mean_reversion,2.2340317999999995,32000,4800,8000,0,0,87360.00000000172,4656,MAX_POSITION
2025-12-05T12:24:23.671Z,XRP/EUR,vwap_pullback,1.7807389599999999,32000,4800,8000,0,2614.644877540052,4656,4656,PASS
2025-12-05T12:24:24.314Z,LINKEUR,vwap_pullback,12.05840636,32000,4800,8000,0,0,48137.504382218955,4656,MAX_POSITION
2025-12-05T12:24:24.950Z,XETCZUSD,mean_reversion,13.529516,32000,4800,8000,0,0,87359.99999999997,4656,MAX_POSITION
2025-12-05T12:24:25.204Z,USD/CHF,vwap_pullback,0.8046438399999999,32000,4800,8000,0,5786.411041188112,4656,4656,PASS
2025-12-05T12:24:25.555Z,LINKUSD,vwap_pullback,14.034380359999998,32000,4800,8000,0,0,92403.8345434242,4656,MAX_POSITION
2025-12-05T12:24:25.939Z,ETHFIEUR,mean_reversion,0.6906899999999999,32000,4800,8000,0,0,87360.00000000016,4656,MAX_POSITION
2025-12-05T12:24:26.555Z,ENA/USD,vwap_pullback,0.2753751,32000,4800,8000,0,16907.84678789041,4656,4656,PASS
2025-12-05T12:24:26.895Z,LINKUSDC,vwap_pullback,14.070756699999997,32000,4800,8000,0,0,72097.68243059493,4656,MAX_POSITION
2025-12-05T12:24:27.072Z,EULEUR,mean_reversion,3.3213179999999998,32000,4800,8000,0,0,87360.00000000019,4656,MAX_POSITION
2025-12-05T12:24:27.910Z,LINKUSDT,vwap_pullback,14.06292888,32000,4800,8000,0,0,79307.24258962595,4656,MAX_POSITION
2025-12-05T12:24:28.149Z,BAT/USD,vwap_pullback,0.254254,32000,4800,8000,0,18312.396265152172,4656,4656,PASS
2025-12-05T12:24:28.942Z,EWTUSD,mean_reversion,0.6906899999999999,32000,4800,8000,0,0,87360.00000000016,4656,MAX_POSITION
2025-12-05T12:24:29.165Z,XLTCZEUR,mean_reversion,70.69062,32000,4800,8000,0,0,87360.00000000151,4656,MAX_POSITION
2025-12-05T12:24:30.259Z,FORTHUSD,mean_reversion,1.7327309999999998,32000,4800,8000,0,0,87360.00000000163,4656,MAX_POSITION
2025-12-05T12:24:30.373Z,XLTCZUSD,mean_reversion,82.23214999999999,32000,4800,8000,0,0,87360.00000000146,4656,MAX_POSITION
2025-12-05T12:24:31.288Z,FXSUSD,mean_reversion,0.805805,32000,4800,8000,0,0,87360.00000000052,4656,MAX_POSITION
2025-12-05T12:24:31.414Z,XRP/USD,vwap_pullback,2.0731811099999997,32000,4800,8000,0,2245.8240515224456,4656,4656,PASS
2025-12-05T12:24:31.664Z,MASKEUR,mean_reversion,0.5805799999999999,32000,4800,8000,0,0,87360.00000000077,4656,MAX_POSITION
2025-12-05T12:24:32.272Z,KSMUSD,mean_reversion,8.42842,32000,4800,8000,0,0,87359.99999999985,4656,MAX_POSITION
2025-12-05T12:24:32.957Z,XRP/EUR,vwap_pullback,1.78100923,32000,4800,8000,0,2614.2481024649155,4656,4656,PASS
2025-12-05T12:24:33.596Z,MEUSD,mean_reversion,0.3362358999999999,32000,4800,8000,0,0,87360.00000000127,4656,MAX_POSITION
2025-12-05T12:24:33.784Z,LINKEUR,vwap_pullback,12.05840636,32000,4800,8000,0,0,48137.504382218955,4656,MAX_POSITION
2025-12-05T12:24:34.783Z,USD/CHF,vwap_pullback,0.8046438399999999,32000,4800,8000,0,5786.411041188112,4656,4656,PASS
2025-12-05T12:24:34.881Z,LINKUSD,vwap_pullback,14.034380359999998,32000,4800,8000,0,0,92403.8345434242,4656,MAX_POSITION
2025-12-05T12:24:35.302Z,NANOEUR,mean_reversion,0.707725018,32000,4800,8000,0,0,87360.00000000016,4656,MAX_POSITION
2025-12-05T12:24:36.133Z,ENA/USD,vwap_pullback,0.2753751,32000,4800,8000,0,16907.84678789041,4656,4656,PASS
2025-12-05T12:24:36.235Z,LINKUSDC,vwap_pullback,14.070756699999997,32000,4800,8000,0,0,72097.68243059493,4656,MAX_POSITION
2025-12-05T12:24:36.391Z,NANOUSD,mean_reversion,0.8157429279999999,32000,4800,8000,0,0,87360.00000000025,4656,MAX_POSITION
2025-12-05T12:24:37.453Z,NOSUSD,mean_reversion,0.266266,32000,4800,8000,0,0,87360.00000000048,4656,MAX_POSITION
2025-12-05T12:24:37.551Z,LINKUSDT,vwap_pullback,14.06292888,32000,4800,8000,0,0,79307.24258962595,4656,MAX_POSITION
2025-12-05T12:24:37.821Z,BAT/USD,vwap_pullback,0.254254,32000,4800,8000,0,18312.396265152172,4656,4656,PASS
2025-12-05T12:24:38.453Z,OPEUR,mean_reversion,0.2720718,32000,4800,8000,0,0,87360.00000000038,4656,MAX_POSITION
2025-12-05T12:24:38.799Z,XLTCZEUR,mean_reversion,70.69062,32000,4800,8000,0,0,87360.00000000151,4656,MAX_POSITION
2025-12-05T12:24:39.723Z,OPUSD,mean_reversion,0.3176173,32000,4800,8000,0,0,87360.00000000134,4656,MAX_POSITION
2025-12-05T12:24:40.110Z,XLTCZUSD,mean_reversion,82.23214999999999,32000,4800,8000,0,0,87360.00000000146,4656,MAX_POSITION
2025-12-05T12:24:41.013Z,PROVEEUR,mean_reversion,0.39519479999999996,32000,4800,8000,0,0,87360.0000000004,4656,MAX_POSITION
2025-12-05T12:24:41.089Z,MASKEUR,mean_reversion,0.5805799999999999,32000,4800,8000,0,0,87360.00000000077,4656,MAX_POSITION
2025-12-05T12:24:41.671Z,XRP/USD,vwap_pullback,2.0731811099999997,32000,4800,8000,0,2245.8240515224456,4656,4656,PASS
2025-12-05T12:24:41.931Z,ADAAUD,mean_reversion,0.6494087599999999,32000,4800,8000,0,0,87360.00000000057,4656,MAX_POSITION
2025-12-05T12:24:42.589Z,RUNEEUR,mean_reversion,0.5685679999999999,32000,4800,8000,0,0,87360.00000000109,4656,MAX_POSITION
2025-12-05T12:24:43.355Z,AKTEUR,mean_reversion,0.3914911,32000,4800,8000,0,0,87360.0000000005,4656,MAX_POSITION
2025-12-05T12:24:43.383Z,XRP/EUR,vwap_pullback,1.78100923,32000,4800,8000,0,2614.2481024649155,4656,4656,PASS
2025-12-05T12:24:43.576Z,MEUSD,mean_reversion,0.3362358999999999,32000,4800,8000,0,0,87360.00000000127,4656,MAX_POSITION
2025-12-05T12:24:44.181Z,RUNEUSD,mean_reversion,0.6606599999999999,32000,4800,8000,0,0,87360.0000000008,4656,MAX_POSITION
2025-12-05T12:24:44.337Z,AUDUSD,vwap_pullback,0.6642235599999999,32000,4800,8000,0,0,44624.12162982861,4656,MAX_POSITION
2025-12-05T12:24:44.951Z,AUDUSD,sma_trend_ride,0.66488712,32000,4800,8000,0,0,102528.94419745462,4656,MAX_POSITION
2025-12-05T12:24:45.004Z,USD/CHF,vwap_pullback,0.8046438399999999,32000,4800,8000,0,5786.411041188112,4656,4656,PASS
2025-12-05T12:24:45.197Z,SOSOUSD,mean_reversion,0.6021015,32000,4800,8000,0,0,87360.00000000112,4656,MAX_POSITION
2025-12-05T12:24:45.326Z,NANOEUR,mean_reversion,0.707725018,32000,4800,8000,0,0,87360.00000000016,4656,MAX_POSITION
2025-12-05T12:24:46.194Z,CAKEUSD,mean_reversion,2.3143119999999997,32000,4800,8000,0,0,87360.00000000033,4656,MAX_POSITION
2025-12-05T12:24:46.326Z,ENA/USD,vwap_pullback,0.2753751,32000,4800,8000,0,16907.84678789041,4656,4656,PASS
2025-12-05T12:24:46.467Z,TONEUR,mean_reversion,1.36136,32000,4800,8000,0,0,87360.0000000008,4656,MAX_POSITION
2025-12-05T12:24:46.864Z,NANOUSD,mean_reversion,0.8157429279999999,32000,4800,8000,0,0,87360.00000000025,4656,MAX_POSITION
2025-12-05T12:24:47.753Z,BAT/USD,vwap_pullback,0.254254,32000,4800,8000,0,18312.396265152172,4656,4656,PASS
2025-12-05T12:24:48.013Z,CVXUSD,mean_reversion,1.8248229999999999,32000,4800,8000,0,0,87360.00000000054,4656,MAX_POSITION
2025-12-05T12:24:48.448Z,TONUSD,mean_reversion,1.5835819999999998,32000,4800,8000,0,0,87360.00000000151,4656,MAX_POSITION
2025-12-05T12:24:48.823Z,NOSUSD,mean_reversion,0.266266,32000,4800,8000,0,0,87360.00000000048,4656,MAX_POSITION
2025-12-05T12:24:49.314Z,DOTEUR,mean_reversion,1.9209189999999998,32000,4800,8000,0,0,87360.00000000073,4656,MAX_POSITION
2025-12-05T12:24:49.974Z,TRUMPUSD,mean_reversion,5.875869999999999,32000,4800,8000,0,0,87360.00000000147,4656,MAX_POSITION
2025-12-05T12:24:50.082Z,OPEUR,mean_reversion,0.2720718,32000,4800,8000,0,0,87360.00000000038,4656,MAX_POSITION
2025-12-05T12:24:50.516Z,XRP/USD,vwap_pullback,2.0731610899999997,32000,4800,8000,0,2245.845738885636,4656,4656,PASS
2025-12-05T12:24:50.850Z,DOTGBP,mean_reversion,1.6742725999999999,32000,4800,8000,0,0,87360.00000000084,4656,MAX_POSITION
2025-12-05T12:24:51.401Z,OPUSD,mean_reversion,0.3176173,32000,4800,8000,0,0,87360.00000000134,4656,MAX_POSITION
2025-12-05T12:24:52.039Z,XRP/EUR,vwap_pullback,1.7805988199999998,32000,4800,8000,0,2614.8506601840836,4656,4656,PASS
2025-12-05T12:24:52.112Z,DOTUSDC,mean_reversion,2.2351328999999995,32000,4800,8000,0,0,87360.00000000108,4656,MAX_POSITION
2025-12-05T12:24:52.768Z,PROVEEUR,mean_reversion,0.39519479999999996,32000,4800,8000,0,0,87360.0000000004,4656,MAX_POSITION
2025-12-05T12:24:53.084Z,USDCHF,vwap_pullback,0.8044936899999999,32000,4800,8000,0,0,176151.23287670923,4656,MAX_POSITION
2025-12-05T12:24:53.149Z,DOTUSDT,mean_reversion,2.2340317999999995,32000,4800,8000,0,0,87360.00000000172,4656,MAX_POSITION
2025-12-05T12:24:54.024Z,RUNEEUR,mean_reversion,0.5685679999999999,32000,4800,8000,0,0,87360.00000000109,4656,MAX_POSITION
2025-12-05T12:24:54.498Z,XETCZUSD,mean_reversion,13.529516,32000,4800,8000,0,0,87359.99999999997,4656,MAX_POSITION
2025-12-05T12:24:54.711Z,XXRPZCAD,mean_reversion,2.8885856999999997,32000,4800,8000,0,0,87360.00000000087,4656,MAX_POSITION
2025-12-05T12:24:55.263Z,ENA/USD,vwap_pullback,0.2753751,32000,4800,8000,0,16907.84678789041,4656,4656,PASS
2025-12-05T12:24:55.702Z,RUNEUSD,mean_reversion,0.6606599999999999,32000,4800,8000,0,0,87360.0000000008,4656,MAX_POSITION
2025-12-05T12:24:55.838Z,ETHFIEUR,mean_reversion,0.6906899999999999,32000,4800,8000,0,0,87360.00000000016,4656,MAX_POSITION
2025-12-05T12:24:55.976Z,XXRPZEUR,mean_reversion,1.7805988199999998,32000,4800,8000,0,0,87360.00000000102,4656,MAX_POSITION
2025-12-05T12:24:56.977Z,SOSOUSD,mean_reversion,0.6021015,32000,4800,8000,0,0,87360.00000000112,4656,MAX_POSITION
2025-12-05T12:24:57.171Z,BAT/USD,vwap_pullback,0.254254,32000,4800,8000,0,18312.396265152172,4656,4656,PASS
2025-12-05T12:24:57.238Z,EULEUR,mean_reversion,3.3213179999999998,32000,4800,8000,0,0,87360.00000000019,4656,MAX_POSITION
2025-12-05T12:24:57.548Z,XRPGBP,mean_reversion,1.55467312,32000,4800,8000,0,0,87360.00000000035,4656,MAX_POSITION
2025-12-05T12:24:58.493Z,TONEUR,mean_reversion,1.36136,32000,4800,8000,0,0,87360.0000000008,4656,MAX_POSITION
2025-12-05T12:24:58.525Z,CRV/USD,vwap_pullback,0.4030026,32000,4800,8000,0,11553.275338670272,4656,4656,PASS
2025-12-05T12:24:58.831Z,XRPRLUSD,mean_reversion,2.07438231,32000,4800,8000,0,0,87359.99999999972,4656,MAX_POSITION
2025-12-05T12:24:59.256Z,EWTUSD,mean_reversion,0.6906899999999999,32000,4800,8000,0,0,87360.00000000016,4656,MAX_POSITION
2025-12-05T12:24:59.738Z,TONUSD,mean_reversion,1.5835819999999998,32000,4800,8000,0,0,87360.00000000151,4656,MAX_POSITION
2025-12-05T12:24:59.827Z,XRPUSDT,mean_reversion,2.0729508799999996,32000,4800,8000,0,0,87360.00000000096,4656,MAX_POSITION
2025-12-05T12:25:00.588Z,FORTHUSD,mean_reversion,1.7327309999999998,32000,4800,8000,0,0,87360.00000000163,4656,MAX_POSITION
2025-12-05T12:25:00.738Z,TRUMPUSD,mean_reversion,5.875869999999999,32000,4800,8000,0,0,87360.00000000147,4656,MAX_POSITION
2025-12-05T12:25:01.326Z,XTZEUR,mean_reversion,0.42062019999999994,32000,4800,8000,0,0,87360.0000000017,4656,MAX_POSITION
2025-12-05T12:25:01.870Z,FXSUSD,mean_reversion,0.805805,32000,4800,8000,0,0,87360.00000000052,4656,MAX_POSITION
2025-12-05T12:25:02.380Z,XTZUSD,mean_reversion,0.48788739999999997,32000,4800,8000,0,0,87360.00000000064,4656,MAX_POSITION
2025-12-05T12:25:02.927Z,XRP/EUR,vwap_pullback,1.7799781999999997,32000,4800,8000,0,2615.762372820072,4656,4656,PASS
2025-12-05T12:25:03.426Z,KSMUSD,mean_reversion,8.42842,32000,4800,8000,0,0,87359.99999999985,4656,MAX_POSITION
2025-12-05T12:25:03.823Z,USDCHF,vwap_pullback,0.8044936899999999,32000,4800,8000,0,0,176151.23287670923,4656,MAX_POSITION
2025-12-05T12:25:04.455Z,LINKEUR,vwap_pullback,12.058976929999998,32000,4800,8000,0,0,48025.841942492705,4656,MAX_POSITION
2025-12-05T12:25:05.173Z,XXRPZCAD,mean_reversion,2.8885856999999997,32000,4800,8000,0,0,87360.00000000087,4656,MAX_POSITION
2025-12-05T12:25:05.629Z,ENA/USD,vwap_pullback,0.2753751,32000,4800,8000,0,16907.84678789041,4656,4656,PASS
2025-12-05T12:25:05.959Z,LINKUSD,vwap_pullback,14.034390369999999,32000,4800,8000,0,0,92397.76994302275,4656,MAX_POSITION
2025-12-05T12:25:06.395Z,XXRPZEUR,mean_reversion,1.7799781999999997,32000,4800,8000,0,0,87360.00000000135,4656,MAX_POSITION
2025-12-05T12:25:07.218Z,BAT/USD,vwap_pullback,0.254254,32000,4800,8000,0,18312.396265152172,4656,4656,PASS
2025-12-05T12:25:07.447Z,LINKUSDC,vwap_pullback,14.070756699999997,32000,4800,8000,0,0,72097.68243059493,4656,MAX_POSITION
2025-12-05T12:25:07.735Z,XRPGBP,mean_reversion,1.55467312,32000,4800,8000,0,0,87360.00000000035,4656,MAX_POSITION
2025-12-05T12:25:08.435Z,LINKUSDT,vwap_pullback,14.06292888,32000,4800,8000,0,0,79307.24258962595,4656,MAX_POSITION
2025-12-05T12:25:09.065Z,XRPRLUSD,mean_reversion,2.0487466999999997,32000,4800,8000,0,0,87360.00000000096,4656,MAX_POSITION
2025-12-05T12:25:09.654Z,CRV/USD,vwap_pullback,0.4030026,32000,4800,8000,0,11553.275338670272,4656,4656,PASS
2025-12-05T12:25:09.694Z,XLTCZEUR,mean_reversion,70.63055999999999,32000,4800,8000,0,0,87360.00000000109,4656,MAX_POSITION
2025-12-05T12:25:10.361Z,XRPUSDT,mean_reversion,2.0729508799999996,32000,4800,8000,0,0,87360.00000000096,4656,MAX_POSITION
2025-12-05T12:25:10.913Z,XLTCZUSD,mean_reversion,82.23214999999999,32000,4800,8000,0,0,87360.00000000146,4656,MAX_POSITION
2025-12-05T12:25:11.649Z,XTZEUR,mean_reversion,0.42062019999999994,32000,4800,8000,0,0,87360.0000000017,4656,MAX_POSITION
2025-12-05T12:25:12.360Z,MASKEUR,mean_reversion,0.5805799999999999,32000,4800,8000,0,0,87360.00000000077,4656,MAX_POSITION
2025-12-05T12:25:12.667Z,XTZUSD,mean_reversion,0.48788739999999997,32000,4800,8000,0,0,87360.00000000064,4656,MAX_POSITION
2025-12-05T12:25:14.059Z,MEUSD,mean_reversion,0.3362358999999999,32000,4800,8000,0,0,87360.00000000127,4656,MAX_POSITION
2025-12-05T12:25:14.257Z,XRP/EUR,vwap_pullback,1.7799781999999997,32000,4800,8000,0,2615.762372820072,4656,4656,PASS
2025-12-05T12:25:15.979Z,NANOEUR,mean_reversion,0.707725018,32000,4800,8000,0,0,87360.00000000016,4656,MAX_POSITION
2025-12-05T12:25:16.673Z,ENA/USD,vwap_pullback,0.2753751,32000,4800,8000,0,16907.84678789041,4656,4656,PASS
2025-12-05T12:25:17.522Z,NANOUSD,mean_reversion,0.8157429279999999,32000,4800,8000,0,0,87360.00000000025,4656,MAX_POSITION
2025-12-05T12:25:17.984Z,BAT/USD,vwap_pullback,0.254254,32000,4800,8000,0,18312.396265152172,4656,4656,PASS
2025-12-05T12:25:19.109Z,NOSUSD,mean_reversion,0.266266,32000,4800,8000,0,0,87360.00000000048,4656,MAX_POSITION
2025-12-05T12:25:19.809Z,CRV/USD,vwap_pullback,0.4030026,32000,4800,8000,0,11553.275338670272,4656,4656,PASS
2025-12-05T12:25:20.498Z,OPEUR,mean_reversion,0.2720718,32000,4800,8000,0,0,87360.00000000038,4656,MAX_POSITION
2025-12-05T12:25:21.647Z,OPUSD,mean_reversion,0.3176173,32000,4800,8000,0,0,87360.00000000134,4656,MAX_POSITION
2025-12-05T12:25:22.926Z,PROVEEUR,mean_reversion,0.39519479999999996,32000,4800,8000,0,0,87360.0000000004,4656,MAX_POSITION
2025-12-05T12:25:24.270Z,RUNEEUR,mean_reversion,0.5685679999999999,32000,4800,8000,0,0,87360.00000000109,4656,MAX_POSITION
2025-12-05T12:25:25.280Z,RUNEUSD,mean_reversion,0.6606599999999999,32000,4800,8000,0,0,87360.0000000008,4656,MAX_POSITION
2025-12-05T12:25:26.000Z,ENA/USD,vwap_pullback,0.2753751,32000,4800,8000,0,16907.84678789041,4656,4656,PASS
2025-12-05T12:25:26.699Z,SOSOUSD,mean_reversion,0.6021015,32000,4800,8000,0,0,87360.00000000112,4656,MAX_POSITION
2025-12-05T12:25:27.258Z,BAT/USD,vwap_pullback,0.254254,32000,4800,8000,0,18312.396265152172,4656,4656,PASS
2025-12-05T12:25:27.712Z,TONEUR,mean_reversion,1.36136,32000,4800,8000,0,0,87360.0000000008,4656,MAX_POSITION
2025-12-05T12:25:28.744Z,TONUSD,mean_reversion,1.5835819999999998,32000,4800,8000,0,0,87360.00000000151,4656,MAX_POSITION
2025-12-05T12:25:28.949Z,CRV/USD,vwap_pullback,0.4030026,32000,4800,8000,0,11553.275338670272,4656,4656,PASS
2025-12-05T12:25:30.255Z,ADAAUD,mean_reversion,0.6494087599999999,32000,4800,8000,0,0,87360.00000000057,4656,MAX_POSITION
2025-12-05T12:25:30.326Z,TRUMPUSD,mean_reversion,5.875869999999999,32000,4800,8000,0,0,87360.00000000147,4656,MAX_POSITION
2025-12-05T12:25:31.090Z,SUI/EUR,vwap_pullback,1.3993979999999997,32000,4800,8000,0,3327.1449580462463,4656,4656,PASS
2025-12-05T12:25:31.735Z,AKTEUR,mean_reversion,0.3914911,32000,4800,8000,0,0,87360.0000000005,4656,MAX_POSITION
2025-12-05T12:25:33.066Z,AUDUSD,vwap_pullback,0.6642235599999999,32000,4800,8000,0,0,44624.12569516055,4656,MAX_POSITION
2025-12-05T12:25:33.359Z,USDCHF,vwap_pullback,0.8047339299999999,32000,4800,8000,0,0,167050.38961038672,4656,MAX_POSITION
2025-12-05T12:25:33.895Z,AUDUSD,sma_trend_ride,0.66488712,32000,4800,8000,0,0,102528.94419745462,4656,MAX_POSITION
2025-12-05T12:25:34.631Z,XXRPZCAD,mean_reversion,2.89163875,32000,4800,8000,0,0,87359.99999999983,4656,MAX_POSITION
2025-12-05T12:25:35.193Z,CAKEUSD,mean_reversion,2.3143119999999997,32000,4800,8000,0,0,87360.00000000033,4656,MAX_POSITION
2025-12-05T12:25:35.489Z,XRP/EUR,vwap_pullback,1.7799281499999997,32000,4800,8000,0,2615.8359257366656,4656,4656,PASS
2025-12-05T12:25:35.908Z,XXRPZEUR,mean_reversion,1.7799281499999997,32000,4800,8000,0,0,87360.0000000003,4656,MAX_POSITION
2025-12-05T12:25:37.000Z,CVXUSD,mean_reversion,1.8248229999999999,32000,4800,8000,0,0,87360.00000000054,4656,MAX_POSITION
2025-12-05T12:25:37.020Z,XRPGBP,mean_reversion,1.55382227,32000,4800,8000,0,0,87360.00000000045,4656,MAX_POSITION
2025-12-05T12:25:37.254Z,USD/CHF,vwap_pullback,0.8047339299999999,32000,4800,8000,0,5785.763252209336,4656,4656,PASS
2025-12-05T12:25:38.356Z,XRPRLUSD,mean_reversion,2.0487466999999997,32000,4800,8000,0,0,87360.00000000096,4656,MAX_POSITION
2025-12-05T12:25:38.596Z,ENA/USD,vwap_pullback,0.2753751,32000,4800,8000,0,16907.84678789041,4656,4656,PASS
2025-12-05T12:25:38.654Z,DOTEUR,mean_reversion,1.9209189999999998,32000,4800,8000,0,0,87360.00000000073,4656,MAX_POSITION
2025-12-05T12:25:39.392Z,XRPUSDT,mean_reversion,2.0729508799999996,32000,4800,8000,0,0,87360.00000000096,4656,MAX_POSITION
2025-12-05T12:25:39.866Z,BAT/USD,vwap_pullback,0.254254,32000,4800,8000,0,18312.396265152172,4656,4656,PASS
2025-12-05T12:25:39.932Z,DOTGBP,mean_reversion,1.6742725999999999,32000,4800,8000,0,0,87360.00000000084,4656,MAX_POSITION
2025-12-05T12:25:40.676Z,XTZEUR,mean_reversion,0.42062019999999994,32000,4800,8000,0,0,87360.0000000017,4656,MAX_POSITION
2025-12-05T12:25:41.522Z,CRV/USD,vwap_pullback,0.4030026,32000,4800,8000,0,11553.275338670272,4656,4656,PASS
2025-12-05T12:25:41.669Z,DOTUSDC,mean_reversion,2.2351328999999995,32000,4800,8000,0,0,87360.00000000108,4656,MAX_POSITION
2025-12-05T12:25:42.014Z,XTZUSD,mean_reversion,0.48788739999999997,32000,4800,8000,0,0,87360.00000000064,4656,MAX_POSITION
2025-12-05T12:25:42.215Z,ADAAUD,mean_reversion,0.6494087599999999,32000,4800,8000,0,0,87360.00000000057,4656,MAX_POSITION
2025-12-05T12:25:42.695Z,DOTUSDT,mean_reversion,2.2340317999999995,32000,4800,8000,0,0,87360.00000000172,4656,MAX_POSITION
2025-12-05T12:25:43.643Z,SUI/EUR,vwap_pullback,1.3993979999999997,32000,4800,8000,0,3327.1449580462463,4656,4656,PASS
2025-12-05T12:25:43.710Z,AKTEUR,mean_reversion,0.3914911,32000,4800,8000,0,0,87360.0000000005,4656,MAX_POSITION
2025-12-05T12:25:44.248Z,XETCZUSD,mean_reversion,13.519505999999998,32000,4800,8000,0,0,87360.0000000017,4656,MAX_POSITION
2025-12-05T12:25:44.665Z,AUDUSD,vwap_pullback,0.6642235599999999,32000,4800,8000,0,0,44624.12569516055,4656,MAX_POSITION
2025-12-05T12:25:45.251Z,AUDUSD,sma_trend_ride,0.66488712,32000,4800,8000,0,0,102528.94419745462,4656,MAX_POSITION
2025-12-05T12:25:45.788Z,ETHFIEUR,mean_reversion,0.6906899999999999,32000,4800,8000,0,0,87360.00000000016,4656,MAX_POSITION
2025-12-05T12:25:46.242Z,CAKEUSD,mean_reversion,2.3143119999999997,32000,4800,8000,0,0,87360.00000000033,4656,MAX_POSITION
2025-12-05T12:25:47.061Z,EULEUR,mean_reversion,3.3213179999999998,32000,4800,8000,0,0,87360.00000000019,4656,MAX_POSITION
2025-12-05T12:25:47.556Z,CVXUSD,mean_reversion,1.8248229999999999,32000,4800,8000,0,0,87360.00000000054,4656,MAX_POSITION
2025-12-05T12:25:47.906Z,XRP/EUR,vwap_pullback,1.77991814,32000,4800,8000,0,2615.8506368163653,4656,4656,PASS
2025-12-05T12:25:48.885Z,EWTUSD,mean_reversion,0.6906899999999999,32000,4800,8000,0,0,87360.00000000016,4656,MAX_POSITION
2025-12-05T12:25:49.045Z,DOTEUR,mean_reversion,1.9209189999999998,32000,4800,8000,0,0,87360.00000000073,4656,MAX_POSITION
2025-12-05T12:25:50.054Z,USD/CHF,vwap_pullback,0.80461381,32000,4800,8000,0,5786.627003083629,4656,4656,PASS
2025-12-05T12:25:50.164Z,FORTHUSD,mean_reversion,1.7327309999999998,32000,4800,8000,0,0,87360.00000000163,4656,MAX_POSITION
2025-12-05T12:25:50.947Z,DOTGBP,mean_reversion,1.6742725999999999,32000,4800,8000,0,0,87360.00000000084,4656,MAX_POSITION
2025-12-05T12:25:51.377Z,ENA/USD,vwap_pullback,0.27517489999999994,32000,4800,8000,0,16920.147876859413,4656,4656,PASS
2025-12-05T12:25:51.540Z,FXSUSD,mean_reversion,0.805805,32000,4800,8000,0,0,87360.00000000052,4656,MAX_POSITION
2025-12-05T12:25:52.464Z,DOTUSDC,mean_reversion,2.2351328999999995,32000,4800,8000,0,0,87360.00000000108,4656,MAX_POSITION
2025-12-05T12:25:52.798Z,KSMUSD,mean_reversion,8.438429999999999,32000,4800,8000,0,0,87360.00000000042,4656,MAX_POSITION
2025-12-05T12:25:52.923Z,BAT/USD,vwap_pullback,0.254254,32000,4800,8000,0,18312.396265152172,4656,4656,PASS
2025-12-05T12:25:53.489Z,DOTUSDT,mean_reversion,2.2340317999999995,32000,4800,8000,0,0,87360.00000000172,4656,MAX_POSITION
2025-12-05T12:25:53.768Z,LINKEUR,vwap_pullback,12.058976929999998,32000,4800,8000,0,0,48025.841942492705,4656,MAX_POSITION
2025-12-05T12:25:54.452Z,XETCZUSD,mean_reversion,13.519505999999998,32000,4800,8000,0,0,87360.0000000017,4656,MAX_POSITION
2025-12-05T12:25:54.780Z,CRV/USD,vwap_pullback,0.4030026,32000,4800,8000,0,11553.275338670272,4656,4656,PASS
2025-12-05T12:25:54.800Z,LINKUSD,vwap_pullback,14.034390369999999,32000,4800,8000,0,0,92397.76994302275,4656,MAX_POSITION
2025-12-05T12:25:55.698Z,ETHFIEUR,mean_reversion,0.6906899999999999,32000,4800,8000,0,0,87360.00000000016,4656,MAX_POSITION
2025-12-05T12:25:56.273Z,LINKUSDC,vwap_pullback,14.070756699999997,32000,4800,8000,0,0,72097.68243059493,4656,MAX_POSITION
2025-12-05T12:25:56.646Z,SUI/EUR,vwap_pullback,1.3993979999999997,32000,4800,8000,0,3327.1449580462463,4656,4656,PASS
2025-12-05T12:25:57.222Z,EULEUR,mean_reversion,3.3213179999999998,32000,4800,8000,0,0,87360.00000000019,4656,MAX_POSITION
2025-12-05T12:25:57.300Z,LINKUSDT,vwap_pullback,14.06292888,32000,4800,8000,0,0,79307.24258962595,4656,MAX_POSITION
2025-12-05T12:25:58.278Z,XLTCZEUR,mean_reversion,70.66059,32000,4800,8000,0,0,87360.00000000051,4656,MAX_POSITION
2025-12-05T12:25:58.571Z,EWTUSD,mean_reversion,0.6906899999999999,32000,4800,8000,0,0,87360.00000000016,4656,MAX_POSITION
2025-12-05T12:25:59.485Z,XLTCZUSD,mean_reversion,82.25216999999999,32000,4800,8000,0,0,87360.0000000002,4656,MAX_POSITION
2025-12-05T12:25:59.863Z,FORTHUSD,mean_reversion,1.7327309999999998,32000,4800,8000,0,0,87360.00000000163,4656,MAX_POSITION
2025-12-05T12:26:00.543Z,USD/CHF,vwap_pullback,0.8045937899999999,32000,4800,8000,0,5786.770986636624,4656,4656,PASS
2025-12-05T12:26:00.737Z,MASKEUR,mean_reversion,0.5805799999999999,32000,4800,8000,0,0,87360.00000000077,4656,MAX_POSITION
2025-12-05T12:26:00.824Z,FXSUSD,mean_reversion,0.805805,32000,4800,8000,0,0,87360.00000000052,4656,MAX_POSITION
2025-12-05T12:26:01.872Z,ENA/USD,vwap_pullback,0.27517489999999994,32000,4800,8000,0,16920.147876859413,4656,4656,PASS
2025-12-05T12:26:02.150Z,KSMUSD,mean_reversion,8.438429999999999,32000,4800,8000,0,0,87360.00000000042,4656,MAX_POSITION
2025-12-05T12:26:03.398Z,MEUSD,mean_reversion,0.3362358999999999,32000,4800,8000,0,0,87360.00000000127,4656,MAX_POSITION
2025-12-05T12:26:03.712Z,BAT/USD,vwap_pullback,0.254254,32000,4800,8000,0,18312.396265152172,4656,4656,PASS
2025-12-05T12:26:03.913Z,LINKEUR,vwap_pullback,12.058976929999998,32000,4800,8000,0,0,48025.841942492705,4656,MAX_POSITION
2025-12-05T12:26:04.699Z,LINKUSD,vwap_pullback,14.034390369999999,32000,4800,8000,0,0,92397.76994302275,4656,MAX_POSITION
2025-12-05T12:26:05.137Z,NANOEUR,mean_reversion,0.707725018,32000,4800,8000,0,0,87360.00000000016,4656,MAX_POSITION
2025-12-05T12:26:05.500Z,CRV/USD,vwap_pullback,0.4030026,32000,4800,8000,0,11553.275338670272,4656,4656,PASS
2025-12-05T12:26:06.183Z,LINKUSDC,vwap_pullback,14.070756699999997,32000,4800,8000,0,0,72097.68243059493,4656,MAX_POSITION
2025-12-05T12:26:06.680Z,NANOUSD,mean_reversion,0.8157429279999999,32000,4800,8000,0,0,87360.00000000025,4656,MAX_POSITION
2025-12-05T12:26:07.477Z,LINKUSDT,vwap_pullback,14.06292888,32000,4800,8000,0,0,79307.24258962595,4656,MAX_POSITION
2025-12-05T12:26:07.806Z,NOSUSD,mean_reversion,0.266266,32000,4800,8000,0,0,87360.00000000048,4656,MAX_POSITION
2025-12-05T12:26:08.504Z,SUI/EUR,vwap_pullback,1.3993979999999997,32000,4800,8000,0,3327.1449580462463,4656,4656,PASS
2025-12-05T12:26:08.768Z,XLTCZEUR,mean_reversion,70.66059,32000,4800,8000,0,0,87360.00000000051,4656,MAX_POSITION
2025-12-05T12:26:09.157Z,OPEUR,mean_reversion,0.2720718,32000,4800,8000,0,0,87360.00000000038,4656,MAX_POSITION
2025-12-05T12:26:10.089Z,ADA/USD,vwap_pullback,0.430794364,32000,4800,8000,0,10807.940839263161,4656,4656,PASS
2025-12-05T12:26:10.293Z,XLTCZUSD,mean_reversion,82.27219,32000,4800,8000,0,0,87360.00000000032,4656,MAX_POSITION
2025-12-05T12:26:10.704Z,OPUSD,mean_reversion,0.3176173,32000,4800,8000,0,0,87360.00000000134,4656,MAX_POSITION
2025-12-05T12:26:11.554Z,MASKEUR,mean_reversion,0.5805799999999999,32000,4800,8000,0,0,87360.00000000077,4656,MAX_POSITION
2025-12-05T12:26:12.084Z,PROVEEUR,mean_reversion,0.39519479999999996,32000,4800,8000,0,0,87360.0000000004,4656,MAX_POSITION
2025-12-05T12:26:12.969Z,MEUSD,mean_reversion,0.3362358999999999,32000,4800,8000,0,0,87360.00000000127,4656,MAX_POSITION
2025-12-05T12:26:13.088Z,RUNEEUR,mean_reversion,0.5685679999999999,32000,4800,8000,0,0,87360.00000000109,4656,MAX_POSITION
2025-12-05T12:26:14.466Z,EURC/USDC,vwap_pullback,1.1670058399999998,32000,4800,8000,0,3989.6972580702773,4656,4656,PASS
2025-12-05T12:26:14.754Z,NANOEUR,mean_reversion,0.707725018,32000,4800,8000,0,0,87360.00000000016,4656,MAX_POSITION
2025-12-05T12:26:15.774Z,RUNEUSD,mean_reversion,0.6606599999999999,32000,4800,8000,0,0,87360.0000000008,4656,MAX_POSITION
2025-12-05T12:26:16.296Z,NANOUSD,mean_reversion,0.8157429279999999,32000,4800,8000,0,0,87360.00000000025,4656,MAX_POSITION
2025-12-05T12:26:17.024Z,SOSOUSD,mean_reversion,0.6021015,32000,4800,8000,0,0,87360.00000000112,4656,MAX_POSITION
2025-12-05T12:26:17.563Z,NOSUSD,mean_reversion,0.266266,32000,4800,8000,0,0,87360.00000000048,4656,MAX_POSITION
2025-12-05T12:26:17.940Z,XRP/USD,vwap_pullback,2.07258051,32000,4800,8000,0,2246.474854672835,4656,4656,PASS
2025-12-05T12:26:18.438Z,TONEUR,mean_reversion,1.3603589999999999,32000,4800,8000,0,0,87360.0000000007,4656,MAX_POSITION
2025-12-05T12:26:18.893Z,OPEUR,mean_reversion,0.2720718,32000,4800,8000,0,0,87360.00000000038,4656,MAX_POSITION
2025-12-05T12:26:19.692Z,USD/CHF,vwap_pullback,0.80453373,32000,4800,8000,0,5787.202980290212,4656,4656,PASS
2025-12-05T12:26:19.693Z,TONUSD,mean_reversion,1.5835819999999998,32000,4800,8000,0,0,87360.00000000151,4656,MAX_POSITION
2025-12-05T12:26:19.746Z,OPUSD,mean_reversion,0.3176173,32000,4800,8000,0,0,87360.00000000134,4656,MAX_POSITION
2025-12-05T12:26:21.005Z,PROVEEUR,mean_reversion,0.39519479999999996,32000,4800,8000,0,0,87360.0000000004,4656,MAX_POSITION
2025-12-05T12:26:21.215Z,ENA/USD,vwap_pullback,0.27517489999999994,32000,4800,8000,0,16920.147876859413,4656,4656,PASS
2025-12-05T12:26:21.277Z,TRUMPUSD,mean_reversion,5.875869999999999,32000,4800,8000,0,0,87360.00000000147,4656,MAX_POSITION
2025-12-05T12:26:21.983Z,RUNEEUR,mean_reversion,0.5685679999999999,32000,4800,8000,0,0,87360.00000000109,4656,MAX_POSITION
2025-12-05T12:26:22.506Z,BAT/USD,vwap_pullback,0.254254,32000,4800,8000,0,18312.396265152172,4656,4656,PASS
2025-12-05T12:26:22.993Z,RUNEUSD,mean_reversion,0.6606599999999999,32000,4800,8000,0,0,87360.0000000008,4656,MAX_POSITION
2025-12-05T12:26:23.807Z,USDCHF,vwap_pullback,0.80461381,32000,4800,8000,0,0,171479.46666666158,4656,MAX_POSITION
2025-12-05T12:26:24.104Z,CRV/USD,vwap_pullback,0.4030026,32000,4800,8000,0,11553.275338670272,4656,4656,PASS
2025-12-05T12:26:24.363Z,SOSOUSD,mean_reversion,0.6021015,32000,4800,8000,0,0,87360.00000000112,4656,MAX_POSITION
2025-12-05T12:26:25.163Z,XXRPZCAD,mean_reversion,2.89163875,32000,4800,8000,0,0,87359.99999999983,4656,MAX_POSITION
2025-12-05T12:26:25.352Z,TONEUR,mean_reversion,1.3603589999999999,32000,4800,8000,0,0,87360.0000000007,4656,MAX_POSITION
2025-12-05T12:26:26.395Z,SUI/EUR,vwap_pullback,1.3993979999999997,32000,4800,8000,0,3327.1449580462463,4656,4656,PASS
2025-12-05T12:26:26.527Z,XXRPZEUR,mean_reversion,1.7804086299999997,32000,4800,8000,0,0,87360.00000000081,4656,MAX_POSITION
2025-12-05T12:26:26.636Z,TONUSD,mean_reversion,1.5835819999999998,32000,4800,8000,0,0,87360.00000000151,4656,MAX_POSITION
2025-12-05T12:26:27.540Z,XRPGBP,mean_reversion,1.55383228,32000,4800,8000,0,0,87360.00000000047,4656,MAX_POSITION
2025-12-05T12:26:27.806Z,ADA/USD,vwap_pullback,0.430794364,32000,4800,8000,0,10807.940839263161,4656,4656,PASS
2025-12-05T12:26:28.074Z,TRUMPUSD,mean_reversion,5.875869999999999,32000,4800,8000,0,0,87360.00000000147,4656,MAX_POSITION
2025-12-05T12:26:28.808Z,XRPRLUSD,mean_reversion,2.0487466999999997,32000,4800,8000,0,0,87360.00000000096,4656,MAX_POSITION
2025-12-05T12:26:29.263Z,ADAAUD,mean_reversion,0.6494087599999999,32000,4800,8000,0,0,87360.00000000057,4656,MAX_POSITION
2025-12-05T12:26:30.079Z,XRPUSDT,mean_reversion,2.0729508799999996,32000,4800,8000,0,0,87360.00000000096,4656,MAX_POSITION
2025-12-05T12:26:30.568Z,AKTEUR,mean_reversion,0.3914911,32000,4800,8000,0,0,87360.0000000005,4656,MAX_POSITION
2025-12-05T12:26:30.744Z,USDCHF,vwap_pullback,0.8044936899999999,32000,4800,8000,0,0,176151.23287670923,4656,MAX_POSITION
2025-12-05T12:26:31.107Z,XTZEUR,mean_reversion,0.42062019999999994,32000,4800,8000,0,0,87360.0000000017,4656,MAX_POSITION
2025-12-05T12:26:31.514Z,AUDUSD,vwap_pullback,0.66439373,32000,4800,8000,0,0,44110.42159902354,4656,MAX_POSITION
2025-12-05T12:26:31.819Z,XXRPZCAD,mean_reversion,2.89163875,32000,4800,8000,0,0,87359.99999999983,4656,MAX_POSITION
2025-12-05T12:26:32.114Z,AUDUSD,sma_trend_ride,0.66505746,32000,4800,8000,0,0,99956.03216352542,4656,MAX_POSITION
2025-12-05T12:26:32.130Z,XTZUSD,mean_reversion,0.48788739999999997,32000,4800,8000,0,0,87360.00000000064,4656,MAX_POSITION
2025-12-05T12:26:32.189Z,EURC/USDC,vwap_pullback,1.1670058399999998,32000,4800,8000,0,3989.6972580702773,4656,4656,PASS
2025-12-05T12:26:32.771Z,XXRPZEUR,mean_reversion,1.7804086299999997,32000,4800,8000,0,0,87360.00000000081,4656,MAX_POSITION
2025-12-05T12:26:33.701Z,CAKEUSD,mean_reversion,2.3143119999999997,32000,4800,8000,0,0,87360.00000000033,4656,MAX_POSITION
2025-12-05T12:26:33.895Z,XRPGBP,mean_reversion,1.55383228,32000,4800,8000,0,0,87360.00000000047,4656,MAX_POSITION
2025-12-05T12:26:34.715Z,CVXUSD,mean_reversion,1.8248229999999999,32000,4800,8000,0,0,87360.00000000054,4656,MAX_POSITION
2025-12-05T12:26:35.416Z,XRP/USD,vwap_pullback,2.0729809099999996,32000,4800,8000,0,2246.0409440046415,4656,4656,PASS
2025-12-05T12:26:35.418Z,XRPRLUSD,mean_reversion,2.0487466999999997,32000,4800,8000,0,0,87360.00000000096,4656,MAX_POSITION
2025-12-05T12:26:36.050Z,DOTEUR,mean_reversion,1.9209189999999998,32000,4800,8000,0,0,87360.00000000073,4656,MAX_POSITION
2025-12-05T12:26:36.690Z,XRPUSDT,mean_reversion,2.0729508799999996,32000,4800,8000,0,0,87360.00000000096,4656,MAX_POSITION
2025-12-05T12:26:37.115Z,DOTGBP,mean_reversion,1.6742725999999999,32000,4800,8000,0,0,87360.00000000084,4656,MAX_POSITION
2025-12-05T12:26:37.747Z,XTZEUR,mean_reversion,0.42062019999999994,32000,4800,8000,0,0,87360.0000000017,4656,MAX_POSITION
2025-12-05T12:26:37.799Z,ENA/USD,vwap_pullback,0.27517489999999994,32000,4800,8000,0,16920.147876859413,4656,4656,PASS
2025-12-05T12:26:38.360Z,DOTUSDC,mean_reversion,2.2351328999999995,32000,4800,8000,0,0,87360.00000000108,4656,MAX_POSITION
2025-12-05T12:26:38.802Z,XTZUSD,mean_reversion,0.48788739999999997,32000,4800,8000,0,0,87360.00000000064,4656,MAX_POSITION
2025-12-05T12:26:39.499Z,BAT/USD,vwap_pullback,0.254254,32000,4800,8000,0,18312.396265152172,4656,4656,PASS
2025-12-05T12:26:39.712Z,DOTUSDT,mean_reversion,2.2340317999999995,32000,4800,8000,0,0,87360.00000000172,4656,MAX_POSITION
2025-12-05T12:26:41.123Z,XETCZUSD,mean_reversion,13.519505999999998,32000,4800,8000,0,0,87360.0000000017,4656,MAX_POSITION
2025-12-05T12:26:41.181Z,CRV/USD,vwap_pullback,0.4030026,32000,4800,8000,0,11553.275338670272,4656,4656,PASS
2025-12-05T12:26:42.117Z,ETHFIEUR,mean_reversion,0.6906899999999999,32000,4800,8000,0,0,87360.00000000016,4656,MAX_POSITION
2025-12-05T12:26:42.519Z,ADAAUD,mean_reversion,0.6494087599999999,32000,4800,8000,0,0,87360.00000000057,4656,MAX_POSITION
2025-12-05T12:26:43.333Z,SUI/EUR,vwap_pullback,1.3993979999999997,32000,4800,8000,0,3327.1449580462463,4656,4656,PASS
2025-12-05T12:26:43.685Z,EULEUR,mean_reversion,3.3213179999999998,32000,4800,8000,0,0,87360.00000000019,4656,MAX_POSITION
2025-12-05T12:26:44.982Z,ADA/USD,vwap_pullback,0.43098255199999996,32000,4800,8000,0,10803.221565220118,4656,4656,PASS
2025-12-05T12:26:45.177Z,AKTEUR,mean_reversion,0.3914911,32000,4800,8000,0,0,87360.0000000005,4656,MAX_POSITION
2025-12-05T12:26:45.543Z,EWTUSD,mean_reversion,0.6906899999999999,32000,4800,8000,0,0,87360.00000000016,4656,MAX_POSITION
2025-12-05T12:26:46.457Z,AUDUSD,vwap_pullback,0.66439373,32000,4800,8000,0,0,44110.42159902354,4656,MAX_POSITION
2025-12-05T12:26:46.564Z,FORTHUSD,mean_reversion,1.7327309999999998,32000,4800,8000,0,0,87360.00000000163,4656,MAX_POSITION
2025-12-05T12:26:47.059Z,AUDUSD,sma_trend_ride,0.66505746,32000,4800,8000,0,0,99956.03216352542,4656,MAX_POSITION
2025-12-05T12:26:47.861Z,FXSUSD,mean_reversion,0.805805,32000,4800,8000,0,0,87360.00000000052,4656,MAX_POSITION
2025-12-05T12:26:48.059Z,CAKEUSD,mean_reversion,2.3143119999999997,32000,4800,8000,0,0,87360.00000000033,4656,MAX_POSITION
2025-12-05T12:26:48.937Z,KSMUSD,mean_reversion,8.438429999999999,32000,4800,8000,0,0,87360.00000000042,4656,MAX_POSITION
2025-12-05T12:26:49.357Z,CVXUSD,mean_reversion,1.8248229999999999,32000,4800,8000,0,0,87360.00000000054,4656,MAX_POSITION
2025-12-05T12:26:49.557Z,EURC/USDC,vwap_pullback,1.1670058399999998,32000,4800,8000,0,3989.6972580702773,4656,4656,PASS
2025-12-05T12:26:50.380Z,DOTEUR,mean_reversion,1.9209189999999998,32000,4800,8000,0,0,87360.00000000073,4656,MAX_POSITION
2025-12-05T12:26:50.528Z,LINKEUR,vwap_pullback,12.058976929999998,32000,4800,8000,0,0,48025.841942492705,4656,MAX_POSITION
2025-12-05T12:26:51.475Z,LINKUSD,vwap_pullback,14.034390369999999,32000,4800,8000,0,0,92397.76994302275,4656,MAX_POSITION
2025-12-05T12:26:52.969Z,LINKUSDC,vwap_pullback,14.070756699999997,32000,4800,8000,0,0,72097.68243059493,4656,MAX_POSITION
2025-12-05T12:26:53.036Z,DOTGBP,mean_reversion,1.6742725999999999,32000,4800,8000,0,0,87360.00000000084,4656,MAX_POSITION
2025-12-05T12:26:54.230Z,LINKUSDT,vwap_pullback,14.06292888,32000,4800,8000,0,0,79307.24258962595,4656,MAX_POSITION
2025-12-05T12:26:54.613Z,DOTUSDC,mean_reversion,2.2351328999999995,32000,4800,8000,0,0,87360.00000000108,4656,MAX_POSITION
2025-12-05T12:26:55.567Z,XRP/USD,vwap_pullback,2.07251044,32000,4800,8000,0,2246.5508062772415,4656,4656,PASS
2025-12-05T12:26:55.611Z,XLTCZEUR,mean_reversion,70.71064,32000,4800,8000,0,0,87360.00000000004,4656,MAX_POSITION
2025-12-05T12:26:56.193Z,DOTUSDT,mean_reversion,2.2340317999999995,32000,4800,8000,0,0,87360.00000000172,4656,MAX_POSITION
2025-12-05T12:26:56.569Z,XLTCZUSD,mean_reversion,82.31223,32000,4800,8000,0,0,87360.00000000057,4656,MAX_POSITION
2025-12-05T12:26:56.906Z,USD/CHF,vwap_pullback,0.8045137099999999,32000,4800,8000,0,5787.346992508058,4656,4656,PASS
2025-12-05T12:26:57.811Z,MASKEUR,mean_reversion,0.5805799999999999,32000,4800,8000,0,0,87360.00000000077,4656,MAX_POSITION
2025-12-05T12:26:57.906Z,XETCZUSD,mean_reversion,13.519505999999998,32000,4800,8000,0,0,87360.0000000017,4656,MAX_POSITION
2025-12-05T12:26:58.495Z,ENA/USD,vwap_pullback,0.27517489999999994,32000,4800,8000,0,16920.147876859413,4656,4656,PASS
2025-12-05T12:26:58.890Z,ETHFIEUR,mean_reversion,0.6906899999999999,32000,4800,8000,0,0,87360.00000000016,4656,MAX_POSITION
2025-12-05T12:26:59.514Z,MEUSD,mean_reversion,0.3322318999999999,32000,4800,8000,0,0,87360.00000000102,4656,MAX_POSITION
2025-12-05T12:26:59.777Z,BAT/USD,vwap_pullback,0.254254,32000,4800,8000,0,18312.396265152172,4656,4656,PASS
2025-12-05T12:27:00.167Z,EULEUR,mean_reversion,3.3213179999999998,32000,4800,8000,0,0,87360.00000000019,4656,MAX_POSITION
2025-12-05T12:27:01.093Z,CRV/USD,vwap_pullback,0.4030026,32000,4800,8000,0,11553.275338670272,4656,4656,PASS
2025-12-05T12:27:01.528Z,NANOEUR,mean_reversion,0.707725018,32000,4800,8000,0,0,87360.00000000016,4656,MAX_POSITION
2025-12-05T12:27:01.851Z,EWTUSD,mean_reversion,0.6906899999999999,32000,4800,8000,0,0,87360.00000000016,4656,MAX_POSITION
2025-12-05T12:27:02.811Z,NANOUSD,mean_reversion,0.8157429279999999,32000,4800,8000,0,0,87360.00000000025,4656,MAX_POSITION
2025-12-05T12:27:03.521Z,FORTHUSD,mean_reversion,1.7327309999999998,32000,4800,8000,0,0,87360.00000000163,4656,MAX_POSITION
2025-12-05T12:27:03.671Z,SUI/EUR,vwap_pullback,1.3972958999999998,32000,4800,8000,0,3332.1503340845707,4656,4656,PASS
2025-12-05T12:27:03.948Z,NOSUSD,mean_reversion,0.266266,32000,4800,8000,0,0,87360.00000000048,4656,MAX_POSITION
2025-12-05T12:27:04.790Z,FXSUSD,mean_reversion,0.805805,32000,4800,8000,0,0,87360.00000000052,4656,MAX_POSITION
2025-12-05T12:27:05.305Z,OPEUR,mean_reversion,0.2720718,32000,4800,8000,0,0,87360.00000000038,4656,MAX_POSITION
2025-12-05T12:27:05.621Z,ADA/USD,vwap_pullback,0.43098255199999996,32000,4800,8000,0,10803.221565220118,4656,4656,PASS
2025-12-05T12:27:06.303Z,KSMUSD,mean_reversion,8.438429999999999,32000,4800,8000,0,0,87360.00000000042,4656,MAX_POSITION
2025-12-05T12:27:06.304Z,OPUSD,mean_reversion,0.3176173,32000,4800,8000,0,0,87360.00000000134,4656,MAX_POSITION
2025-12-05T12:27:07.535Z,LINKEUR,vwap_pullback,12.058976929999998,32000,4800,8000,0,0,48025.841942492705,4656,MAX_POSITION
2025-12-05T12:27:07.640Z,PROVEEUR,mean_reversion,0.39519479999999996,32000,4800,8000,0,0,87360.0000000004,4656,MAX_POSITION
2025-12-05T12:27:08.489Z,LINKUSD,vwap_pullback,14.034390369999999,32000,4800,8000,0,0,92397.76994302275,4656,MAX_POSITION
2025-12-05T12:27:08.879Z,RUNEEUR,mean_reversion,0.5685679999999999,32000,4800,8000,0,0,87360.00000000109,4656,MAX_POSITION
2025-12-05T12:27:09.190Z,EURC/USDC,vwap_pullback,1.1670058399999998,32000,4800,8000,0,3989.6972580702773,4656,4656,PASS
2025-12-05T12:27:10.026Z,LINKUSDC,vwap_pullback,14.070756699999997,32000,4800,8000,0,0,72097.68243059493,4656,MAX_POSITION
2025-12-05T12:27:10.413Z,RUNEUSD,mean_reversion,0.6606599999999999,32000,4800,8000,0,0,87360.0000000008,4656,MAX_POSITION
2025-12-05T12:27:11.412Z,LINKUSDT,vwap_pullback,14.06292888,32000,4800,8000,0,0,79307.24258962595,4656,MAX_POSITION
2025-12-05T12:27:11.821Z,SOSOUSD,mean_reversion,0.6021015,32000,4800,8000,0,0,87360.00000000112,4656,MAX_POSITION
2025-12-05T12:27:13.028Z,XLTCZEUR,mean_reversion,70.71064,32000,4800,8000,0,0,87360.00000000004,4656,MAX_POSITION
2025-12-05T12:27:13.197Z,TONEUR,mean_reversion,1.3603589999999999,32000,4800,8000,0,0,87360.0000000007,4656,MAX_POSITION
2025-12-05T12:27:14.349Z,XLTCZUSD,mean_reversion,82.26218,32000,4800,8000,0,0,87360.00000000096,4656,MAX_POSITION
2025-12-05T12:27:14.528Z,TONUSD,mean_reversion,1.5835819999999998,32000,4800,8000,0,0,87360.00000000151,4656,MAX_POSITION
2025-12-05T12:27:15.417Z,MASKEUR,mean_reversion,0.5805799999999999,32000,4800,8000,0,0,87360.00000000077,4656,MAX_POSITION
2025-12-05T12:27:15.982Z,TRUMPUSD,mean_reversion,5.875869999999999,32000,4800,8000,0,0,87360.00000000147,4656,MAX_POSITION
2025-12-05T12:27:17.137Z,MEUSD,mean_reversion,0.3322318999999999,32000,4800,8000,0,0,87360.00000000102,4656,MAX_POSITION
2025-12-05T12:27:18.498Z,USDCHF,vwap_pullback,0.8045137099999999,32000,4800,8000,0,0,175354.90909090565,4656,MAX_POSITION
2025-12-05T12:27:18.853Z,USD/CHF,vwap_pullback,0.8045737699999999,32000,4800,8000,0,5786.91497735503,4656,4656,PASS
2025-12-05T12:27:19.059Z,NANOEUR,mean_reversion,0.707725018,32000,4800,8000,0,0,87360.00000000016,4656,MAX_POSITION
2025-12-05T12:27:19.376Z,XXRPZCAD,mean_reversion,2.89163875,32000,4800,8000,0,0,87359.99999999983,4656,MAX_POSITION
2025-12-05T12:27:20.493Z,ENA/USD,vwap_pullback,0.27517489999999994,32000,4800,8000,0,16920.147876859413,4656,4656,PASS
2025-12-05T12:27:20.622Z,NANOUSD,mean_reversion,0.8157429279999999,32000,4800,8000,0,0,87360.00000000025,4656,MAX_POSITION
2025-12-05T12:27:20.908Z,XXRPZEUR,mean_reversion,1.7804086299999997,32000,4800,8000,0,0,87360.00000000081,4656,MAX_POSITION
2025-12-05T12:27:21.958Z,NOSUSD,mean_reversion,0.266266,32000,4800,8000,0,0,87360.00000000048,4656,MAX_POSITION
2025-12-05T12:27:22.342Z,XRPGBP,mean_reversion,1.55382227,32000,4800,8000,0,0,87360.00000000045,4656,MAX_POSITION
2025-12-05T12:27:22.530Z,BAT/USD,vwap_pullback,0.254254,32000,4800,8000,0,18312.396265152172,4656,4656,PASS
2025-12-05T12:27:23.286Z,OPEUR,mean_reversion,0.2720718,32000,4800,8000,0,0,87360.00000000038,4656,MAX_POSITION
2025-12-05T12:27:23.786Z,XRPRLUSD,mean_reversion,2.0487466999999997,32000,4800,8000,0,0,87360.00000000096,4656,MAX_POSITION
2025-12-05T12:27:23.896Z,CRV/USD,vwap_pullback,0.4030026,32000,4800,8000,0,11553.275338670272,4656,4656,PASS
2025-12-05T12:27:24.753Z,XRPUSDT,mean_reversion,2.0729508799999996,32000,4800,8000,0,0,87360.00000000096,4656,MAX_POSITION
2025-12-05T12:27:24.926Z,OPUSD,mean_reversion,0.3176173,32000,4800,8000,0,0,87360.00000000134,4656,MAX_POSITION
2025-12-05T12:27:25.756Z,XTZEUR,mean_reversion,0.42062019999999994,32000,4800,8000,0,0,87360.0000000017,4656,MAX_POSITION
2025-12-05T12:27:25.993Z,PROVEEUR,mean_reversion,0.39519479999999996,32000,4800,8000,0,0,87360.0000000004,4656,MAX_POSITION
2025-12-05T12:27:26.440Z,SUI/EUR,vwap_pullback,1.3972958999999998,32000,4800,8000,0,3332.1503340845707,4656,4656,PASS
2025-12-05T12:27:26.962Z,XTZUSD,mean_reversion,0.48788739999999997,32000,4800,8000,0,0,87360.00000000064,4656,MAX_POSITION
2025-12-05T12:27:27.030Z,RUNEEUR,mean_reversion,0.5685679999999999,32000,4800,8000,0,0,87360.00000000109,4656,MAX_POSITION
2025-12-05T12:27:28.279Z,RUNEUSD,mean_reversion,0.6606599999999999,32000,4800,8000,0,0,87360.0000000008,4656,MAX_POSITION
2025-12-05T12:27:28.364Z,ADA/USD,vwap_pullback,0.43081037999999994,32000,4800,8000,0,10807.539038404786,4656,4656,PASS
2025-12-05T12:27:29.233Z,ADAAUD,mean_reversion,0.6494087599999999,32000,4800,8000,0,0,87360.00000000057,4656,MAX_POSITION
2025-12-05T12:27:29.544Z,SOSOUSD,mean_reversion,0.6021015,32000,4800,8000,0,0,87360.00000000112,4656,MAX_POSITION
2025-12-05T12:27:30.756Z,AKTEUR,mean_reversion,0.3914911,32000,4800,8000,0,0,87360.0000000005,4656,MAX_POSITION
2025-12-05T12:27:31.227Z,TONEUR,mean_reversion,1.3603589999999999,32000,4800,8000,0,0,87360.0000000007,4656,MAX_POSITION
2025-12-05T12:27:32.100Z,AUDUSD,vwap_pullback,0.66439373,32000,4800,8000,0,0,44110.42159902354,4656,MAX_POSITION
2025-12-05T12:27:32.432Z,TONUSD,mean_reversion,1.5835819999999998,32000,4800,8000,0,0,87360.00000000151,4656,MAX_POSITION
2025-12-05T12:27:32.511Z,EURC/USDC,vwap_pullback,1.1670058399999998,32000,4800,8000,0,3989.6972580702773,4656,4656,PASS
2025-12-05T12:27:32.705Z,AUDUSD,sma_trend_ride,0.66505746,32000,4800,8000,0,0,99956.03216352542,4656,MAX_POSITION
2025-12-05T12:27:33.725Z,TRUMPUSD,mean_reversion,5.875869999999999,32000,4800,8000,0,0,87360.00000000147,4656,MAX_POSITION
2025-12-05T12:27:33.919Z,CAKEUSD,mean_reversion,2.3143119999999997,32000,4800,8000,0,0,87360.00000000033,4656,MAX_POSITION
2025-12-05T12:27:34.990Z,CVXUSD,mean_reversion,1.8248229999999999,32000,4800,8000,0,0,87360.00000000054,4656,MAX_POSITION
2025-12-05T12:27:35.816Z,USDCHF,vwap_pullback,0.8045737699999999,32000,4800,8000,0,0,173008.789237668,4656,MAX_POSITION
2025-12-05T12:27:36.124Z,DOTEUR,mean_reversion,1.9209189999999998,32000,4800,8000,0,0,87360.00000000073,4656,MAX_POSITION
2025-12-05T12:27:37.511Z,XXRPZCAD,mean_reversion,2.89163875,32000,4800,8000,0,0,87359.99999999983,4656,MAX_POSITION
2025-12-05T12:27:37.514Z,DOTGBP,mean_reversion,1.6742725999999999,32000,4800,8000,0,0,87360.00000000084,4656,MAX_POSITION
2025-12-05T12:27:38.857Z,XXRPZEUR,mean_reversion,1.7797679899999999,32000,4800,8000,0,0,87360.00000000015,4656,MAX_POSITION
2025-12-05T12:27:39.155Z,DOTUSDC,mean_reversion,2.2351328999999995,32000,4800,8000,0,0,87360.00000000108,4656,MAX_POSITION
2025-12-05T12:27:39.932Z,XRPGBP,mean_reversion,1.55382227,32000,4800,8000,0,0,87360.00000000045,4656,MAX_POSITION
2025-12-05T12:27:40.464Z,DOTUSDT,mean_reversion,2.2340317999999995,32000,4800,8000,0,0,87360.00000000172,4656,MAX_POSITION
2025-12-05T12:27:40.928Z,XRP/USD,vwap_pullback,2.07244037,32000,4800,8000,0,2246.6267630175535,4656,4656,PASS
2025-12-05T12:27:40.994Z,XRPRLUSD,mean_reversion,2.0487466999999997,32000,4800,8000,0,0,87360.00000000096,4656,MAX_POSITION
2025-12-05T12:27:41.651Z,XETCZUSD,mean_reversion,13.519505999999998,32000,4800,8000,0,0,87360.0000000017,4656,MAX_POSITION
2025-12-05T12:27:42.254Z,ADAAUD,mean_reversion,0.6494087599999999,32000,4800,8000,0,0,87360.00000000057,4656,MAX_POSITION
2025-12-05T12:27:42.385Z,XRPUSDT,mean_reversion,2.0729508799999996,32000,4800,8000,0,0,87360.00000000096,4656,MAX_POSITION
2025-12-05T12:27:42.834Z,ETHFIEUR,mean_reversion,0.6906899999999999,32000,4800,8000,0,0,87360.00000000016,4656,MAX_POSITION
2025-12-05T12:27:42.835Z,USD/CHF,vwap_pullback,0.8045737699999999,32000,4800,8000,0,5786.91497735503,4656,4656,PASS
2025-12-05T12:27:43.536Z,XTZEUR,mean_reversion,0.42062019999999994,32000,4800,8000,0,0,87360.0000000017,4656,MAX_POSITION
2025-12-05T12:27:43.551Z,AKTEUR,mean_reversion,0.3914911,32000,4800,8000,0,0,87360.0000000005,4656,MAX_POSITION
2025-12-05T12:27:44.268Z,ENA/USD,vwap_pullback,0.275275,32000,4800,8000,0,16913.99509581328,4656,4656,PASS
2025-12-05T12:27:44.511Z,EULEUR,mean_reversion,3.3213179999999998,32000,4800,8000,0,0,87360.00000000019,4656,MAX_POSITION
2025-12-05T12:27:44.935Z,XTZUSD,mean_reversion,0.48788739999999997,32000,4800,8000,0,0,87360.00000000064,4656,MAX_POSITION
2025-12-05T12:27:45.035Z,AUDUSD,vwap_pullback,0.66439373,32000,4800,8000,0,0,44110.42159902354,4656,MAX_POSITION
2025-12-05T12:27:45.633Z,AUDUSD,sma_trend_ride,0.66505746,32000,4800,8000,0,0,99956.03216352542,4656,MAX_POSITION
2025-12-05T12:27:45.832Z,BAT/USD,vwap_pullback,0.254254,32000,4800,8000,0,18312.396265152172,4656,4656,PASS
2025-12-05T12:27:45.929Z,EWTUSD,mean_reversion,0.6906899999999999,32000,4800,8000,0,0,87360.00000000016,4656,MAX_POSITION
2025-12-05T12:27:46.977Z,CAKEUSD,mean_reversion,2.3143119999999997,32000,4800,8000,0,0,87360.00000000033,4656,MAX_POSITION
2025-12-05T12:27:47.252Z,FORTHUSD,mean_reversion,1.7327309999999998,32000,4800,8000,0,0,87360.00000000163,4656,MAX_POSITION
2025-12-05T12:27:47.459Z,CRV/USD,vwap_pullback,0.4030026,32000,4800,8000,0,11553.275338670272,4656,4656,PASS
2025-12-05T12:27:48.989Z,CVXUSD,mean_reversion,1.8248229999999999,32000,4800,8000,0,0,87360.00000000054,4656,MAX_POSITION
2025-12-05T12:27:49.274Z,FXSUSD,mean_reversion,0.805805,32000,4800,8000,0,0,87360.00000000052,4656,MAX_POSITION
2025-12-05T12:27:50.012Z,SUI/EUR,vwap_pullback,1.3972958999999998,32000,4800,8000,0,3332.1503340845707,4656,4656,PASS
2025-12-05T12:27:50.106Z,DOTEUR,mean_reversion,1.9209189999999998,32000,4800,8000,0,0,87360.00000000073,4656,MAX_POSITION
2025-12-05T12:27:50.282Z,KSMUSD,mean_reversion,8.438429999999999,32000,4800,8000,0,0,87360.00000000042,4656,MAX_POSITION
2025-12-05T12:27:51.354Z,LINKEUR,vwap_pullback,12.058976929999998,32000,4800,8000,0,0,48025.841942492705,4656,MAX_POSITION
2025-12-05T12:27:51.622Z,DOTGBP,mean_reversion,1.6742725999999999,32000,4800,8000,0,0,87360.00000000084,4656,MAX_POSITION
2025-12-05T12:27:51.623Z,ADA/USD,vwap_pullback,0.43081037999999994,32000,4800,8000,0,10807.539038404786,4656,4656,PASS
2025-12-05T12:27:52.535Z,LINKUSD,vwap_pullback,14.034390369999999,32000,4800,8000,0,0,92397.76994302275,4656,MAX_POSITION
2025-12-05T12:27:52.715Z,DOTUSDC,mean_reversion,2.2351328999999995,32000,4800,8000,0,0,87360.00000000108,4656,MAX_POSITION
2025-12-05T12:27:53.553Z,LINKUSDC,vwap_pullback,14.070756699999997,32000,4800,8000,0,0,72097.68243059493,4656,MAX_POSITION
2025-12-05T12:27:54.347Z,DOTUSDT,mean_reversion,2.2340317999999995,32000,4800,8000,0,0,87360.00000000172,4656,MAX_POSITION
2025-12-05T12:27:54.650Z,LINKUSDT,vwap_pullback,14.06292888,32000,4800,8000,0,0,79307.24258962595,4656,MAX_POSITION
2025-12-05T12:27:55.567Z,EURC/USDC,vwap_pullback,1.1670058399999998,32000,4800,8000,0,3989.6972580702773,4656,4656,PASS
2025-12-05T12:27:55.642Z,XETCZUSD,mean_reversion,13.519505999999998,32000,4800,8000,0,0,87360.0000000017,4656,MAX_POSITION
2025-12-05T12:27:55.969Z,XLTCZEUR,mean_reversion,70.66059,32000,4800,8000,0,0,87360.00000000051,4656,MAX_POSITION
2025-12-05T12:27:56.945Z,ETHFIEUR,mean_reversion,0.6906899999999999,32000,4800,8000,0,0,87360.00000000016,4656,MAX_POSITION
2025-12-05T12:27:57.336Z,XLTCZUSD,mean_reversion,82.29220999999998,32000,4800,8000,0,0,87360.00000000044,4656,MAX_POSITION
2025-12-05T12:27:58.679Z,EULEUR,mean_reversion,3.3213179999999998,32000,4800,8000,0,0,87360.00000000019,4656,MAX_POSITION
2025-12-05T12:27:58.751Z,MASKEUR,mean_reversion,0.5805799999999999,32000,4800,8000,0,0,87360.00000000077,4656,MAX_POSITION
2025-12-05T12:28:00.290Z,EWTUSD,mean_reversion,0.6906899999999999,32000,4800,8000,0,0,87360.00000000016,4656,MAX_POSITION
2025-12-05T12:28:00.805Z,MEUSD,mean_reversion,0.3322318999999999,32000,4800,8000,0,0,87360.00000000102,4656,MAX_POSITION
2025-12-05T12:28:01.601Z,FORTHUSD,mean_reversion,1.7327309999999998,32000,4800,8000,0,0,87360.00000000163,4656,MAX_POSITION
2025-12-05T12:28:02.467Z,NANOEUR,mean_reversion,0.707725018,32000,4800,8000,0,0,87360.00000000016,4656,MAX_POSITION
2025-12-05T12:28:02.620Z,FXSUSD,mean_reversion,0.805805,32000,4800,8000,0,0,87360.00000000052,4656,MAX_POSITION
2025-12-05T12:28:04.030Z,NANOUSD,mean_reversion,0.8157429279999999,32000,4800,8000,0,0,87360.00000000025,4656,MAX_POSITION
2025-12-05T12:28:04.063Z,KSMUSD,mean_reversion,8.438429999999999,32000,4800,8000,0,0,87360.00000000042,4656,MAX_POSITION
2025-12-05T12:28:04.724Z,SOL/USD,vwap_pullback,136.88674999999998,32000,4800,8000,0,34.01351847421318,4656,4656,PASS
2025-12-05T12:28:05.155Z,LINKEUR,vwap_pullback,12.058976929999998,32000,4800,8000,0,0,48025.841942492705,4656,MAX_POSITION
2025-12-05T12:28:05.323Z,NOSUSD,mean_reversion,0.266266,32000,4800,8000,0,0,87360.00000000048,4656,MAX_POSITION
2025-12-05T12:28:06.307Z,LINKUSD,vwap_pullback,14.034390369999999,32000,4800,8000,0,0,92397.76994302275,4656,MAX_POSITION
2025-12-05T12:28:06.827Z,OPEUR,mean_reversion,0.2720718,32000,4800,8000,0,0,87360.00000000038,4656,MAX_POSITION
2025-12-05T12:28:07.632Z,LINKUSDC,vwap_pullback,14.070756699999997,32000,4800,8000,0,0,72097.68243059493,4656,MAX_POSITION
2025-12-05T12:28:08.092Z,OPUSD,mean_reversion,0.3176173,32000,4800,8000,0,0,87360.00000000134,4656,MAX_POSITION
2025-12-05T12:28:08.710Z,LINKUSDT,vwap_pullback,14.06292888,32000,4800,8000,0,0,79307.24258962595,4656,MAX_POSITION
2025-12-05T12:28:09.246Z,ENA/USD,vwap_pullback,0.275275,32000,4800,8000,0,16913.99509581328,4656,4656,PASS
2025-12-05T12:28:09.369Z,PROVEEUR,mean_reversion,0.39519479999999996,32000,4800,8000,0,0,87360.0000000004,4656,MAX_POSITION
2025-12-05T12:28:09.827Z,XLTCZEUR,mean_reversion,70.66059,32000,4800,8000,0,0,87360.00000000051,4656,MAX_POSITION
2025-12-05T12:28:10.854Z,BAT/USD,vwap_pullback,0.254254,32000,4800,8000,0,18312.396265152172,4656,4656,PASS
2025-12-05T12:28:10.951Z,RUNEEUR,mean_reversion,0.5685679999999999,32000,4800,8000,0,0,87360.00000000109,4656,MAX_POSITION
2025-12-05T12:28:11.634Z,XLTCZUSD,mean_reversion,82.29220999999998,32000,4800,8000,0,0,87360.00000000044,4656,MAX_POSITION
2025-12-05T12:28:12.156Z,RUNEUSD,mean_reversion,0.6606599999999999,32000,4800,8000,0,0,87360.0000000008,4656,MAX_POSITION
2025-12-05T12:28:12.210Z,ADAAUD,mean_reversion,0.6494087599999999,32000,4800,8000,0,0,87360.00000000057,4656,MAX_POSITION
2025-12-05T12:28:12.224Z,CRV/USD,vwap_pullback,0.4030026,32000,4800,8000,0,11553.275338670272,4656,4656,PASS
2025-12-05T12:28:12.889Z,MASKEUR,mean_reversion,0.5805799999999999,32000,4800,8000,0,0,87360.00000000077,4656,MAX_POSITION
2025-12-05T12:28:13.157Z,SOSOUSD,mean_reversion,0.6021015,32000,4800,8000,0,0,87360.00000000112,4656,MAX_POSITION
2025-12-05T12:28:13.744Z,AKTEUR,mean_reversion,0.3914911,32000,4800,8000,0,0,87360.0000000005,4656,MAX_POSITION
2025-12-05T12:28:14.178Z,TONEUR,mean_reversion,1.3603589999999999,32000,4800,8000,0,0,87360.0000000007,4656,MAX_POSITION
2025-12-05T12:28:14.473Z,SUI/EUR,vwap_pullback,1.3972958999999998,32000,4800,8000,0,3332.1503340845707,4656,4656,PASS
2025-12-05T12:28:14.761Z,MEUSD,mean_reversion,0.3322318999999999,32000,4800,8000,0,0,87360.00000000102,4656,MAX_POSITION
2025-12-05T12:28:15.054Z,AUDUSD,vwap_pullback,0.66439373,32000,4800,8000,0,0,44110.42159902354,4656,MAX_POSITION
2025-12-05T12:28:15.446Z,TONUSD,mean_reversion,1.5825809999999998,32000,4800,8000,0,0,87360.00000000032,4656,MAX_POSITION
2025-12-05T12:28:15.647Z,AUDUSD,sma_trend_ride,0.66505746,32000,4800,8000,0,0,99956.03216352542,4656,MAX_POSITION
2025-12-05T12:28:16.155Z,ADA/USD,vwap_pullback,0.43070627599999994,32000,4800,8000,0,10810.151278129972,4656,4656,PASS
2025-12-05T12:28:16.207Z,NANOEUR,mean_reversion,0.707725018,32000,4800,8000,0,0,87360.00000000016,4656,MAX_POSITION
2025-12-05T12:28:16.508Z,TRUMPUSD,mean_reversion,5.875869999999999,32000,4800,8000,0,0,87360.00000000147,4656,MAX_POSITION
2025-12-05T12:28:16.563Z,CAKEUSD,mean_reversion,2.3143119999999997,32000,4800,8000,0,0,87360.00000000033,4656,MAX_POSITION
2025-12-05T12:28:17.655Z,NANOUSD,mean_reversion,0.8157429279999999,32000,4800,8000,0,0,87360.00000000025,4656,MAX_POSITION
2025-12-05T12:28:17.896Z,CVXUSD,mean_reversion,1.8248229999999999,32000,4800,8000,0,0,87360.00000000054,4656,MAX_POSITION
2025-12-05T12:28:19.058Z,NOSUSD,mean_reversion,0.266266,32000,4800,8000,0,0,87360.00000000048,4656,MAX_POSITION
2025-12-05T12:28:19.242Z,USDCHF,vwap_pullback,0.8044035999999999,32000,4800,8000,0,0,179826.573426572,4656,MAX_POSITION
2025-12-05T12:28:19.268Z,DOTEUR,mean_reversion,1.9209189999999998,32000,4800,8000,0,0,87360.00000000073,4656,MAX_POSITION
2025-12-05T12:28:19.971Z,EURC/USDC,vwap_pullback,1.1670058399999998,32000,4800,8000,0,3989.6972580702773,4656,4656,PASS
2025-12-05T12:28:20.401Z,XXRPZCAD,mean_reversion,2.89163875,32000,4800,8000,0,0,87359.99999999983,4656,MAX_POSITION
2025-12-05T12:28:20.643Z,OPEUR,mean_reversion,0.2720718,32000,4800,8000,0,0,87360.00000000038,4656,MAX_POSITION
2025-12-05T12:28:20.663Z,DOTGBP,mean_reversion,1.6742725999999999,32000,4800,8000,0,0,87360.00000000084,4656,MAX_POSITION
2025-12-05T12:28:21.986Z,XXRPZEUR,mean_reversion,1.7799081299999997,32000,4800,8000,0,0,87360.00000000127,4656,MAX_POSITION
2025-12-05T12:28:21.987Z,OPUSD,mean_reversion,0.3176173,32000,4800,8000,0,0,87360.00000000134,4656,MAX_POSITION
2025-12-05T12:28:22.185Z,DOTUSDC,mean_reversion,2.2351328999999995,32000,4800,8000,0,0,87360.00000000108,4656,MAX_POSITION
2025-12-05T12:28:23.401Z,XRPGBP,mean_reversion,1.55382227,32000,4800,8000,0,0,87360.00000000045,4656,MAX_POSITION
2025-12-05T12:28:23.597Z,PROVEEUR,mean_reversion,0.39519479999999996,32000,4800,8000,0,0,87360.0000000004,4656,MAX_POSITION
2025-12-05T12:28:23.827Z,DOTUSDT,mean_reversion,2.2340317999999995,32000,4800,8000,0,0,87360.00000000172,4656,MAX_POSITION
2025-12-05T12:28:24.430Z,XRPRLUSD,mean_reversion,2.0487466999999997,32000,4800,8000,0,0,87360.00000000096,4656,MAX_POSITION
2025-12-05T12:28:24.863Z,RUNEEUR,mean_reversion,0.5685679999999999,32000,4800,8000,0,0,87360.00000000109,4656,MAX_POSITION
2025-12-05T12:28:25.048Z,XETCZUSD,mean_reversion,13.519505999999998,32000,4800,8000,0,0,87360.0000000017,4656,MAX_POSITION
2025-12-05T12:28:25.437Z,XRPUSDT,mean_reversion,2.0729508799999996,32000,4800,8000,0,0,87360.00000000096,4656,MAX_POSITION
2025-12-05T12:28:26.200Z,RUNEUSD,mean_reversion,0.6606599999999999,32000,4800,8000,0,0,87360.0000000008,4656,MAX_POSITION
2025-12-05T12:28:26.448Z,ETHFIEUR,mean_reversion,0.6906899999999999,32000,4800,8000,0,0,87360.00000000016,4656,MAX_POSITION
2025-12-05T12:28:26.510Z,XTZEUR,mean_reversion,0.42062019999999994,32000,4800,8000,0,0,87360.0000000017,4656,MAX_POSITION
2025-12-05T12:28:27.304Z,SOSOUSD,mean_reversion,0.6021015,32000,4800,8000,0,0,87360.00000000112,4656,MAX_POSITION
2025-12-05T12:28:27.525Z,EULEUR,mean_reversion,3.3213179999999998,32000,4800,8000,0,0,87360.00000000019,4656,MAX_POSITION
2025-12-05T12:28:27.831Z,XTZUSD,mean_reversion,0.48788739999999997,32000,4800,8000,0,0,87360.00000000064,4656,MAX_POSITION
2025-12-05T12:28:28.812Z,TONEUR,mean_reversion,1.3603589999999999,32000,4800,8000,0,0,87360.0000000007,4656,MAX_POSITION
2025-12-05T12:28:29.521Z,SOL/USD,vwap_pullback,136.88674999999998,32000,4800,8000,0,34.01351847421318,4656,4656,PASS
2025-12-05T12:28:30.136Z,TONUSD,mean_reversion,1.5825809999999998,32000,4800,8000,0,0,87360.00000000032,4656,MAX_POSITION
2025-12-05T12:28:30.174Z,EWTUSD,mean_reversion,0.6906899999999999,32000,4800,8000,0,0,87360.00000000016,4656,MAX_POSITION
2025-12-05T12:28:31.229Z,TRUMPUSD,mean_reversion,5.875869999999999,32000,4800,8000,0,0,87360.00000000147,4656,MAX_POSITION
2025-12-05T12:28:31.425Z,FORTHUSD,mean_reversion,1.7327309999999998,32000,4800,8000,0,0,87360.00000000163,4656,MAX_POSITION
2025-12-05T12:28:32.553Z,FXSUSD,mean_reversion,0.805805,32000,4800,8000,0,0,87360.00000000052,4656,MAX_POSITION
2025-12-05T12:28:33.844Z,KSMUSD,mean_reversion,8.438429999999999,32000,4800,8000,0,0,87360.00000000042,4656,MAX_POSITION
2025-12-05T12:28:34.866Z,LINKEUR,vwap_pullback,12.058976929999998,32000,4800,8000,0,0,48025.841942492705,4656,MAX_POSITION
2025-12-05T12:28:34.964Z,USDCHF,vwap_pullback,0.80453373,32000,4800,8000,0,0,174565.79185519984,4656,MAX_POSITION
2025-12-05T12:28:35.894Z,USD/CHF,vwap_pullback,0.80453373,32000,4800,8000,0,5787.202980290212,4656,4656,PASS
2025-12-05T12:28:36.094Z,XXRPZCAD,mean_reversion,2.89163875,32000,4800,8000,0,0,87359.99999999983,4656,MAX_POSITION
2025-12-05T12:28:36.151Z,LINKUSD,vwap_pullback,14.034390369999999,32000,4800,8000,0,0,92397.76994302275,4656,MAX_POSITION
2025-12-05T12:28:37.404Z,XXRPZEUR,mean_reversion,1.7799081299999997,32000,4800,8000,0,0,87360.00000000127,4656,MAX_POSITION
2025-12-05T12:28:37.421Z,LINKUSDC,vwap_pullback,14.070756699999997,32000,4800,8000,0,0,72097.68243059493,4656,MAX_POSITION
2025-12-05T12:28:37.586Z,ENA/USD,vwap_pullback,0.275275,32000,4800,8000,0,16913.99509581328,4656,4656,PASS
2025-12-05T12:28:38.408Z,XRPGBP,mean_reversion,1.55382227,32000,4800,8000,0,0,87360.00000000045,4656,MAX_POSITION
2025-12-05T12:28:38.982Z,LINKUSDT,vwap_pullback,14.06292888,32000,4800,8000,0,0,79307.24258962595,4656,MAX_POSITION
2025-12-05T12:28:39.255Z,BAT/USD,vwap_pullback,0.254254,32000,4800,8000,0,18312.396265152172,4656,4656,PASS
2025-12-05T12:28:39.500Z,XRPRLUSD,mean_reversion,2.0487466999999997,32000,4800,8000,0,0,87360.00000000096,4656,MAX_POSITION
2025-12-05T12:28:40.457Z,XLTCZEUR,mean_reversion,70.66059,32000,4800,8000,0,0,87360.00000000051,4656,MAX_POSITION
2025-12-05T12:28:40.780Z,XRPUSDT,mean_reversion,2.0729508799999996,32000,4800,8000,0,0,87360.00000000096,4656,MAX_POSITION
2025-12-05T12:28:40.850Z,CRV/USD,vwap_pullback,0.4030026,32000,4800,8000,0,11553.275338670272,4656,4656,PASS
2025-12-05T12:28:41.941Z,XLTCZUSD,mean_reversion,82.29220999999998,32000,4800,8000,0,0,87360.00000000044,4656,MAX_POSITION
2025-12-05T12:28:42.299Z,XTZEUR,mean_reversion,0.41901859999999996,32000,4800,8000,0,0,87360.00000000077,4656,MAX_POSITION
2025-12-05T12:28:43.172Z,SUI/EUR,vwap_pullback,1.3972958999999998,32000,4800,8000,0,3332.1503340845707,4656,4656,PASS
2025-12-05T12:28:43.437Z,XTZUSD,mean_reversion,0.48788739999999997,32000,4800,8000,0,0,87360.00000000064,4656,MAX_POSITION
2025-12-05T12:28:43.462Z,MASKEUR,mean_reversion,0.5805799999999999,32000,4800,8000,0,0,87360.00000000077,4656,MAX_POSITION
2025-12-05T12:28:44.563Z,ADA/USD,vwap_pullback,0.43070627599999994,32000,4800,8000,0,10810.151278129972,4656,4656,PASS
2025-12-05T12:28:45.131Z,MEUSD,mean_reversion,0.3322318999999999,32000,4800,8000,0,0,87360.00000000102,4656,MAX_POSITION
2025-12-05T12:28:47.081Z,NANOEUR,mean_reversion,0.707725018,32000,4800,8000,0,0,87360.00000000016,4656,MAX_POSITION
2025-12-05T12:28:47.978Z,EURC/USDC,vwap_pullback,1.1670058399999998,32000,4800,8000,0,3989.6972580702773,4656,4656,PASS
2025-12-05T12:28:48.876Z,NANOUSD,mean_reversion,0.8157429279999999,32000,4800,8000,0,0,87360.00000000025,4656,MAX_POSITION
2025-12-05T12:28:49.847Z,NOSUSD,mean_reversion,0.266266,32000,4800,8000,0,0,87360.00000000048,4656,MAX_POSITION
2025-12-05T12:28:51.372Z,OPEUR,mean_reversion,0.2720718,32000,4800,8000,0,0,87360.00000000038,4656,MAX_POSITION
2025-12-05T12:28:52.369Z,OPUSD,mean_reversion,0.3176173,32000,4800,8000,0,0,87360.00000000134,4656,MAX_POSITION
2025-12-05T12:28:53.441Z,PROVEEUR,mean_reversion,0.39519479999999996,32000,4800,8000,0,0,87360.0000000004,4656,MAX_POSITION
2025-12-05T12:28:54.891Z,RUNEEUR,mean_reversion,0.5685679999999999,32000,4800,8000,0,0,87360.00000000109,4656,MAX_POSITION
2025-12-05T12:28:56.587Z,RUNEUSD,mean_reversion,0.6606599999999999,32000,4800,8000,0,0,87360.0000000008,4656,MAX_POSITION
2025-12-05T12:28:57.466Z,SOL/USD,vwap_pullback,136.88674999999998,32000,4800,8000,0,34.01351847421318,4656,4656,PASS
2025-12-05T12:28:57.634Z,SOSOUSD,mean_reversion,0.6021015,32000,4800,8000,0,0,87360.00000000112,4656,MAX_POSITION
2025-12-05T12:28:58.962Z,TONEUR,mean_reversion,1.3603589999999999,32000,4800,8000,0,0,87360.0000000007,4656,MAX_POSITION
2025-12-05T12:29:00.299Z,TONUSD,mean_reversion,1.5825809999999998,32000,4800,8000,0,0,87360.00000000032,4656,MAX_POSITION
2025-12-05T12:29:01.511Z,TRUMPUSD,mean_reversion,5.875869999999999,32000,4800,8000,0,0,87360.00000000147,4656,MAX_POSITION
2025-12-05T12:29:01.944Z,ADAAUD,mean_reversion,0.6494087599999999,32000,4800,8000,0,0,87360.00000000057,4656,MAX_POSITION
2025-12-05T12:29:02.393Z,ICP/USD,vwap_pullback,3.534531,32000,4800,8000,0,1317.289337680162,4656,4656,PASS
2025-12-05T12:29:03.575Z,AKTEUR,mean_reversion,0.3914911,32000,4800,8000,0,0,87360.0000000005,4656,MAX_POSITION
2025-12-05T12:29:03.914Z,USDCHF,vwap_pullback,0.80453373,32000,4800,8000,0,0,174565.79185519984,4656,MAX_POSITION
2025-12-05T12:29:05.108Z,AUDUSD,vwap_pullback,0.6645739099999999,32000,4800,8000,0,0,43579.630146455434,4656,MAX_POSITION
2025-12-05T12:29:05.154Z,XXRPZCAD,mean_reversion,2.89163875,32000,4800,8000,0,0,87359.99999999983,4656,MAX_POSITION
2025-12-05T12:29:05.579Z,BAT/USD,vwap_pullback,0.254254,32000,4800,8000,0,18312.396265152172,4656,4656,PASS
2025-12-05T12:29:05.703Z,AUDUSD,sma_trend_ride,0.66523782,32000,4800,8000,0,0,97370.20722651506,4656,MAX_POSITION
2025-12-05T12:29:06.722Z,XXRPZEUR,mean_reversion,1.7799081299999997,32000,4800,8000,0,0,87360.00000000127,4656,MAX_POSITION
2025-12-05T12:29:06.815Z,CAKEUSD,mean_reversion,2.3143119999999997,32000,4800,8000,0,0,87360.00000000033,4656,MAX_POSITION
2025-12-05T12:29:07.496Z,CRV/USD,vwap_pullback,0.4030026,32000,4800,8000,0,11553.275338670272,4656,4656,PASS
2025-12-05T12:29:07.874Z,CVXUSD,mean_reversion,1.8248229999999999,32000,4800,8000,0,0,87360.00000000054,4656,MAX_POSITION
2025-12-05T12:29:07.944Z,XRPGBP,mean_reversion,1.55382227,32000,4800,8000,0,0,87360.00000000045,4656,MAX_POSITION
2025-12-05T12:29:09.011Z,XRPRLUSD,mean_reversion,2.0487466999999997,32000,4800,8000,0,0,87360.00000000096,4656,MAX_POSITION
2025-12-05T12:29:09.230Z,DOTEUR,mean_reversion,1.9209189999999998,32000,4800,8000,0,0,87360.00000000073,4656,MAX_POSITION
2025-12-05T12:29:10.086Z,XRPUSDT,mean_reversion,2.0729508799999996,32000,4800,8000,0,0,87360.00000000096,4656,MAX_POSITION
2025-12-05T12:29:10.142Z,SUI/EUR,vwap_pullback,1.3972958999999998,32000,4800,8000,0,3332.1503340845707,4656,4656,PASS
2025-12-05T12:29:10.264Z,DOTGBP,mean_reversion,1.6742725999999999,32000,4800,8000,0,0,87360.00000000084,4656,MAX_POSITION
2025-12-05T12:29:11.396Z,XTZEUR,mean_reversion,0.41901859999999996,32000,4800,8000,0,0,87360.00000000077,4656,MAX_POSITION
2025-12-05T12:29:11.536Z,DOTUSDC,mean_reversion,2.2351328999999995,32000,4800,8000,0,0,87360.00000000108,4656,MAX_POSITION
2025-12-05T12:29:12.105Z,ADAAUD,mean_reversion,0.6494087599999999,32000,4800,8000,0,0,87360.00000000057,4656,MAX_POSITION
2025-12-05T12:29:12.332Z,ADA/USD,vwap_pullback,0.43070627599999994,32000,4800,8000,0,10810.151278129972,4656,4656,PASS
2025-12-05T12:29:12.546Z,DOTUSDT,mean_reversion,2.2340317999999995,32000,4800,8000,0,0,87360.00000000172,4656,MAX_POSITION
2025-12-05T12:29:12.932Z,XTZUSD,mean_reversion,0.48788739999999997,32000,4800,8000,0,0,87360.00000000064,4656,MAX_POSITION
2025-12-05T12:29:13.372Z,AKTEUR,mean_reversion,0.3914911,32000,4800,8000,0,0,87360.0000000005,4656,MAX_POSITION
2025-12-05T12:29:13.655Z,XETCZUSD,mean_reversion,13.519505999999998,32000,4800,8000,0,0,87360.0000000017,4656,MAX_POSITION
2025-12-05T12:29:14.643Z,AUDUSD,vwap_pullback,0.6645739099999999,32000,4800,8000,0,0,43579.630146455434,4656,MAX_POSITION
2025-12-05T12:29:15.184Z,ETHFIEUR,mean_reversion,0.6906899999999999,32000,4800,8000,0,0,87360.00000000016,4656,MAX_POSITION
2025-12-05T12:29:15.248Z,AUDUSD,sma_trend_ride,0.66523782,32000,4800,8000,0,0,97370.20722651506,4656,MAX_POSITION
2025-12-05T12:29:16.246Z,EULEUR,mean_reversion,3.3213179999999998,32000,4800,8000,0,0,87360.00000000019,4656,MAX_POSITION
2025-12-05T12:29:16.624Z,EURC/USDC,vwap_pullback,1.1670058399999998,32000,4800,8000,0,3989.6972580702773,4656,4656,PASS
2025-12-05T12:29:16.771Z,CAKEUSD,mean_reversion,2.3143119999999997,32000,4800,8000,0,0,87360.00000000033,4656,MAX_POSITION
2025-12-05T12:29:18.045Z,CVXUSD,mean_reversion,1.8248229999999999,32000,4800,8000,0,0,87360.00000000054,4656,MAX_POSITION
2025-12-05T12:29:18.505Z,EWTUSD,mean_reversion,0.6906899999999999,32000,4800,8000,0,0,87360.00000000016,4656,MAX_POSITION
2025-12-05T12:29:18.909Z,DOTEUR,mean_reversion,1.9209189999999998,32000,4800,8000,0,0,87360.00000000073,4656,MAX_POSITION
2025-12-05T12:29:19.521Z,FORTHUSD,mean_reversion,1.7327309999999998,32000,4800,8000,0,0,87360.00000000163,4656,MAX_POSITION
2025-12-05T12:29:20.455Z,DOTGBP,mean_reversion,1.6742725999999999,32000,4800,8000,0,0,87360.00000000084,4656,MAX_POSITION
2025-12-05T12:29:20.774Z,FXSUSD,mean_reversion,0.805805,32000,4800,8000,0,0,87360.00000000052,4656,MAX_POSITION
2025-12-05T12:29:21.990Z,DOTUSDC,mean_reversion,2.2351328999999995,32000,4800,8000,0,0,87360.00000000108,4656,MAX_POSITION
2025-12-05T12:29:22.117Z,KSMUSD,mean_reversion,8.438429999999999,32000,4800,8000,0,0,87360.00000000042,4656,MAX_POSITION
2025-12-05T12:29:23.094Z,LINKEUR,vwap_pullback,12.058976929999998,32000,4800,8000,0,0,48025.841942492705,4656,MAX_POSITION
2025-12-05T12:29:23.323Z,DOTUSDT,mean_reversion,2.2340317999999995,32000,4800,8000,0,0,87360.00000000172,4656,MAX_POSITION
2025-12-05T12:29:24.354Z,LINKUSD,vwap_pullback,14.03527125,32000,4800,8000,0,0,91848.71039038336,4656,MAX_POSITION
2025-12-05T12:29:24.652Z,XETCZUSD,mean_reversion,13.519505999999998,32000,4800,8000,0,0,87360.0000000017,4656,MAX_POSITION
2025-12-05T12:29:25.009Z,SOL/USD,vwap_pullback,136.87673999999998,32000,4800,8000,0,34.01600593351362,4656,4656,PASS
2025-12-05T12:29:25.312Z,LINKUSDC,vwap_pullback,14.070756699999997,32000,4800,8000,0,0,72097.68243059493,4656,MAX_POSITION
2025-12-05T12:29:26.163Z,ETHFIEUR,mean_reversion,0.6906899999999999,32000,4800,8000,0,0,87360.00000000016,4656,MAX_POSITION
2025-12-05T12:29:26.586Z,LINKUSDT,vwap_pullback,14.06292888,32000,4800,8000,0,0,79307.24258962595,4656,MAX_POSITION
2025-12-05T12:29:27.149Z,EULEUR,mean_reversion,3.3213179999999998,32000,4800,8000,0,0,87360.00000000019,4656,MAX_POSITION
2025-12-05T12:29:27.600Z,XLTCZEUR,mean_reversion,70.66059,32000,4800,8000,0,0,87360.00000000051,4656,MAX_POSITION
2025-12-05T12:29:28.958Z,EWTUSD,mean_reversion,0.6906899999999999,32000,4800,8000,0,0,87360.00000000016,4656,MAX_POSITION
2025-12-05T12:29:28.970Z,XLTCZUSD,mean_reversion,82.29220999999998,32000,4800,8000,0,0,87360.00000000044,4656,MAX_POSITION
2025-12-05T12:29:29.979Z,FORTHUSD,mean_reversion,1.7327309999999998,32000,4800,8000,0,0,87360.00000000163,4656,MAX_POSITION
2025-12-05T12:29:30.097Z,ICP/USD,vwap_pullback,3.534531,32000,4800,8000,0,1317.289337680162,4656,4656,PASS
2025-12-05T12:29:30.511Z,MASKEUR,mean_reversion,0.5805799999999999,32000,4800,8000,0,0,87360.00000000077,4656,MAX_POSITION
2025-12-05T12:29:31.509Z,FXSUSD,mean_reversion,0.805805,32000,4800,8000,0,0,87360.00000000052,4656,MAX_POSITION
2025-12-05T12:29:32.235Z,MEUSD,mean_reversion,0.3322318999999999,32000,4800,8000,0,0,87360.00000000102,4656,MAX_POSITION
2025-12-05T12:29:32.789Z,KSMUSD,mean_reversion,8.438429999999999,32000,4800,8000,0,0,87360.00000000042,4656,MAX_POSITION
2025-12-05T12:29:33.856Z,LINKEUR,vwap_pullback,12.058976929999998,32000,4800,8000,0,0,48025.841942492705,4656,MAX_POSITION
2025-12-05T12:29:34.166Z,NANOEUR,mean_reversion,0.707725018,32000,4800,8000,0,0,87360.00000000016,4656,MAX_POSITION
2025-12-05T12:29:34.923Z,LINKUSD,vwap_pullback,14.038834809999999,32000,4800,8000,0,0,89693.19458189693,4656,MAX_POSITION
2025-12-05T12:29:35.458Z,NANOUSD,mean_reversion,0.8157429279999999,32000,4800,8000,0,0,87360.00000000025,4656,MAX_POSITION
2025-12-05T12:29:36.448Z,NOSUSD,mean_reversion,0.266266,32000,4800,8000,0,0,87360.00000000048,4656,MAX_POSITION
2025-12-05T12:29:36.640Z,LINKUSDC,vwap_pullback,14.070756699999997,32000,4800,8000,0,0,72097.68243059493,4656,MAX_POSITION
2025-12-05T12:29:37.451Z,WLD/USD,vwap_pullback,0.6046039999999999,32000,4800,8000,0,7700.90836316002,4656,4656,PASS
2025-12-05T12:29:37.780Z,OPEUR,mean_reversion,0.2720718,32000,4800,8000,0,0,87360.00000000038,4656,MAX_POSITION
2025-12-05T12:29:37.925Z,LINKUSDT,vwap_pullback,14.06292888,32000,4800,8000,0,0,79307.24258962595,4656,MAX_POSITION
2025-12-05T12:29:39.085Z,OPUSD,mean_reversion,0.3176173,32000,4800,8000,0,0,87360.00000000134,4656,MAX_POSITION
2025-12-05T12:29:39.509Z,XLTCZEUR,mean_reversion,70.66059,32000,4800,8000,0,0,87360.00000000051,4656,MAX_POSITION
2025-12-05T12:29:40.121Z,PROVEEUR,mean_reversion,0.39519479999999996,32000,4800,8000,0,0,87360.0000000004,4656,MAX_POSITION
2025-12-05T12:29:40.767Z,XLTCZUSD,mean_reversion,82.29220999999998,32000,4800,8000,0,0,87360.00000000044,4656,MAX_POSITION
2025-12-05T12:29:41.111Z,RUNEEUR,mean_reversion,0.5685679999999999,32000,4800,8000,0,0,87360.00000000109,4656,MAX_POSITION
2025-12-05T12:29:41.873Z,CRV/USD,vwap_pullback,0.40260219999999997,32000,4800,8000,0,11564.765418569497,4656,4656,PASS
2025-12-05T12:29:42.018Z,MASKEUR,mean_reversion,0.5805799999999999,32000,4800,8000,0,0,87360.00000000077,4656,MAX_POSITION
2025-12-05T12:29:42.638Z,RUNEUSD,mean_reversion,0.6606599999999999,32000,4800,8000,0,0,87360.0000000008,4656,MAX_POSITION
2025-12-05T12:29:43.248Z,MEUSD,mean_reversion,0.3322318999999999,32000,4800,8000,0,0,87360.00000000102,4656,MAX_POSITION
2025-12-05T12:29:44.029Z,SUI/EUR,vwap_pullback,1.3972958999999998,32000,4800,8000,0,3332.1503340845707,4656,4656,PASS
2025-12-05T12:29:44.104Z,SOSOUSD,mean_reversion,0.6021015,32000,4800,8000,0,0,87360.00000000112,4656,MAX_POSITION
2025-12-05T12:29:45.110Z,TONEUR,mean_reversion,1.3603589999999999,32000,4800,8000,0,0,87360.0000000007,4656,MAX_POSITION
2025-12-05T12:29:45.644Z,ADA/USD,vwap_pullback,0.43070627599999994,32000,4800,8000,0,10810.151278129972,4656,4656,PASS
2025-12-05T12:29:46.084Z,NANOEUR,mean_reversion,0.707725018,32000,4800,8000,0,0,87360.00000000016,4656,MAX_POSITION
2025-12-05T12:29:46.090Z,TONUSD,mean_reversion,1.5825809999999998,32000,4800,8000,0,0,87360.00000000032,4656,MAX_POSITION
2025-12-05T12:29:47.207Z,TRUMPUSD,mean_reversion,5.875869999999999,32000,4800,8000,0,0,87360.00000000147,4656,MAX_POSITION
2025-12-05T12:29:47.656Z,NANOUSD,mean_reversion,0.8157429279999999,32000,4800,8000,0,0,87360.00000000025,4656,MAX_POSITION
2025-12-05T12:29:48.917Z,NOSUSD,mean_reversion,0.266266,32000,4800,8000,0,0,87360.00000000048,4656,MAX_POSITION
2025-12-05T12:29:49.629Z,EURC/USDC,vwap_pullback,1.1670058399999998,32000,4800,8000,0,3989.6972580702773,4656,4656,PASS
2025-12-05T12:29:49.816Z,USDCHF,vwap_pullback,0.8045036999999999,32000,4800,8000,0,0,175752.16400910835,4656,MAX_POSITION
2025-12-05T12:29:50.114Z,OPEUR,mean_reversion,0.2720718,32000,4800,8000,0,0,87360.00000000038,4656,MAX_POSITION
2025-12-05T12:29:50.631Z,XXRPZCAD,mean_reversion,2.89163875,32000,4800,8000,0,0,87359.99999999983,4656,MAX_POSITION
2025-12-05T12:29:51.157Z,OPUSD,mean_reversion,0.3176173,32000,4800,8000,0,0,87360.00000000134,4656,MAX_POSITION
2025-12-05T12:29:51.630Z,XXRPZEUR,mean_reversion,1.7799081299999997,32000,4800,8000,0,0,87360.00000000127,4656,MAX_POSITION
2025-12-05T12:29:52.422Z,PROVEEUR,mean_reversion,0.39519479999999996,32000,4800,8000,0,0,87360.0000000004,4656,MAX_POSITION
2025-12-05T12:29:53.591Z,XRPGBP,mean_reversion,1.5539423899999998,32000,4800,8000,0,0,87360.0000000006,4656,MAX_POSITION
2025-12-05T12:29:53.765Z,RUNEEUR,mean_reversion,0.5685679999999999,32000,4800,8000,0,0,87360.00000000109,4656,MAX_POSITION
2025-12-05T12:29:54.801Z,XRPRLUSD,mean_reversion,2.0487466999999997,32000,4800,8000,0,0,87360.00000000096,4656,MAX_POSITION
2025-12-05T12:29:55.094Z,RUNEUSD,mean_reversion,0.6606599999999999,32000,4800,8000,0,0,87360.0000000008,4656,MAX_POSITION
2025-12-05T12:29:56.033Z,XRPUSDT,mean_reversion,2.0729508799999996,32000,4800,8000,0,0,87360.00000000096,4656,MAX_POSITION
2025-12-05T12:29:56.851Z,SOSOUSD,mean_reversion,0.6021015,32000,4800,8000,0,0,87360.00000000112,4656,MAX_POSITION
2025-12-05T12:29:57.064Z,XTZEUR,mean_reversion,0.41901859999999996,32000,4800,8000,0,0,87360.00000000077,4656,MAX_POSITION
2025-12-05T12:29:58.390Z,XTZUSD,mean_reversion,0.48788739999999997,32000,4800,8000,0,0,87360.00000000064,4656,MAX_POSITION
2025-12-05T12:29:58.422Z,TONEUR,mean_reversion,1.36136,32000,4800,8000,0,0,87360.0000000008,4656,MAX_POSITION
2025-12-05T12:29:59.240Z,SOL/USD,vwap_pullback,136.88674999999998,32000,4800,8000,0,34.01351847421318,4656,4656,PASS
2025-12-05T12:29:59.552Z,TONUSD,mean_reversion,1.5825809999999998,32000,4800,8000,0,0,87360.00000000032,4656,MAX_POSITION
2025-12-05T12:29:59.597Z,ADAAUD,mean_reversion,0.6494087599999999,32000,4800,8000,0,0,87360.00000000057,4656,MAX_POSITION
2025-12-05T12:30:01.048Z,AKTEUR,mean_reversion,0.3914911,32000,4800,8000,0,0,87360.0000000005,4656,MAX_POSITION
2025-12-05T12:30:01.144Z,TRUMPUSD,mean_reversion,5.875869999999999,32000,4800,8000,0,0,87360.00000000147,4656,MAX_POSITION
2025-12-05T12:30:02.142Z,AUDUSD,vwap_pullback,0.6645739099999999,32000,4800,8000,0,0,43579.630146455434,4656,MAX_POSITION
2025-12-05T12:30:02.733Z,AUDUSD,sma_trend_ride,0.66523782,32000,4800,8000,0,0,97370.20722651506,4656,MAX_POSITION
2025-12-05T12:30:03.860Z,USDCHF,vwap_pullback,0.8044936899999999,32000,4800,8000,0,0,176151.23287670923,4656,MAX_POSITION
2025-12-05T12:30:03.931Z,CAKEUSD,mean_reversion,2.3143119999999997,32000,4800,8000,0,0,87360.00000000033,4656,MAX_POSITION
2025-12-05T12:30:04.975Z,ICP/USD,vwap_pullback,3.534531,32000,4800,8000,0,1317.289337680162,4656,4656,PASS
2025-12-05T12:30:05.177Z,CVXUSD,mean_reversion,1.8248229999999999,32000,4800,8000,0,0,87360.00000000054,4656,MAX_POSITION
2025-12-05T12:30:06.256Z,XXRPZCAD,mean_reversion,2.89163875,32000,4800,8000,0,0,87359.99999999983,4656,MAX_POSITION
2025-12-05T12:30:06.409Z,DOTEUR,mean_reversion,1.9209189999999998,32000,4800,8000,0,0,87360.00000000073,4656,MAX_POSITION
2025-12-05T12:30:07.251Z,XXRPZEUR,mean_reversion,1.7798981199999997,32000,4800,8000,0,0,87360.00000000127,4656,MAX_POSITION
2025-12-05T12:30:07.674Z,DOTGBP,mean_reversion,1.6742725999999999,32000,4800,8000,0,0,87360.00000000084,4656,MAX_POSITION
2025-12-05T12:30:08.279Z,XRPGBP,mean_reversion,1.5539423899999998,32000,4800,8000,0,0,87360.0000000006,4656,MAX_POSITION
2025-12-05T12:30:08.937Z,DOTUSDC,mean_reversion,2.2351328999999995,32000,4800,8000,0,0,87360.00000000108,4656,MAX_POSITION
2025-12-05T12:30:09.687Z,XRPRLUSD,mean_reversion,2.0487466999999997,32000,4800,8000,0,0,87360.00000000096,4656,MAX_POSITION
2025-12-05T12:30:10.264Z,DOTUSDT,mean_reversion,2.2340317999999995,32000,4800,8000,0,0,87360.00000000172,4656,MAX_POSITION
2025-12-05T12:30:10.728Z,XRPUSDT,mean_reversion,2.0729508799999996,32000,4800,8000,0,0,87360.00000000096,4656,MAX_POSITION
2025-12-05T12:30:11.602Z,XETCZUSD,mean_reversion,13.519505999999998,32000,4800,8000,0,0,87360.0000000017,4656,MAX_POSITION
2025-12-05T12:30:12.230Z,XTZEUR,mean_reversion,0.41901859999999996,32000,4800,8000,0,0,87360.00000000077,4656,MAX_POSITION
2025-12-05T12:30:12.351Z,ADAAUD,mean_reversion,0.6494087599999999,32000,4800,8000,0,0,87360.00000000057,4656,MAX_POSITION
2025-12-05T12:30:12.701Z,ETHFIEUR,mean_reversion,0.6906899999999999,32000,4800,8000,0,0,87360.00000000016,4656,MAX_POSITION
2025-12-05T12:30:13.243Z,WLD/USD,vwap_pullback,0.6046039999999999,32000,4800,8000,0,7700.90836316002,4656,4656,PASS
2025-12-05T12:30:13.401Z,XTZUSD,mean_reversion,0.48788739999999997,32000,4800,8000,0,0,87360.00000000064,4656,MAX_POSITION
2025-12-05T12:30:13.610Z,AKTEUR,mean_reversion,0.3914911,32000,4800,8000,0,0,87360.0000000005,4656,MAX_POSITION
2025-12-05T12:30:13.955Z,EULEUR,mean_reversion,3.3213179999999998,32000,4800,8000,0,0,87360.00000000019,4656,MAX_POSITION
2025-12-05T12:30:14.893Z,AUDUSD,vwap_pullback,0.6645739099999999,32000,4800,8000,0,0,43579.630146455434,4656,MAX_POSITION
2025-12-05T12:30:15.478Z,GOMINING/USD,vwap_bounce,0.37077039999999994,32000,4800,8000,0,12557.636747701545,4656,4656,PASS
2025-12-05T12:30:15.495Z,AUDUSD,sma_trend_ride,0.66523782,32000,4800,8000,0,0,97370.20722651506,4656,MAX_POSITION
2025-12-05T12:30:15.946Z,EWTUSD,mean_reversion,0.6906899999999999,32000,4800,8000,0,0,87360.00000000016,4656,MAX_POSITION
2025-12-05T12:30:16.732Z,CAKEUSD,mean_reversion,2.3143119999999997,32000,4800,8000,0,0,87360.00000000033,4656,MAX_POSITION
2025-12-05T12:30:17.346Z,FORTHUSD,mean_reversion,1.7327309999999998,32000,4800,8000,0,0,87360.00000000163,4656,MAX_POSITION
2025-12-05T12:30:17.994Z,CVXUSD,mean_reversion,1.8248229999999999,32000,4800,8000,0,0,87360.00000000054,4656,MAX_POSITION
2025-12-05T12:30:18.864Z,DOTEUR,mean_reversion,1.9209189999999998,32000,4800,8000,0,0,87360.00000000073,4656,MAX_POSITION
2025-12-05T12:30:18.866Z,FXSUSD,mean_reversion,0.805805,32000,4800,8000,0,0,87360.00000000052,4656,MAX_POSITION
2025-12-05T12:30:19.889Z,KSMUSD,mean_reversion,8.438429999999999,32000,4800,8000,0,0,87360.00000000042,4656,MAX_POSITION
2025-12-05T12:30:20.117Z,DOTGBP,mean_reversion,1.6758741999999998,32000,4800,8000,0,0,87360.00000000054,4656,MAX_POSITION
2025-12-05T12:30:20.854Z,LINKEUR,vwap_pullback,12.059527479999998,32000,4800,8000,0,0,47921.08880260867,4656,MAX_POSITION
2025-12-05T12:30:21.406Z,DOTUSDC,mean_reversion,2.2351328999999995,32000,4800,8000,0,0,87360.00000000108,4656,MAX_POSITION
2025-12-05T12:30:22.116Z,LINKUSD,vwap_pullback,14.033309289999998,32000,4800,8000,0,0,93081.14183962649,4656,MAX_POSITION
2025-12-05T12:30:22.632Z,ADA/USD,vwap_pullback,0.43069326299999994,32000,4800,8000,0,10810.477896887838,4656,4656,PASS
2025-12-05T12:30:22.782Z,DOTUSDT,mean_reversion,2.2340317999999995,32000,4800,8000,0,0,87360.00000000172,4656,MAX_POSITION
2025-12-05T12:30:23.263Z,LINKUSDC,vwap_pullback,14.070756699999997,32000,4800,8000,0,0,72097.68243059493,4656,MAX_POSITION
2025-12-05T12:30:24.015Z,XETCZUSD,mean_reversion,13.519505999999998,32000,4800,8000,0,0,87360.0000000017,4656,MAX_POSITION
2025-12-05T12:30:24.789Z,LINKUSDT,vwap_pullback,14.06292888,32000,4800,8000,0,0,79307.24258962595,4656,MAX_POSITION
2025-12-05T12:30:25.530Z,ETHFIEUR,mean_reversion,0.6906899999999999,32000,4800,8000,0,0,87360.00000000016,4656,MAX_POSITION
2025-12-05T12:30:25.754Z,XLTCZEUR,mean_reversion,70.73065999999999,32000,4800,8000,0,0,87360.00000000178,4656,MAX_POSITION
2025-12-05T12:30:26.707Z,EURC/USDC,vwap_pullback,1.1670058399999998,32000,4800,8000,0,3989.6972580702773,4656,4656,PASS
2025-12-05T12:30:26.788Z,EULEUR,mean_reversion,3.3213179999999998,32000,4800,8000,0,0,87360.00000000019,4656,MAX_POSITION
2025-12-05T12:30:28.075Z,XLTCZUSD,mean_reversion,82.33224999999999,32000,4800,8000,0,0,87360.00000000068,4656,MAX_POSITION
2025-12-05T12:30:28.210Z,EWTUSD,mean_reversion,0.6906899999999999,32000,4800,8000,0,0,87360.00000000016,4656,MAX_POSITION
2025-12-05T12:30:29.296Z,FORTHUSD,mean_reversion,1.7327309999999998,32000,4800,8000,0,0,87360.00000000163,4656,MAX_POSITION
2025-12-05T12:30:29.597Z,MASKEUR,mean_reversion,0.5805799999999999,32000,4800,8000,0,0,87360.00000000077,4656,MAX_POSITION
2025-12-05T12:30:30.564Z,FXSUSD,mean_reversion,0.805805,32000,4800,8000,0,0,87360.00000000052,4656,MAX_POSITION
2025-12-05T12:30:31.002Z,MEUSD,mean_reversion,0.3322318999999999,32000,4800,8000,0,0,87360.00000000102,4656,MAX_POSITION
2025-12-05T12:30:31.511Z,KSMUSD,mean_reversion,8.438429999999999,32000,4800,8000,0,0,87360.00000000042,4656,MAX_POSITION
2025-12-05T12:30:32.471Z,NANOEUR,mean_reversion,0.707725018,32000,4800,8000,0,0,87360.00000000016,4656,MAX_POSITION
2025-12-05T12:30:32.999Z,LINKEUR,vwap_pullback,12.059527479999998,32000,4800,8000,0,0,47921.08880260867,4656,MAX_POSITION
2025-12-05T12:30:33.887Z,NANOUSD,mean_reversion,0.8157429279999999,32000,4800,8000,0,0,87360.00000000025,4656,MAX_POSITION
2025-12-05T12:30:34.399Z,LINKUSD,vwap_pullback,14.033309289999998,32000,4800,8000,0,0,93081.14183962649,4656,MAX_POSITION
2025-12-05T12:30:35.109Z,SOL/USD,vwap_pullback,136.9368,32000,4800,8000,0,34.001086632665576,4656,4656,PASS
2025-12-05T12:30:35.500Z,NOSUSD,mean_reversion,0.266266,32000,4800,8000,0,0,87360.00000000048,4656,MAX_POSITION
2025-12-05T12:30:35.717Z,LINKUSDC,vwap_pullback,14.070756699999997,32000,4800,8000,0,0,72097.68243059493,4656,MAX_POSITION
2025-12-05T12:30:36.798Z,OPEUR,mean_reversion,0.2720718,32000,4800,8000,0,0,87360.00000000038,4656,MAX_POSITION
2025-12-05T12:30:37.549Z,LINKUSDT,vwap_pullback,14.06292888,32000,4800,8000,0,0,79307.24258962595,4656,MAX_POSITION
2025-12-05T12:30:38.372Z,OPUSD,mean_reversion,0.3176173,32000,4800,8000,0,0,87360.00000000134,4656,MAX_POSITION
2025-12-05T12:30:38.869Z,XLTCZEUR,mean_reversion,70.73065999999999,32000,4800,8000,0,0,87360.00000000178,4656,MAX_POSITION
2025-12-05T12:30:39.700Z,PROVEEUR,mean_reversion,0.39519479999999996,32000,4800,8000,0,0,87360.0000000004,4656,MAX_POSITION
2025-12-05T12:30:39.892Z,XLTCZUSD,mean_reversion,82.33224999999999,32000,4800,8000,0,0,87360.00000000068,4656,MAX_POSITION
2025-12-05T12:30:40.153Z,ICP/USD,vwap_pullback,3.5335299999999994,32000,4800,8000,0,1317.6625074642075,4656,4656,PASS
2025-12-05T12:30:40.863Z,MASKEUR,mean_reversion,0.5805799999999999,32000,4800,8000,0,0,87360.00000000077,4656,MAX_POSITION
2025-12-05T12:30:41.216Z,RUNEEUR,mean_reversion,0.5685679999999999,32000,4800,8000,0,0,87360.00000000109,4656,MAX_POSITION
2025-12-05T12:30:42.422Z,RUNEUSD,mean_reversion,0.6606599999999999,32000,4800,8000,0,0,87360.0000000008,4656,MAX_POSITION
2025-12-05T12:30:42.507Z,MEUSD,mean_reversion,0.3322318999999999,32000,4800,8000,0,0,87360.00000000102,4656,MAX_POSITION
2025-12-05T12:30:43.411Z,SOSOUSD,mean_reversion,0.6021015,32000,4800,8000,0,0,87360.00000000112,4656,MAX_POSITION
2025-12-05T12:30:44.399Z,NANOEUR,mean_reversion,0.707725018,32000,4800,8000,0,0,87360.00000000016,4656,MAX_POSITION
2025-12-05T12:30:44.773Z,TONEUR,mean_reversion,1.36136,32000,4800,8000,0,0,87360.0000000008,4656,MAX_POSITION
2025-12-05T12:30:45.989Z,NANOUSD,mean_reversion,0.8157429279999999,32000,4800,8000,0,0,87360.00000000025,4656,MAX_POSITION
2025-12-05T12:30:46.056Z,TONUSD,mean_reversion,1.5825809999999998,32000,4800,8000,0,0,87360.00000000032,4656,MAX_POSITION
2025-12-05T12:30:47.021Z,NOSUSD,mean_reversion,0.266266,32000,4800,8000,0,0,87360.00000000048,4656,MAX_POSITION
2025-12-05T12:30:47.365Z,TRUMPUSD,mean_reversion,5.875869999999999,32000,4800,8000,0,0,87360.00000000147,4656,MAX_POSITION
2025-12-05T12:30:48.089Z,OPEUR,mean_reversion,0.2720718,32000,4800,8000,0,0,87360.00000000038,4656,MAX_POSITION
2025-12-05T12:30:49.355Z,OPUSD,mean_reversion,0.3176173,32000,4800,8000,0,0,87360.00000000134,4656,MAX_POSITION
2025-12-05T12:30:49.997Z,GOMINING/USD,vwap_bounce,0.37077039999999994,32000,4800,8000,0,12557.636747701545,4656,4656,PASS
2025-12-05T12:30:50.309Z,USDCHF,vwap_pullback,0.8044936899999999,32000,4800,8000,0,0,176151.23287670923,4656,MAX_POSITION
2025-12-05T12:30:50.952Z,PROVEEUR,mean_reversion,0.39519479999999996,32000,4800,8000,0,0,87360.0000000004,4656,MAX_POSITION
2025-12-05T12:30:51.109Z,XXRPZCAD,mean_reversion,2.8917688799999994,32000,4800,8000,0,0,87360.00000000173,4656,MAX_POSITION
2025-12-05T12:30:51.906Z,RUNEEUR,mean_reversion,0.5685679999999999,32000,4800,8000,0,0,87360.00000000109,4656,MAX_POSITION
2025-12-05T12:30:52.773Z,XXRPZEUR,mean_reversion,1.7806088299999998,32000,4800,8000,0,0,87360.00000000004,4656,MAX_POSITION
2025-12-05T12:30:53.625Z,RUNEUSD,mean_reversion,0.6606599999999999,32000,4800,8000,0,0,87360.0000000008,4656,MAX_POSITION
2025-12-05T12:30:54.052Z,XRPGBP,mean_reversion,1.55382227,32000,4800,8000,0,0,87360.00000000045,4656,MAX_POSITION
2025-12-05T12:30:54.621Z,SOSOUSD,mean_reversion,0.6021015,32000,4800,8000,0,0,87360.00000000112,4656,MAX_POSITION
2025-12-05T12:30:54.879Z,XRPRLUSD,mean_reversion,2.0487466999999997,32000,4800,8000,0,0,87360.00000000096,4656,MAX_POSITION
2025-12-05T12:30:56.099Z,TONEUR,mean_reversion,1.36136,32000,4800,8000,0,0,87360.0000000008,4656,MAX_POSITION
2025-12-05T12:30:56.239Z,XRPUSDT,mean_reversion,2.0729508799999996,32000,4800,8000,0,0,87360.00000000096,4656,MAX_POSITION
2025-12-05T12:30:56.267Z,SOL/EUR,vwap_pullback,117.62750999999999,32000,4800,8000,0,39.58257723894691,4656,4656,PASS
2025-12-05T12:30:57.245Z,XTZEUR,mean_reversion,0.41901859999999996,32000,4800,8000,0,0,87360.00000000077,4656,MAX_POSITION
2025-12-05T12:30:57.346Z,TONUSD,mean_reversion,1.5825809999999998,32000,4800,8000,0,0,87360.00000000032,4656,MAX_POSITION
2025-12-05T12:30:58.226Z,XTZUSD,mean_reversion,0.48788739999999997,32000,4800,8000,0,0,87360.00000000064,4656,MAX_POSITION
2025-12-05T12:30:59.019Z,TRUMPUSD,mean_reversion,5.875869999999999,32000,4800,8000,0,0,87360.00000000147,4656,MAX_POSITION
2025-12-05T12:31:01.374Z,XION/USD,vwap_bounce,0.35795759999999993,32000,4800,8000,0,13007.127101086835,4656,4656,PASS
2025-12-05T12:31:01.817Z,USDCHF,vwap_pullback,0.8044236199999999,32000,4800,8000,0,0,178996.5661252882,4656,MAX_POSITION
2025-12-05T12:31:02.494Z,ADAAUD,mean_reversion,0.6494087599999999,32000,4800,8000,0,0,87360.00000000057,4656,MAX_POSITION
2025-12-05T12:31:03.590Z,XXRPZCAD,mean_reversion,2.8917688799999994,32000,4800,8000,0,0,87360.00000000173,4656,MAX_POSITION
2025-12-05T12:31:03.913Z,AKTEUR,mean_reversion,0.3914911,32000,4800,8000,0,0,87360.0000000005,4656,MAX_POSITION
2025-12-05T12:31:04.494Z,ATOM/EUR,vwap_pullback,1.9445426,32000,4800,8000,0,2394.393416734609,4656,4656,PASS
2025-12-05T12:31:04.707Z,XXRPZEUR,mean_reversion,1.7806088299999998,32000,4800,8000,0,0,87360.00000000004,4656,MAX_POSITION
2025-12-05T12:31:05.173Z,AUDUSD,vwap_pullback,0.6640934299999999,32000,4800,8000,0,0,45025.9376802861,4656,MAX_POSITION
2025-12-05T12:31:05.704Z,XRPGBP,mean_reversion,1.55382227,32000,4800,8000,0,0,87360.00000000045,4656,MAX_POSITION
2025-12-05T12:31:05.780Z,AUDUSD,sma_trend_ride,0.66475686,32000,4800,8000,0,0,104588.58259644918,4656,MAX_POSITION
2025-12-05T12:31:06.703Z,XRPRLUSD,mean_reversion,2.0487466999999997,32000,4800,8000,0,0,87360.00000000096,4656,MAX_POSITION
2025-12-05T12:31:06.800Z,CAKEUSD,mean_reversion,2.3143119999999997,32000,4800,8000,0,0,87360.00000000033,4656,MAX_POSITION
2025-12-05T12:31:07.737Z,XRPUSDT,mean_reversion,2.0729508799999996,32000,4800,8000,0,0,87360.00000000096,4656,MAX_POSITION
2025-12-05T12:31:08.059Z,CVXUSD,mean_reversion,1.8248229999999999,32000,4800,8000,0,0,87360.00000000054,4656,MAX_POSITION
2025-12-05T12:31:08.982Z,XTZEUR,mean_reversion,0.41901859999999996,32000,4800,8000,0,0,87360.00000000077,4656,MAX_POSITION
2025-12-05T12:31:09.292Z,DOTEUR,mean_reversion,1.9209189999999998,32000,4800,8000,0,0,87360.00000000073,4656,MAX_POSITION
2025-12-05T12:31:09.823Z,XTZUSD,mean_reversion,0.48788739999999997,32000,4800,8000,0,0,87360.00000000064,4656,MAX_POSITION
2025-12-05T12:31:10.346Z,DOTGBP,mean_reversion,1.6758741999999998,32000,4800,8000,0,0,87360.00000000054,4656,MAX_POSITION
2025-12-05T12:31:11.298Z,DOTUSDC,mean_reversion,2.2351328999999995,32000,4800,8000,0,0,87360.00000000108,4656,MAX_POSITION
2025-12-05T12:31:11.958Z,ADAAUD,mean_reversion,0.6494087599999999,32000,4800,8000,0,0,87360.00000000057,4656,MAX_POSITION
2025-12-05T12:31:12.842Z,DOTUSDT,mean_reversion,2.2340317999999995,32000,4800,8000,0,0,87360.00000000172,4656,MAX_POSITION
2025-12-05T12:31:13.753Z,AKTEUR,mean_reversion,0.3914911,32000,4800,8000,0,0,87360.0000000005,4656,MAX_POSITION
2025-12-05T12:31:14.174Z,XETCZUSD,mean_reversion,13.519505999999998,32000,4800,8000,0,0,87360.0000000017,4656,MAX_POSITION
2025-12-05T12:31:14.737Z,SOL/USD,vwap_pullback,136.9368,32000,4800,8000,0,34.001086632665576,4656,4656,PASS
2025-12-05T12:31:14.750Z,AUDUSD,vwap_pullback,0.6640934299999999,32000,4800,8000,0,0,45025.9376802861,4656,MAX_POSITION
2025-12-05T12:31:15.343Z,AUDUSD,sma_trend_ride,0.66475686,32000,4800,8000,0,0,104588.58259644918,4656,MAX_POSITION
2025-12-05T12:31:15.427Z,ETHFIEUR,mean_reversion,0.6906899999999999,32000,4800,8000,0,0,87360.00000000016,4656,MAX_POSITION
2025-12-05T12:31:16.351Z,CAKEUSD,mean_reversion,2.3143119999999997,32000,4800,8000,0,0,87360.00000000033,4656,MAX_POSITION
2025-12-05T12:31:16.582Z,EULEUR,mean_reversion,3.3213179999999998,32000,4800,8000,0,0,87360.00000000019,4656,MAX_POSITION
2025-12-05T12:31:17.682Z,CVXUSD,mean_reversion,1.8248229999999999,32000,4800,8000,0,0,87360.00000000054,4656,MAX_POSITION
2025-12-05T12:31:18.893Z,EWTUSD,mean_reversion,0.6906899999999999,32000,4800,8000,0,0,87360.00000000016,4656,MAX_POSITION
2025-12-05T12:31:19.275Z,DOTEUR,mean_reversion,1.9209189999999998,32000,4800,8000,0,0,87360.00000000073,4656,MAX_POSITION
2025-12-05T12:31:19.687Z,ICP/USD,vwap_pullback,3.5335299999999994,32000,4800,8000,0,1317.6625074642075,4656,4656,PASS
2025-12-05T12:31:19.999Z,FORTHUSD,mean_reversion,1.7327309999999998,32000,4800,8000,0,0,87360.00000000163,4656,MAX_POSITION
2025-12-05T12:31:20.363Z,DOTGBP,mean_reversion,1.6758741999999998,32000,4800,8000,0,0,87360.00000000054,4656,MAX_POSITION
2025-12-05T12:31:20.990Z,FXSUSD,mean_reversion,0.805805,32000,4800,8000,0,0,87360.00000000052,4656,MAX_POSITION
2025-12-05T12:31:21.885Z,DOTUSDC,mean_reversion,2.2351328999999995,32000,4800,8000,0,0,87360.00000000108,4656,MAX_POSITION
2025-12-05T12:31:22.578Z,KSMUSD,mean_reversion,8.438429999999999,32000,4800,8000,0,0,87360.00000000042,4656,MAX_POSITION
2025-12-05T12:31:23.140Z,DOTUSDT,mean_reversion,2.2340317999999995,32000,4800,8000,0,0,87360.00000000172,4656,MAX_POSITION
2025-12-05T12:31:23.629Z,LINKEUR,vwap_pullback,12.059527479999998,32000,4800,8000,0,0,47921.08880260867,4656,MAX_POSITION
2025-12-05T12:31:24.068Z,XETCZUSD,mean_reversion,13.519505999999998,32000,4800,8000,0,0,87360.0000000017,4656,MAX_POSITION
2025-12-05T12:31:24.856Z,LINKUSD,vwap_pullback,14.03535133,32000,4800,8000,0,0,91800.00018429759,4656,MAX_POSITION
2025-12-05T12:31:25.181Z,ETHFIEUR,mean_reversion,0.6906899999999999,32000,4800,8000,0,0,87360.00000000016,4656,MAX_POSITION
2025-12-05T12:31:25.813Z,LINKUSDC,vwap_pullback,14.070756699999997,32000,4800,8000,0,0,72097.68243059493,4656,MAX_POSITION
2025-12-05T12:31:26.065Z,EULEUR,mean_reversion,3.3213179999999998,32000,4800,8000,0,0,87360.00000000019,4656,MAX_POSITION
2025-12-05T12:31:26.826Z,LINKUSDT,vwap_pullback,14.06292888,32000,4800,8000,0,0,79307.24258962595,4656,MAX_POSITION
2025-12-05T12:31:28.077Z,EWTUSD,mean_reversion,0.6906899999999999,32000,4800,8000,0,0,87360.00000000016,4656,MAX_POSITION
2025-12-05T12:31:28.084Z,GOMINING/USD,vwap_bounce,0.37077039999999994,32000,4800,8000,0,12557.636747701545,4656,4656,PASS
2025-12-05T12:31:28.125Z,XLTCZEUR,mean_reversion,70.73065999999999,32000,4800,8000,0,0,87360.00000000178,4656,MAX_POSITION
2025-12-05T12:31:29.397Z,FORTHUSD,mean_reversion,1.7327309999999998,32000,4800,8000,0,0,87360.00000000163,4656,MAX_POSITION
2025-12-05T12:31:29.506Z,XLTCZUSD,mean_reversion,82.28219999999999,32000,4800,8000,0,0,87360.00000000108,4656,MAX_POSITION
2025-12-05T12:31:30.724Z,FXSUSD,mean_reversion,0.805805,32000,4800,8000,0,0,87360.00000000052,4656,MAX_POSITION
2025-12-05T12:31:30.886Z,MASKEUR,mean_reversion,0.5805799999999999,32000,4800,8000,0,0,87360.00000000077,4656,MAX_POSITION
2025-12-05T12:31:31.984Z,KSMUSD,mean_reversion,8.438429999999999,32000,4800,8000,0,0,87360.00000000042,4656,MAX_POSITION
2025-12-05T12:31:32.454Z,MEUSD,mean_reversion,0.3322318999999999,32000,4800,8000,0,0,87360.00000000102,4656,MAX_POSITION
2025-12-05T12:31:32.998Z,LINKEUR,vwap_pullback,12.059527479999998,32000,4800,8000,0,0,47921.08880260867,4656,MAX_POSITION
2025-12-05T12:31:33.867Z,NANOEUR,mean_reversion,0.707725018,32000,4800,8000,0,0,87360.00000000016,4656,MAX_POSITION
2025-12-05T12:31:34.273Z,LINKUSD,vwap_pullback,14.03535133,32000,4800,8000,0,0,91800.00018429759,4656,MAX_POSITION
2025-12-05T12:31:34.849Z,SOL/EUR,vwap_pullback,117.63751999999998,32000,4800,8000,0,39.5792090822724,4656,4656,PASS
2025-12-05T12:31:35.072Z,NANOUSD,mean_reversion,0.8149261119999999,32000,4800,8000,0,0,87360.00000000073,4656,MAX_POSITION
2025-12-05T12:31:35.540Z,LINKUSDC,vwap_pullback,14.070756699999997,32000,4800,8000,0,0,72097.68243059493,4656,MAX_POSITION
2025-12-05T12:31:36.513Z,LINKUSDT,vwap_pullback,14.06292888,32000,4800,8000,0,0,79307.24258962595,4656,MAX_POSITION
2025-12-05T12:31:36.648Z,NOSUSD,mean_reversion,0.266266,32000,4800,8000,0,0,87360.00000000048,4656,MAX_POSITION
2025-12-05T12:31:37.677Z,XLTCZEUR,mean_reversion,70.71064,32000,4800,8000,0,0,87360.00000000004,4656,MAX_POSITION
2025-12-05T12:31:37.897Z,OPEUR,mean_reversion,0.2720718,32000,4800,8000,0,0,87360.00000000038,4656,MAX_POSITION
2025-12-05T12:31:38.873Z,OPUSD,mean_reversion,0.3176173,32000,4800,8000,0,0,87360.00000000134,4656,MAX_POSITION
2025-12-05T12:31:38.948Z,XLTCZUSD,mean_reversion,82.28219999999999,32000,4800,8000,0,0,87360.00000000108,4656,MAX_POSITION
2025-12-05T12:31:39.969Z,MASKEUR,mean_reversion,0.5805799999999999,32000,4800,8000,0,0,87360.00000000077,4656,MAX_POSITION
2025-12-05T12:31:40.163Z,PROVEEUR,mean_reversion,0.39519479999999996,32000,4800,8000,0,0,87360.0000000004,4656,MAX_POSITION
2025-12-05T12:31:40.378Z,XION/USD,vwap_bounce,0.35795759999999993,32000,4800,8000,0,13007.127101086835,4656,4656,PASS
2025-12-05T12:31:41.447Z,RUNEEUR,mean_reversion,0.5685679999999999,32000,4800,8000,0,0,87360.00000000109,4656,MAX_POSITION
2025-12-05T12:31:41.911Z,MEUSD,mean_reversion,0.3322318999999999,32000,4800,8000,0,0,87360.00000000102,4656,MAX_POSITION
2025-12-05T12:31:42.729Z,RUNEUSD,mean_reversion,0.6606599999999999,32000,4800,8000,0,0,87360.0000000008,4656,MAX_POSITION
2025-12-05T12:31:43.672Z,ATOM/EUR,vwap_pullback,1.9445426,32000,4800,8000,0,2394.393416734609,4656,4656,PASS
2025-12-05T12:31:43.706Z,NANOEUR,mean_reversion,0.707725018,32000,4800,8000,0,0,87360.00000000016,4656,MAX_POSITION
2025-12-05T12:31:44.114Z,SOSOUSD,mean_reversion,0.6021015,32000,4800,8000,0,0,87360.00000000112,4656,MAX_POSITION
2025-12-05T12:31:44.961Z,NANOUSD,mean_reversion,0.8149261119999999,32000,4800,8000,0,0,87360.00000000073,4656,MAX_POSITION
2025-12-05T12:31:45.476Z,TONEUR,mean_reversion,1.36136,32000,4800,8000,0,0,87360.0000000008,4656,MAX_POSITION
2025-12-05T12:31:45.817Z,NOSUSD,mean_reversion,0.266266,32000,4800,8000,0,0,87360.00000000048,4656,MAX_POSITION
2025-12-05T12:31:47.017Z,TONUSD,mean_reversion,1.5825809999999998,32000,4800,8000,0,0,87360.00000000032,4656,MAX_POSITION
2025-12-05T12:31:47.541Z,OPEUR,mean_reversion,0.2720718,32000,4800,8000,0,0,87360.00000000038,4656,MAX_POSITION
2025-12-05T12:31:47.763Z,AKT/EUR,vwap_pullback,0.3914911,32000,4800,8000,0,11892.990670796858,4656,4656,PASS
2025-12-05T12:31:48.700Z,TRUMPUSD,mean_reversion,5.875869999999999,32000,4800,8000,0,0,87360.00000000147,4656,MAX_POSITION
2025-12-05T12:31:48.917Z,OPUSD,mean_reversion,0.3176173,32000,4800,8000,0,0,87360.00000000134,4656,MAX_POSITION
2025-12-05T12:31:49.473Z,EUL/USD,vwap_pullback,3.8568529999999996,32000,4800,8000,0,1207.2018300930838,4656,4656,PASS
2025-12-05T12:31:50.248Z,PROVEEUR,mean_reversion,0.39519479999999996,32000,4800,8000,0,0,87360.0000000004,4656,MAX_POSITION
2025-12-05T12:31:50.641Z,USDCHF,vwap_pullback,0.8044236199999999,32000,4800,8000,0,0,178996.5661252882,4656,MAX_POSITION
2025-12-05T12:31:51.253Z,LTC/USD,vwap_pullback,82.28219999999999,32000,4800,8000,0,56.585750016406955,4656,4656,PASS
2025-12-05T12:31:51.567Z,RUNEEUR,mean_reversion,0.5685679999999999,32000,4800,8000,0,0,87360.00000000109,4656,MAX_POSITION
2025-12-05T12:31:51.769Z,XXRPZCAD,mean_reversion,2.8917788899999994,32000,4800,8000,0,0,87360.00000000112,4656,MAX_POSITION
2025-12-05T12:31:53.211Z,RUNEUSD,mean_reversion,0.6606599999999999,32000,4800,8000,0,0,87360.0000000008,4656,MAX_POSITION
2025-12-05T12:31:53.374Z,XXRPZEUR,mean_reversion,1.7791573799999998,32000,4800,8000,0,0,87360.00000000048,4656,MAX_POSITION
2025-12-05T12:31:54.201Z,SOSOUSD,mean_reversion,0.6021015,32000,4800,8000,0,0,87360.00000000112,4656,MAX_POSITION
2025-12-05T12:31:54.448Z,XRPGBP,mean_reversion,1.55382227,32000,4800,8000,0,0,87360.00000000045,4656,MAX_POSITION
2025-12-05T12:31:55.245Z,TONEUR,mean_reversion,1.36136,32000,4800,8000,0,0,87360.0000000008,4656,MAX_POSITION
2025-12-05T12:31:55.308Z,XRPRLUSD,mean_reversion,2.0487466999999997,32000,4800,8000,0,0,87360.00000000096,4656,MAX_POSITION
2025-12-05T12:31:56.291Z,SOL/USD,vwap_pullback,136.9368,32000,4800,8000,0,34.001086632665576,4656,4656,PASS
2025-12-05T12:31:56.325Z,TONUSD,mean_reversion,1.5825809999999998,32000,4800,8000,0,0,87360.00000000032,4656,MAX_POSITION
2025-12-05T12:31:56.407Z,XRPUSDT,mean_reversion,2.0729508799999996,32000,4800,8000,0,0,87360.00000000096,4656,MAX_POSITION
2025-12-05T12:31:57.421Z,XTZEUR,mean_reversion,0.41901859999999996,32000,4800,8000,0,0,87360.00000000077,4656,MAX_POSITION
2025-12-05T12:31:57.750Z,TRUMPUSD,mean_reversion,5.875869999999999,32000,4800,8000,0,0,87360.00000000147,4656,MAX_POSITION
2025-12-05T12:31:58.067Z,ADAAUD,mean_reversion,0.6494087599999999,32000,4800,8000,0,0,87360.00000000057,4656,MAX_POSITION
2025-12-05T12:31:58.683Z,XTZUSD,mean_reversion,0.48788739999999997,32000,4800,8000,0,0,87360.00000000064,4656,MAX_POSITION
2025-12-05T12:31:59.378Z,AKTEUR,mean_reversion,0.3914911,32000,4800,8000,0,0,87360.0000000005,4656,MAX_POSITION
2025-12-05T12:32:00.211Z,USDCHF,vwap_pullback,0.8044236199999999,32000,4800,8000,0,0,178996.5661252882,4656,MAX_POSITION
2025-12-05T12:32:00.782Z,AUDUSD,vwap_pullback,0.6640934299999999,32000,4800,8000,0,0,45025.9376802861,4656,MAX_POSITION
2025-12-05T12:32:01.397Z,AUDUSD,sma_trend_ride,0.66475686,32000,4800,8000,0,0,104588.58259644918,4656,MAX_POSITION
2025-12-05T12:32:01.659Z,XXRPZCAD,mean_reversion,2.8917788899999994,32000,4800,8000,0,0,87360.00000000112,4656,MAX_POSITION
2025-12-05T12:32:01.796Z,ICP/USD,vwap_pullback,3.5335299999999994,32000,4800,8000,0,1317.6625074642075,4656,4656,PASS
2025-12-05T12:32:02.736Z,XXRPZEUR,mean_reversion,1.7791573799999998,32000,4800,8000,0,0,87360.00000000048,4656,MAX_POSITION
2025-12-05T12:32:02.912Z,CAKEUSD,mean_reversion,2.3143119999999997,32000,4800,8000,0,0,87360.00000000033,4656,MAX_POSITION
2025-12-05T12:32:04.012Z,XRPGBP,mean_reversion,1.55382227,32000,4800,8000,0,0,87360.00000000045,4656,MAX_POSITION
2025-12-05T12:32:04.252Z,CVXUSD,mean_reversion,1.8248229999999999,32000,4800,8000,0,0,87360.00000000054,4656,MAX_POSITION
2025-12-05T12:32:05.317Z,DOTEUR,mean_reversion,1.9209189999999998,32000,4800,8000,0,0,87360.00000000073,4656,MAX_POSITION
2025-12-05T12:32:05.350Z,XRPRLUSD,mean_reversion,2.0487466999999997,32000,4800,8000,0,0,87360.00000000096,4656,MAX_POSITION
2025-12-05T12:32:06.334Z,DOTGBP,mean_reversion,1.6758741999999998,32000,4800,8000,0,0,87360.00000000054,4656,MAX_POSITION
2025-12-05T12:32:06.634Z,XRPUSDT,mean_reversion,2.0729508799999996,32000,4800,8000,0,0,87360.00000000096,4656,MAX_POSITION
2025-12-05T12:32:07.393Z,DOTUSDC,mean_reversion,2.2351328999999995,32000,4800,8000,0,0,87360.00000000108,4656,MAX_POSITION
2025-12-05T12:32:07.855Z,XTZEUR,mean_reversion,0.41901859999999996,32000,4800,8000,0,0,87360.00000000077,4656,MAX_POSITION
2025-12-05T12:32:08.406Z,DOTUSDT,mean_reversion,2.2340317999999995,32000,4800,8000,0,0,87360.00000000172,4656,MAX_POSITION
2025-12-05T12:32:09.111Z,XTZUSD,mean_reversion,0.48788739999999997,32000,4800,8000,0,0,87360.00000000064,4656,MAX_POSITION
2025-12-05T12:32:10.650Z,XETCZUSD,mean_reversion,13.519505999999998,32000,4800,8000,0,0,87360.0000000017,4656,MAX_POSITION
2025-12-05T12:32:11.831Z,GOMINING/USD,vwap_bounce,0.37077039999999994,32000,4800,8000,0,12557.636747701545,4656,4656,PASS
2025-12-05T12:32:12.212Z,ADAAUD,mean_reversion,0.6494087599999999,32000,4800,8000,0,0,87360.00000000057,4656,MAX_POSITION
2025-12-05T12:32:12.245Z,ETHFIEUR,mean_reversion,0.6906899999999999,32000,4800,8000,0,0,87360.00000000016,4656,MAX_POSITION
2025-12-05T12:32:13.593Z,EULEUR,mean_reversion,3.3213179999999998,32000,4800,8000,0,0,87360.00000000019,4656,MAX_POSITION
2025-12-05T12:32:13.707Z,AKTEUR,mean_reversion,0.3914911,32000,4800,8000,0,0,87360.0000000005,4656,MAX_POSITION
2025-12-05T12:32:14.975Z,AUDUSD,vwap_pullback,0.6640934299999999,32000,4800,8000,0,0,45025.9376802861,4656,MAX_POSITION
2025-12-05T12:32:15.318Z,EWTUSD,mean_reversion,0.6906899999999999,32000,4800,8000,0,0,87360.00000000016,4656,MAX_POSITION
2025-12-05T12:32:15.579Z,AUDUSD,sma_trend_ride,0.66475686,32000,4800,8000,0,0,104588.58259644918,4656,MAX_POSITION
2025-12-05T12:32:16.577Z,CAKEUSD,mean_reversion,2.3143119999999997,32000,4800,8000,0,0,87360.00000000033,4656,MAX_POSITION
2025-12-05T12:32:16.580Z,FORTHUSD,mean_reversion,1.7327309999999998,32000,4800,8000,0,0,87360.00000000163,4656,MAX_POSITION
2025-12-05T12:32:17.949Z,SOL/EUR,vwap_pullback,117.64752999999999,32000,4800,8000,0,39.5758414987548,4656,4656,PASS
2025-12-05T12:32:17.964Z,CVXUSD,mean_reversion,1.8248229999999999,32000,4800,8000,0,0,87360.00000000054,4656,MAX_POSITION
2025-12-05T12:32:18.030Z,FXSUSD,mean_reversion,0.805805,32000,4800,8000,0,0,87360.00000000052,4656,MAX_POSITION
2025-12-05T12:32:19.080Z,KSMUSD,mean_reversion,8.438429999999999,32000,4800,8000,0,0,87360.00000000042,4656,MAX_POSITION
2025-12-05T12:32:19.262Z,DOTEUR,mean_reversion,1.9209189999999998,32000,4800,8000,0,0,87360.00000000073,4656,MAX_POSITION
2025-12-05T12:32:20.126Z,LINKEUR,vwap_pullback,12.059527479999998,32000,4800,8000,0,0,47921.08880260867,4656,MAX_POSITION
2025-12-05T12:32:20.681Z,DOTGBP,mean_reversion,1.6758741999999998,32000,4800,8000,0,0,87360.00000000054,4656,MAX_POSITION
2025-12-05T12:32:21.440Z,LINKUSD,vwap_pullback,14.040616589999999,32000,4800,8000,0,0,88654.18361213205,4656,MAX_POSITION
2025-12-05T12:32:22.064Z,DOTUSDC,mean_reversion,2.2351328999999995,32000,4800,8000,0,0,87360.00000000108,4656,MAX_POSITION
2025-12-05T12:32:22.535Z,LINKUSDC,vwap_pullback,14.070756699999997,32000,4800,8000,0,0,72097.68243059493,4656,MAX_POSITION
2025-12-05T12:32:23.330Z,DOTUSDT,mean_reversion,2.2340317999999995,32000,4800,8000,0,0,87360.00000000172,4656,MAX_POSITION
2025-12-05T12:32:23.672Z,LINKUSDT,vwap_pullback,14.06292888,32000,4800,8000,0,0,79307.24258962595,4656,MAX_POSITION
2025-12-05T12:32:23.793Z,XION/USD,vwap_bounce,0.35795759999999993,32000,4800,8000,0,13007.127101086835,4656,4656,PASS
2025-12-05T12:32:24.602Z,XETCZUSD,mean_reversion,13.519505999999998,32000,4800,8000,0,0,87360.0000000017,4656,MAX_POSITION
2025-12-05T12:32:24.673Z,XLTCZEUR,mean_reversion,70.6706,32000,4800,8000,0,0,87359.99999999978,4656,MAX_POSITION
2025-12-05T12:32:25.627Z,XLTCZUSD,mean_reversion,82.31223,32000,4800,8000,0,0,87360.00000000057,4656,MAX_POSITION
2025-12-05T12:32:26.462Z,ETHFIEUR,mean_reversion,0.6906899999999999,32000,4800,8000,0,0,87360.00000000016,4656,MAX_POSITION
2025-12-05T12:32:27.213Z,ATOM/EUR,vwap_pullback,1.9445426,32000,4800,8000,0,2394.393416734609,4656,4656,PASS
2025-12-05T12:32:27.277Z,MASKEUR,mean_reversion,0.5805799999999999,32000,4800,8000,0,0,87360.00000000077,4656,MAX_POSITION
2025-12-05T12:32:27.681Z,EULEUR,mean_reversion,3.3213179999999998,32000,4800,8000,0,0,87360.00000000019,4656,MAX_POSITION
2025-12-05T12:32:29.362Z,EWTUSD,mean_reversion,0.6906899999999999,32000,4800,8000,0,0,87360.00000000016,4656,MAX_POSITION
2025-12-05T12:32:29.572Z,MEUSD,mean_reversion,0.3322318999999999,32000,4800,8000,0,0,87360.00000000102,4656,MAX_POSITION
2025-12-05T12:32:30.788Z,FORTHUSD,mean_reversion,1.7327309999999998,32000,4800,8000,0,0,87360.00000000163,4656,MAX_POSITION
2025-12-05T12:32:31.062Z,NANOEUR,mean_reversion,0.707725018,32000,4800,8000,0,0,87360.00000000016,4656,MAX_POSITION
2025-12-05T12:32:32.007Z,FXSUSD,mean_reversion,0.805805,32000,4800,8000,0,0,87360.00000000052,4656,MAX_POSITION
2025-12-05T12:32:32.179Z,AKT/EUR,vwap_pullback,0.3914911,32000,4800,8000,0,11892.990670796858,4656,4656,PASS
2025-12-05T12:32:32.366Z,NANOUSD,mean_reversion,0.8149261119999999,32000,4800,8000,0,0,87360.00000000073,4656,MAX_POSITION
2025-12-05T12:32:33.626Z,KSMUSD,mean_reversion,8.438429999999999,32000,4800,8000,0,0,87360.00000000042,4656,MAX_POSITION
2025-12-05T12:32:33.961Z,EUL/USD,vwap_pullback,3.8568529999999996,32000,4800,8000,0,1207.2018300930838,4656,4656,PASS
2025-12-05T12:32:33.962Z,NOSUSD,mean_reversion,0.266266,32000,4800,8000,0,0,87360.00000000048,4656,MAX_POSITION
2025-12-05T12:32:34.958Z,LINKEUR,vwap_pullback,12.059527479999998,32000,4800,8000,0,0,47921.08880260867,4656,MAX_POSITION
2025-12-05T12:32:35.083Z,OPEUR,mean_reversion,0.2720718,32000,4800,8000,0,0,87360.00000000038,4656,MAX_POSITION
2025-12-05T12:32:35.855Z,LTC/USD,vwap_pullback,82.31223,32000,4800,8000,0,56.565105817203595,4656,4656,PASS
2025-12-05T12:32:36.130Z,OPUSD,mean_reversion,0.3176173,32000,4800,8000,0,0,87360.00000000134,4656,MAX_POSITION
2025-12-05T12:32:36.256Z,LINKUSD,vwap_pullback,14.040616589999999,32000,4800,8000,0,0,88654.18361213205,4656,MAX_POSITION
2025-12-05T12:32:37.270Z,LINKUSDC,vwap_pullback,14.070756699999997,32000,4800,8000,0,0,72097.68243059493,4656,MAX_POSITION
2025-12-05T12:32:37.666Z,PROVEEUR,mean_reversion,0.39519479999999996,32000,4800,8000,0,0,87360.0000000004,4656,MAX_POSITION
2025-12-05T12:32:38.661Z,RUNEEUR,mean_reversion,0.5685679999999999,32000,4800,8000,0,0,87360.00000000109,4656,MAX_POSITION
2025-12-05T12:32:38.951Z,LINKUSDT,vwap_pullback,14.06292888,32000,4800,8000,0,0,79307.24258962595,4656,MAX_POSITION
2025-12-05T12:32:39.674Z,RUNEUSD,mean_reversion,0.6606599999999999,32000,4800,8000,0,0,87360.0000000008,4656,MAX_POSITION
2025-12-05T12:32:40.347Z,XLTCZEUR,mean_reversion,70.72064999999999,32000,4800,8000,0,0,87360.0000000009,4656,MAX_POSITION
2025-12-05T12:32:41.085Z,SOSOUSD,mean_reversion,0.6021015,32000,4800,8000,0,0,87360.00000000112,4656,MAX_POSITION
2025-12-05T12:32:41.692Z,XLTCZUSD,mean_reversion,82.31223,32000,4800,8000,0,0,87360.00000000057,4656,MAX_POSITION
2025-12-05T12:32:42.274Z,ADAAUD,mean_reversion,0.6494087599999999,32000,4800,8000,0,0,87360.00000000057,4656,MAX_POSITION
2025-12-05T12:32:42.469Z,TONEUR,mean_reversion,1.36136,32000,4800,8000,0,0,87360.0000000008,4656,MAX_POSITION
2025-12-05T12:32:43.138Z,MASKEUR,mean_reversion,0.5805799999999999,32000,4800,8000,0,0,87360.00000000077,4656,MAX_POSITION
2025-12-05T12:32:43.377Z,ICP/USD,vwap_pullback,3.5335299999999994,32000,4800,8000,0,1317.6625074642075,4656,4656,PASS
2025-12-05T12:32:43.593Z,AKTEUR,mean_reversion,0.3914911,32000,4800,8000,0,0,87360.0000000005,4656,MAX_POSITION
2025-12-05T12:32:43.883Z,TONUSD,mean_reversion,1.5825809999999998,32000,4800,8000,0,0,87360.00000000032,4656,MAX_POSITION
2025-12-05T12:32:44.961Z,AUDUSD,vwap_pullback,0.6640934299999999,32000,4800,8000,0,0,45025.9376802861,4656,MAX_POSITION
2025-12-05T12:32:45.212Z,TRUMPUSD,mean_reversion,5.875869999999999,32000,4800,8000,0,0,87360.00000000147,4656,MAX_POSITION
2025-12-05T12:32:45.446Z,MEUSD,mean_reversion,0.3322318999999999,32000,4800,8000,0,0,87360.00000000102,4656,MAX_POSITION
2025-12-05T12:32:45.582Z,AUDUSD,sma_trend_ride,0.66475686,32000,4800,8000,0,0,104588.58259644918,4656,MAX_POSITION
2025-12-05T12:32:46.881Z,TIA/EUR,vwap_pullback,0.5266261,32000,4800,8000,0,8841.187324365428,4656,4656,PASS
2025-12-05T12:32:47.039Z,NANOEUR,mean_reversion,0.707725018,32000,4800,8000,0,0,87360.00000000016,4656,MAX_POSITION
2025-12-05T12:32:47.565Z,CAKEUSD,mean_reversion,2.3143119999999997,32000,4800,8000,0,0,87360.00000000033,4656,MAX_POSITION
2025-12-05T12:32:47.766Z,USDCHF,vwap_pullback,0.8045036999999999,32000,4800,8000,0,0,175752.16400910835,4656,MAX_POSITION
2025-12-05T12:32:48.896Z,CVXUSD,mean_reversion,1.8248229999999999,32000,4800,8000,0,0,87360.00000000054,4656,MAX_POSITION
2025-12-05T12:32:48.973Z,NANOUSD,mean_reversion,0.8149261119999999,32000,4800,8000,0,0,87360.00000000073,4656,MAX_POSITION
2025-12-05T12:32:49.408Z,XXRPZCAD,mean_reversion,2.8917788899999994,32000,4800,8000,0,0,87360.00000000112,4656,MAX_POSITION
2025-12-05T12:32:50.369Z,NOSUSD,mean_reversion,0.266266,32000,4800,8000,0,0,87360.00000000048,4656,MAX_POSITION
2025-12-05T12:32:50.541Z,DOTEUR,mean_reversion,1.9209189999999998,32000,4800,8000,0,0,87360.00000000073,4656,MAX_POSITION
2025-12-05T12:32:50.561Z,XXRPZEUR,mean_reversion,1.7791573799999998,32000,4800,8000,0,0,87360.00000000048,4656,MAX_POSITION
2025-12-05T12:32:51.987Z,DOTGBP,mean_reversion,1.6758741999999998,32000,4800,8000,0,0,87360.00000000054,4656,MAX_POSITION
2025-12-05T12:32:51.990Z,OPEUR,mean_reversion,0.2720718,32000,4800,8000,0,0,87360.00000000038,4656,MAX_POSITION
2025-12-05T12:32:52.320Z,XRPGBP,mean_reversion,1.55383228,32000,4800,8000,0,0,87360.00000000047,4656,MAX_POSITION
2025-12-05T12:32:53.465Z,OPUSD,mean_reversion,0.3176173,32000,4800,8000,0,0,87360.00000000134,4656,MAX_POSITION
2025-12-05T12:32:53.632Z,DOTUSDC,mean_reversion,2.2351328999999995,32000,4800,8000,0,0,87360.00000000108,4656,MAX_POSITION
2025-12-05T12:32:53.667Z,XRPRLUSD,mean_reversion,2.0487466999999997,32000,4800,8000,0,0,87360.00000000096,4656,MAX_POSITION
2025-12-05T12:32:54.716Z,GOMINING/USD,vwap_bounce,0.37077039999999994,32000,4800,8000,0,12557.636747701545,4656,4656,PASS
2025-12-05T12:32:54.783Z,PROVEEUR,mean_reversion,0.39519479999999996,32000,4800,8000,0,0,87360.0000000004,4656,MAX_POSITION
2025-12-05T12:32:54.931Z,DOTUSDT,mean_reversion,2.2340317999999995,32000,4800,8000,0,0,87360.00000000172,4656,MAX_POSITION
2025-12-05T12:32:55.023Z,XRPUSDT,mean_reversion,2.0729508799999996,32000,4800,8000,0,0,87360.00000000096,4656,MAX_POSITION
2025-12-05T12:32:55.891Z,RUNEEUR,mean_reversion,0.5685679999999999,32000,4800,8000,0,0,87360.00000000109,4656,MAX_POSITION
2025-12-05T12:32:56.057Z,XETCZUSD,mean_reversion,13.519505999999998,32000,4800,8000,0,0,87360.0000000017,4656,MAX_POSITION
2025-12-05T12:32:57.383Z,XTZEUR,mean_reversion,0.41901859999999996,32000,4800,8000,0,0,87360.00000000077,4656,MAX_POSITION
2025-12-05T12:32:57.454Z,RUNEUSD,mean_reversion,0.6606599999999999,32000,4800,8000,0,0,87360.0000000008,4656,MAX_POSITION
2025-12-05T12:32:57.859Z,ETHFIEUR,mean_reversion,0.6906899999999999,32000,4800,8000,0,0,87360.00000000016,4656,MAX_POSITION
2025-12-05T12:32:58.515Z,SOSOUSD,mean_reversion,0.6021015,32000,4800,8000,0,0,87360.00000000112,4656,MAX_POSITION
2025-12-05T12:32:58.659Z,XTZUSD,mean_reversion,0.48788739999999997,32000,4800,8000,0,0,87360.00000000064,4656,MAX_POSITION
2025-12-05T12:32:59.429Z,EULEUR,mean_reversion,3.3213179999999998,32000,4800,8000,0,0,87360.00000000019,4656,MAX_POSITION
2025-12-05T12:32:59.800Z,TONEUR,mean_reversion,1.36136,32000,4800,8000,0,0,87360.0000000008,4656,MAX_POSITION
2025-12-05T12:33:00.433Z,SOL/EUR,vwap_pullback,117.64752999999999,32000,4800,8000,0,39.5758414987548,4656,4656,PASS
2025-12-05T12:33:00.847Z,EWTUSD,mean_reversion,0.6906899999999999,32000,4800,8000,0,0,87360.00000000016,4656,MAX_POSITION
2025-12-05T12:33:01.071Z,TONUSD,mean_reversion,1.5825809999999998,32000,4800,8000,0,0,87360.00000000032,4656,MAX_POSITION
2025-12-05T12:33:01.843Z,FORTHUSD,mean_reversion,1.7327309999999998,32000,4800,8000,0,0,87360.00000000163,4656,MAX_POSITION
2025-12-05T12:33:02.422Z,TRUMPUSD,mean_reversion,5.875869999999999,32000,4800,8000,0,0,87360.00000000147,4656,MAX_POSITION
2025-12-05T12:33:03.466Z,FXSUSD,mean_reversion,0.805805,32000,4800,8000,0,0,87360.00000000052,4656,MAX_POSITION
2025-12-05T12:33:04.745Z,KSMUSD,mean_reversion,8.448439999999998,32000,4800,8000,0,0,87360.00000000099,4656,MAX_POSITION
2025-12-05T12:33:05.427Z,USDCHF,vwap_pullback,0.8045036999999999,32000,4800,8000,0,0,175752.16400910835,4656,MAX_POSITION
2025-12-05T12:33:05.717Z,XION/USD,vwap_bounce,0.35795759999999993,32000,4800,8000,0,13007.127101086835,4656,4656,PASS
2025-12-05T12:33:05.962Z,LINKEUR,vwap_pullback,12.059527479999998,32000,4800,8000,0,0,47921.08880260867,4656,MAX_POSITION
2025-12-05T12:33:06.774Z,XXRPZCAD,mean_reversion,2.8917788899999994,32000,4800,8000,0,0,87360.00000000112,4656,MAX_POSITION
2025-12-05T12:33:06.974Z,LINKUSD,vwap_pullback,14.042198169999997,32000,4800,8000,0,0,87751.38813387204,4656,MAX_POSITION
2025-12-05T12:33:07.993Z,XXRPZEUR,mean_reversion,1.7791573799999998,32000,4800,8000,0,0,87360.00000000048,4656,MAX_POSITION
2025-12-05T12:33:08.271Z,LINKUSDC,vwap_pullback,14.070756699999997,32000,4800,8000,0,0,72097.68243059493,4656,MAX_POSITION
2025-12-05T12:33:08.992Z,XRPGBP,mean_reversion,1.55383228,32000,4800,8000,0,0,87360.00000000047,4656,MAX_POSITION
2025-12-05T12:33:09.291Z,LINKUSDT,vwap_pullback,14.06292888,32000,4800,8000,0,0,79307.24258962595,4656,MAX_POSITION
2025-12-05T12:33:09.720Z,ATOM/EUR,vwap_pullback,1.9445426,32000,4800,8000,0,2394.393416734609,4656,4656,PASS
2025-12-05T12:33:10.294Z,XRPRLUSD,mean_reversion,2.0487466999999997,32000,4800,8000,0,0,87360.00000000096,4656,MAX_POSITION
2025-12-05T12:33:10.502Z,XLTCZEUR,mean_reversion,70.72064999999999,32000,4800,8000,0,0,87360.0000000009,4656,MAX_POSITION
2025-12-05T12:33:11.351Z,XRPUSDT,mean_reversion,2.0729508799999996,32000,4800,8000,0,0,87360.00000000096,4656,MAX_POSITION
2025-12-05T12:33:11.495Z,XLTCZUSD,mean_reversion,82.31223,32000,4800,8000,0,0,87360.00000000057,4656,MAX_POSITION
2025-12-05T12:33:12.053Z,SOL/USDC,vwap_pullback,136.91678,32000,4800,8000,0,34.00605827861275,4656,4656,PASS
2025-12-05T12:33:12.411Z,XTZEUR,mean_reversion,0.41901859999999996,32000,4800,8000,0,0,87360.00000000077,4656,MAX_POSITION
2025-12-05T12:33:13.106Z,MASKEUR,mean_reversion,0.5805799999999999,32000,4800,8000,0,0,87360.00000000077,4656,MAX_POSITION
2025-12-05T12:33:13.632Z,XTZUSD,mean_reversion,0.48818769999999995,32000,4800,8000,0,0,87360.0000000009,4656,MAX_POSITION
2025-12-05T12:33:15.102Z,MEUSD,mean_reversion,0.3322318999999999,32000,4800,8000,0,0,87360.00000000102,4656,MAX_POSITION
2025-12-05T12:33:15.535Z,AKT/EUR,vwap_pullback,0.3914911,32000,4800,8000,0,11892.990670796858,4656,4656,PASS
2025-12-05T12:33:17.103Z,EUL/USD,vwap_pullback,3.8568529999999996,32000,4800,8000,0,1207.2018300930838,4656,4656,PASS
2025-12-05T12:33:18.082Z,NANOEUR,mean_reversion,0.707725018,32000,4800,8000,0,0,87360.00000000016,4656,MAX_POSITION
2025-12-05T12:33:19.665Z,NANOUSD,mean_reversion,0.8149261119999999,32000,4800,8000,0,0,87360.00000000073,4656,MAX_POSITION
2025-12-05T12:33:21.190Z,NOSUSD,mean_reversion,0.266266,32000,4800,8000,0,0,87360.00000000048,4656,MAX_POSITION
2025-12-05T12:33:22.436Z,OPEUR,mean_reversion,0.2720718,32000,4800,8000,0,0,87360.00000000038,4656,MAX_POSITION
2025-12-05T12:33:23.723Z,OPUSD,mean_reversion,0.3176173,32000,4800,8000,0,0,87360.00000000134,4656,MAX_POSITION
2025-12-05T12:33:25.527Z,PROVEEUR,mean_reversion,0.39519479999999996,32000,4800,8000,0,0,87360.0000000004,4656,MAX_POSITION
2025-12-05T12:33:26.973Z,GOMINING/USD,vwap_bounce,0.37077039999999994,32000,4800,8000,0,12557.636747701545,4656,4656,PASS
2025-12-05T12:33:27.044Z,RUNEEUR,mean_reversion,0.5685679999999999,32000,4800,8000,0,0,87360.00000000109,4656,MAX_POSITION
2025-12-05T12:33:28.264Z,RUNEUSD,mean_reversion,0.6606599999999999,32000,4800,8000,0,0,87360.0000000008,4656,MAX_POSITION
2025-12-05T12:33:29.382Z,SOSOUSD,mean_reversion,0.6021015,32000,4800,8000,0,0,87360.00000000112,4656,MAX_POSITION
2025-12-05T12:33:30.675Z,TONEUR,mean_reversion,1.36136,32000,4800,8000,0,0,87360.0000000008,4656,MAX_POSITION
2025-12-05T12:33:31.750Z,ADAAUD,mean_reversion,0.6494087599999999,32000,4800,8000,0,0,87360.00000000057,4656,MAX_POSITION
2025-12-05T12:33:32.193Z,TONUSD,mean_reversion,1.58158,32000,4800,8000,0,0,87360.00000000025,4656,MAX_POSITION
2025-12-05T12:33:33.567Z,TRUMPUSD,mean_reversion,5.875869999999999,32000,4800,8000,0,0,87360.00000000147,4656,MAX_POSITION
2025-12-05T12:33:33.701Z,AKTEUR,mean_reversion,0.3914911,32000,4800,8000,0,0,87360.0000000005,4656,MAX_POSITION
2025-12-05T12:33:34.159Z,SOL/EUR,vwap_pullback,117.64752999999999,32000,4800,8000,0,39.5758414987548,4656,4656,PASS
2025-12-05T12:33:34.945Z,AUDUSD,vwap_pullback,0.6640934299999999,32000,4800,8000,0,0,45025.9376802861,4656,MAX_POSITION
2025-12-05T12:33:35.534Z,AUDUSD,sma_trend_ride,0.66475686,32000,4800,8000,0,0,104588.58259644918,4656,MAX_POSITION
2025-12-05T12:33:36.465Z,USDCHF,vwap_pullback,0.8045237199999999,32000,4800,8000,0,0,174959.45578230932,4656,MAX_POSITION
2025-12-05T12:33:36.816Z,CAKEUSD,mean_reversion,2.3143119999999997,32000,4800,8000,0,0,87360.00000000033,4656,MAX_POSITION
2025-12-05T12:33:37.757Z,XXRPZCAD,mean_reversion,2.8917788899999994,32000,4800,8000,0,0,87360.00000000112,4656,MAX_POSITION
2025-12-05T12:33:37.951Z,CVXUSD,mean_reversion,1.8248229999999999,32000,4800,8000,0,0,87360.00000000054,4656,MAX_POSITION
2025-12-05T12:33:38.726Z,XXRPZEUR,mean_reversion,1.7793075299999999,32000,4800,8000,0,0,87360.00000000064,4656,MAX_POSITION
2025-12-05T12:33:39.189Z,DOTEUR,mean_reversion,1.9209189999999998,32000,4800,8000,0,0,87360.00000000073,4656,MAX_POSITION
2025-12-05T12:33:39.814Z,XION/USD,vwap_bounce,0.35795759999999993,32000,4800,8000,0,13007.127101086835,4656,4656,PASS
2025-12-05T12:33:39.988Z,XRPGBP,mean_reversion,1.55383228,32000,4800,8000,0,0,87360.00000000047,4656,MAX_POSITION
2025-12-05T12:33:40.732Z,DOTGBP,mean_reversion,1.6758741999999998,32000,4800,8000,0,0,87360.00000000054,4656,MAX_POSITION
2025-12-05T12:33:41.513Z,XRPRLUSD,mean_reversion,2.0487466999999997,32000,4800,8000,0,0,87360.00000000096,4656,MAX_POSITION
2025-12-05T12:33:41.976Z,ADAAUD,mean_reversion,0.6494087599999999,32000,4800,8000,0,0,87360.00000000057,4656,MAX_POSITION
2025-12-05T12:33:42.813Z,XRPUSDT,mean_reversion,2.0712691999999997,32000,4800,8000,0,0,87360.00000000112,4656,MAX_POSITION
2025-12-05T12:33:43.085Z,DOTUSDC,mean_reversion,2.2351328999999995,32000,4800,8000,0,0,87360.00000000108,4656,MAX_POSITION
2025-12-05T12:33:43.189Z,ATOM/EUR,vwap_pullback,1.9445426,32000,4800,8000,0,2394.393416734609,4656,4656,PASS
2025-12-05T12:33:43.310Z,AKTEUR,mean_reversion,0.3914911,32000,4800,8000,0,0,87360.0000000005,4656,MAX_POSITION
2025-12-05T12:33:43.879Z,XTZEUR,mean_reversion,0.41901859999999996,32000,4800,8000,0,0,87360.00000000077,4656,MAX_POSITION
2025-12-05T12:33:44.060Z,DOTUSDT,mean_reversion,2.2340317999999995,32000,4800,8000,0,0,87360.00000000172,4656,MAX_POSITION
2025-12-05T12:33:44.570Z,AUDUSD,vwap_pullback,0.6640934299999999,32000,4800,8000,0,0,45025.9376802861,4656,MAX_POSITION
2025-12-05T12:33:44.997Z,SOL/USDC,vwap_pullback,136.91678,32000,4800,8000,0,34.00605827861275,4656,4656,PASS
2025-12-05T12:33:45.164Z,XTZUSD,mean_reversion,0.48818769999999995,32000,4800,8000,0,0,87360.0000000009,4656,MAX_POSITION
2025-12-05T12:33:45.191Z,AUDUSD,sma_trend_ride,0.66475686,32000,4800,8000,0,0,104588.58259644918,4656,MAX_POSITION
2025-12-05T12:33:45.337Z,XETCZUSD,mean_reversion,13.519505999999998,32000,4800,8000,0,0,87360.0000000017,4656,MAX_POSITION
2025-12-05T12:33:46.042Z,CAKEUSD,mean_reversion,2.3143119999999997,32000,4800,8000,0,0,87360.00000000033,4656,MAX_POSITION
2025-12-05T12:33:46.407Z,ETHFIEUR,mean_reversion,0.6906899999999999,32000,4800,8000,0,0,87360.00000000016,4656,MAX_POSITION
2025-12-05T12:33:47.441Z,CVXUSD,mean_reversion,1.8248229999999999,32000,4800,8000,0,0,87360.00000000054,4656,MAX_POSITION
2025-12-05T12:33:47.917Z,EULEUR,mean_reversion,3.3213179999999998,32000,4800,8000,0,0,87360.00000000019,4656,MAX_POSITION
2025-12-05T12:33:47.990Z,AKT/EUR,vwap_pullback,0.3914911,32000,4800,8000,0,11892.990670796858,4656,4656,PASS
2025-12-05T12:33:48.980Z,DOTEUR,mean_reversion,1.9209189999999998,32000,4800,8000,0,0,87360.00000000073,4656,MAX_POSITION
2025-12-05T12:33:49.856Z,EUL/USD,vwap_pullback,3.8568529999999996,32000,4800,8000,0,1207.2018300930838,4656,4656,PASS
2025-12-05T12:33:50.148Z,DOTGBP,mean_reversion,1.6758741999999998,32000,4800,8000,0,0,87360.00000000054,4656,MAX_POSITION
2025-12-05T12:33:50.420Z,EWTUSD,mean_reversion,0.6906899999999999,32000,4800,8000,0,0,87360.00000000016,4656,MAX_POSITION
2025-12-05T12:33:51.371Z,DOTUSDC,mean_reversion,2.2351328999999995,32000,4800,8000,0,0,87360.00000000108,4656,MAX_POSITION
2025-12-05T12:33:51.657Z,FORTHUSD,mean_reversion,1.7327309999999998,32000,4800,8000,0,0,87360.00000000163,4656,MAX_POSITION
2025-12-05T12:33:51.659Z,LTC/USD,vwap_pullback,82.31223,32000,4800,8000,0,56.565105817203595,4656,4656,PASS
2025-12-05T12:33:52.395Z,DOTUSDT,mean_reversion,2.2340317999999995,32000,4800,8000,0,0,87360.00000000172,4656,MAX_POSITION
2025-12-05T12:33:52.640Z,FXSUSD,mean_reversion,0.805805,32000,4800,8000,0,0,87360.00000000052,4656,MAX_POSITION
2025-12-05T12:33:53.450Z,XETCZUSD,mean_reversion,13.519505999999998,32000,4800,8000,0,0,87360.0000000017,4656,MAX_POSITION
2025-12-05T12:33:53.716Z,KSMUSD,mean_reversion,8.448439999999998,32000,4800,8000,0,0,87360.00000000099,4656,MAX_POSITION
2025-12-05T12:33:54.449Z,ETHFIEUR,mean_reversion,0.6906899999999999,32000,4800,8000,0,0,87360.00000000016,4656,MAX_POSITION
2025-12-05T12:33:55.038Z,LINKEUR,vwap_pullback,12.059527479999998,32000,4800,8000,0,0,47921.08880260867,4656,MAX_POSITION
2025-12-05T12:33:55.395Z,ADA/USD,vwap_pullback,0.43103260199999993,32000,4800,8000,0,10801.96713287131,4656,4656,PASS
2025-12-05T12:33:55.697Z,EULEUR,mean_reversion,3.3213179999999998,32000,4800,8000,0,0,87360.00000000019,4656,MAX_POSITION
2025-12-05T12:33:56.104Z,LINKUSD,vwap_pullback,14.042198169999997,32000,4800,8000,0,0,87751.38813387204,4656,MAX_POSITION
2025-12-05T12:33:57.621Z,LINKUSDC,vwap_pullback,14.070756699999997,32000,4800,8000,0,0,72097.68243059493,4656,MAX_POSITION
2025-12-05T12:33:57.683Z,EWTUSD,mean_reversion,0.6906899999999999,32000,4800,8000,0,0,87360.00000000016,4656,MAX_POSITION
2025-12-05T12:33:58.639Z,LINKUSDT,vwap_pullback,14.06292888,32000,4800,8000,0,0,79307.24258962595,4656,MAX_POSITION
2025-12-05T12:33:58.897Z,FORTHUSD,mean_reversion,1.7327309999999998,32000,4800,8000,0,0,87360.00000000163,4656,MAX_POSITION
2025-12-05T12:33:59.195Z,GOMINING/USD,vwap_bounce,0.37077039999999994,32000,4800,8000,0,12557.636747701545,4656,4656,PASS
2025-12-05T12:33:59.858Z,FXSUSD,mean_reversion,0.805805,32000,4800,8000,0,0,87360.00000000052,4656,MAX_POSITION
2025-12-05T12:34:00.213Z,XLTCZEUR,mean_reversion,70.71064,32000,4800,8000,0,0,87360.00000000004,4656,MAX_POSITION
2025-12-05T12:34:01.219Z,XLTCZUSD,mean_reversion,82.28219999999999,32000,4800,8000,0,0,87360.00000000108,4656,MAX_POSITION
2025-12-05T12:34:01.262Z,KSMUSD,mean_reversion,8.448439999999998,32000,4800,8000,0,0,87360.00000000099,4656,MAX_POSITION
2025-12-05T12:34:02.219Z,MASKEUR,mean_reversion,0.5805799999999999,32000,4800,8000,0,0,87360.00000000077,4656,MAX_POSITION
2025-12-05T12:34:02.330Z,LINKEUR,vwap_pullback,12.059527479999998,32000,4800,8000,0,0,47921.08880260867,4656,MAX_POSITION
2025-12-05T12:34:03.890Z,MEUSD,mean_reversion,0.3322318999999999,32000,4800,8000,0,0,87360.00000000102,4656,MAX_POSITION
2025-12-05T12:34:03.900Z,LINKUSD,vwap_pullback,14.042198169999997,32000,4800,8000,0,0,87751.38813387204,4656,MAX_POSITION
2025-12-05T12:34:05.184Z,LINKUSDC,vwap_pullback,14.070756699999997,32000,4800,8000,0,0,72097.68243059493,4656,MAX_POSITION
2025-12-05T12:34:05.503Z,NANOEUR,mean_reversion,0.707725018,32000,4800,8000,0,0,87360.00000000016,4656,MAX_POSITION
2025-12-05T12:34:05.866Z,SOL/EUR,range_trading,117.52740999999999,32000,4800,8000,0,39.61629036154205,4656,4656,PASS
2025-12-05T12:34:06.545Z,LINKUSDT,vwap_pullback,14.06292888,32000,4800,8000,0,0,79307.24258962595,4656,MAX_POSITION
2025-12-05T12:34:06.687Z,NANOUSD,mean_reversion,0.8149261119999999,32000,4800,8000,0,0,87360.00000000073,4656,MAX_POSITION
2025-12-05T12:34:08.021Z,NOSUSD,mean_reversion,0.266266,32000,4800,8000,0,0,87360.00000000048,4656,MAX_POSITION
2025-12-05T12:34:08.030Z,XLTCZEUR,mean_reversion,70.71064,32000,4800,8000,0,0,87360.00000000004,4656,MAX_POSITION
2025-12-05T12:34:09.024Z,OPEUR,mean_reversion,0.2720718,32000,4800,8000,0,0,87360.00000000038,4656,MAX_POSITION
2025-12-05T12:34:09.048Z,XLTCZUSD,mean_reversion,82.28219999999999,32000,4800,8000,0,0,87360.00000000108,4656,MAX_POSITION
2025-12-05T12:34:10.035Z,MASKEUR,mean_reversion,0.5805799999999999,32000,4800,8000,0,0,87360.00000000077,4656,MAX_POSITION
2025-12-05T12:34:10.041Z,OPUSD,mean_reversion,0.3176173,32000,4800,8000,0,0,87360.00000000134,4656,MAX_POSITION
2025-12-05T12:34:11.319Z,PROVEEUR,mean_reversion,0.39519479999999996,32000,4800,8000,0,0,87360.0000000004,4656,MAX_POSITION
2025-12-05T12:34:11.511Z,XION/USD,vwap_bounce,0.35795759999999993,32000,4800,8000,0,13007.127101086835,4656,4656,PASS
2025-12-05T12:34:11.618Z,MEUSD,mean_reversion,0.3322318999999999,32000,4800,8000,0,0,87360.00000000102,4656,MAX_POSITION
2025-12-05T12:34:12.249Z,ADAAUD,mean_reversion,0.6494087599999999,32000,4800,8000,0,0,87360.00000000057,4656,MAX_POSITION
2025-12-05T12:34:12.293Z,RUNEEUR,mean_reversion,0.5685679999999999,32000,4800,8000,0,0,87360.00000000109,4656,MAX_POSITION
2025-12-05T12:34:13.044Z,NANOEUR,mean_reversion,0.707725018,32000,4800,8000,0,0,87360.00000000016,4656,MAX_POSITION
2025-12-05T12:34:13.499Z,AKTEUR,mean_reversion,0.3914911,32000,4800,8000,0,0,87360.0000000005,4656,MAX_POSITION
2025-12-05T12:34:14.336Z,RUNEUSD,mean_reversion,0.6606599999999999,32000,4800,8000,0,0,87360.0000000008,4656,MAX_POSITION
2025-12-05T12:34:14.515Z,NANOUSD,mean_reversion,0.8149261119999999,32000,4800,8000,0,0,87360.00000000073,4656,MAX_POSITION
2025-12-05T12:34:14.679Z,ATOM/EUR,vwap_pullback,1.9440420999999997,32000,4800,8000,0,2395.0098611547564,4656,4656,PASS
2025-12-05T12:34:15.169Z,AUDUSD,vwap_pullback,0.6640934299999999,32000,4800,8000,0,0,45025.9376802861,4656,MAX_POSITION
2025-12-05T12:34:15.563Z,SOSOUSD,mean_reversion,0.6021015,32000,4800,8000,0,0,87360.00000000112,4656,MAX_POSITION
2025-12-05T12:34:15.757Z,AUDUSD,sma_trend_ride,0.66475686,32000,4800,8000,0,0,104588.58259644918,4656,MAX_POSITION
2025-12-05T12:34:16.096Z,NOSUSD,mean_reversion,0.266266,32000,4800,8000,0,0,87360.00000000048,4656,MAX_POSITION
2025-12-05T12:34:16.567Z,TONEUR,mean_reversion,1.36136,32000,4800,8000,0,0,87360.0000000008,4656,MAX_POSITION
2025-12-05T12:34:17.016Z,CAKEUSD,mean_reversion,2.3143119999999997,32000,4800,8000,0,0,87360.00000000033,4656,MAX_POSITION
2025-12-05T12:34:17.626Z,SOL/USDC,vwap_pullback,136.91678,32000,4800,8000,0,34.00605827861275,4656,4656,PASS
2025-12-05T12:34:17.741Z,OPEUR,mean_reversion,0.2720718,32000,4800,8000,0,0,87360.00000000038,4656,MAX_POSITION
2025-12-05T12:34:17.869Z,TONUSD,mean_reversion,1.58158,32000,4800,8000,0,0,87360.00000000025,4656,MAX_POSITION
2025-12-05T12:34:18.890Z,CVXUSD,mean_reversion,1.8248229999999999,32000,4800,8000,0,0,87360.00000000054,4656,MAX_POSITION
2025-12-05T12:34:18.917Z,OPUSD,mean_reversion,0.3176173,32000,4800,8000,0,0,87360.00000000134,4656,MAX_POSITION
2025-12-05T12:34:19.258Z,TRUMPUSD,mean_reversion,5.875869999999999,32000,4800,8000,0,0,87360.00000000147,4656,MAX_POSITION
2025-12-05T12:34:20.146Z,DOTEUR,mean_reversion,1.9209189999999998,32000,4800,8000,0,0,87360.00000000073,4656,MAX_POSITION
2025-12-05T12:34:20.440Z,PROVEEUR,mean_reversion,0.39519479999999996,32000,4800,8000,0,0,87360.0000000004,4656,MAX_POSITION
2025-12-05T12:34:20.673Z,AKT/EUR,vwap_pullback,0.3914911,32000,4800,8000,0,11892.990670796858,4656,4656,PASS
2025-12-05T12:34:21.667Z,DOTGBP,mean_reversion,1.6758741999999998,32000,4800,8000,0,0,87360.00000000054,4656,MAX_POSITION
2025-12-05T12:34:21.732Z,RUNEEUR,mean_reversion,0.5685679999999999,32000,4800,8000,0,0,87360.00000000109,4656,MAX_POSITION
2025-12-05T12:34:21.766Z,USDCHF,vwap_pullback,0.8044436399999999,32000,4800,8000,0,0,178174.22632794236,4656,MAX_POSITION
2025-12-05T12:34:22.207Z,EUL/USD,vwap_pullback,3.8568529999999996,32000,4800,8000,0,1207.2018300930838,4656,4656,PASS
2025-12-05T12:34:22.894Z,XXRPZCAD,mean_reversion,2.8914385499999997,32000,4800,8000,0,0,87360.00000000092,4656,MAX_POSITION
2025-12-05T12:34:23.012Z,RUNEUSD,mean_reversion,0.6606599999999999,32000,4800,8000,0,0,87360.0000000008,4656,MAX_POSITION
2025-12-05T12:34:23.240Z,DOTUSDC,mean_reversion,2.2351328999999995,32000,4800,8000,0,0,87360.00000000108,4656,MAX_POSITION
2025-12-05T12:34:23.865Z,XXRPZEUR,mean_reversion,1.7787769999999996,32000,4800,8000,0,0,87360.00000000106,4656,MAX_POSITION
2025-12-05T12:34:24.528Z,DOTUSDT,mean_reversion,2.234232,32000,4800,8000,0,0,87360.00000000033,4656,MAX_POSITION
2025-12-05T12:34:24.650Z,SOSOUSD,mean_reversion,0.6021015,32000,4800,8000,0,0,87360.00000000112,4656,MAX_POSITION
2025-12-05T12:34:25.444Z,XRPGBP,mean_reversion,1.5520905399999998,32000,4800,8000,0,0,87360.0000000006,4656,MAX_POSITION
2025-12-05T12:34:25.655Z,XETCZUSD,mean_reversion,13.519505999999998,32000,4800,8000,0,0,87360.0000000017,4656,MAX_POSITION
2025-12-05T12:34:25.905Z,TONEUR,mean_reversion,1.36136,32000,4800,8000,0,0,87360.0000000008,4656,MAX_POSITION
2025-12-05T12:34:26.502Z,XRPRLUSD,mean_reversion,2.0487466999999997,32000,4800,8000,0,0,87360.00000000096,4656,MAX_POSITION
2025-12-05T12:34:26.666Z,ETHFIEUR,mean_reversion,0.6906899999999999,32000,4800,8000,0,0,87360.00000000016,4656,MAX_POSITION
2025-12-05T12:34:26.716Z,TONUSD,mean_reversion,1.58158,32000,4800,8000,0,0,87360.00000000025,4656,MAX_POSITION
2025-12-05T12:34:27.264Z,GRASS/USD,vwap_bounce,0.30740709999999993,32000,4800,8000,0,15146.039242424788,4656,4656,PASS
2025-12-05T12:34:27.659Z,XRPUSDT,mean_reversion,2.07050844,32000,4800,8000,0,0,87360.00000000042,4656,MAX_POSITION
2025-12-05T12:34:27.702Z,EULEUR,mean_reversion,3.3213179999999998,32000,4800,8000,0,0,87360.00000000019,4656,MAX_POSITION
2025-12-05T12:34:27.706Z,TRUMPUSD,mean_reversion,5.875869999999999,32000,4800,8000,0,0,87360.00000000147,4656,MAX_POSITION
2025-12-05T12:34:28.953Z,XTZEUR,mean_reversion,0.41901859999999996,32000,4800,8000,0,0,87360.00000000077,4656,MAX_POSITION
2025-12-05T12:34:29.038Z,LTC/EUR,vwap_pullback,70.70062999999999,32000,4800,8000,0,65.85514160199139,4656,4656,PASS
2025-12-05T12:34:29.879Z,EWTUSD,mean_reversion,0.6906899999999999,32000,4800,8000,0,0,87360.00000000016,4656,MAX_POSITION
2025-12-05T12:34:29.946Z,USDCHF,vwap_pullback,0.8044436399999999,32000,4800,8000,0,0,178174.22632794236,4656,MAX_POSITION
2025-12-05T12:34:30.168Z,XTZUSD,mean_reversion,0.48818769999999995,32000,4800,8000,0,0,87360.0000000009,4656,MAX_POSITION
2025-12-05T12:34:30.904Z,FORTHUSD,mean_reversion,1.7327309999999998,32000,4800,8000,0,0,87360.00000000163,4656,MAX_POSITION
2025-12-05T12:34:31.334Z,XXRPZCAD,mean_reversion,2.8914385499999997,32000,4800,8000,0,0,87360.00000000092,4656,MAX_POSITION
2025-12-05T12:34:31.902Z,FXSUSD,mean_reversion,0.805805,32000,4800,8000,0,0,87360.00000000052,4656,MAX_POSITION
2025-12-05T12:34:32.553Z,XXRPZEUR,mean_reversion,1.7787870099999998,32000,4800,8000,0,0,87360.00000000009,4656,MAX_POSITION
2025-12-05T12:34:33.040Z,KSMUSD,mean_reversion,8.448439999999998,32000,4800,8000,0,0,87360.00000000099,4656,MAX_POSITION
2025-12-05T12:34:33.910Z,XRPGBP,mean_reversion,1.5520905399999998,32000,4800,8000,0,0,87360.0000000006,4656,MAX_POSITION
2025-12-05T12:34:34.302Z,LINKEUR,vwap_pullback,12.051038999999998,32000,4800,8000,0,0,49631.168385137185,4656,MAX_POSITION
2025-12-05T12:34:34.922Z,XRPRLUSD,mean_reversion,2.0487466999999997,32000,4800,8000,0,0,87360.00000000096,4656,MAX_POSITION
2025-12-05T12:34:34.976Z,SOL/EUR,range_trading,117.5174,32000,4800,8000,0,39.619664832612024,4656,4656,PASS
2025-12-05T12:34:35.584Z,LINKUSD,vwap_pullback,14.021717709999997,32000,4800,8000,0,0,101105.0063712954,4656,MAX_POSITION
2025-12-05T12:34:36.192Z,XRPUSDT,mean_reversion,2.0704483799999998,32000,4800,8000,0,0,87360.00000000038,4656,MAX_POSITION
2025-12-05T12:34:37.394Z,XTZEUR,mean_reversion,0.41901859999999996,32000,4800,8000,0,0,87360.00000000077,4656,MAX_POSITION
2025-12-05T12:34:37.481Z,LINKUSDC,vwap_pullback,14.02633232,32000,4800,8000,0,0,94207.9024803247,4656,MAX_POSITION
2025-12-05T12:34:38.143Z,SUI/GBP,vwap_pullback,1.2181169,32000,4800,8000,0,3822.2932462393387,4656,4656,PASS
2025-12-05T12:34:38.409Z,XTZUSD,mean_reversion,0.48818769999999995,32000,4800,8000,0,0,87360.0000000009,4656,MAX_POSITION
2025-12-05T12:34:38.801Z,LINKUSDT,vwap_pullback,14.06292888,32000,4800,8000,0,0,79307.24258962595,4656,MAX_POSITION
2025-12-05T12:34:39.797Z,XLTCZEUR,mean_reversion,70.70062999999999,32000,4800,8000,0,0,87360.00000000077,4656,MAX_POSITION
2025-12-05T12:34:40.419Z,XION/USD,vwap_bounce,0.35795759999999993,32000,4800,8000,0,13007.127101086835,4656,4656,PASS
2025-12-05T12:34:41.070Z,XLTCZUSD,mean_reversion,82.26218,32000,4800,8000,0,0,87360.00000000096,4656,MAX_POSITION
2025-12-05T12:34:42.611Z,MASKEUR,mean_reversion,0.5805799999999999,32000,4800,8000,0,0,87360.00000000077,4656,MAX_POSITION
2025-12-05T12:34:42.939Z,ATOM/EUR,vwap_pullback,1.9440420999999997,32000,4800,8000,0,2395.0098611547564,4656,4656,PASS
2025-12-05T12:34:44.017Z,MEUSD,mean_reversion,0.3322318999999999,32000,4800,8000,0,0,87360.00000000102,4656,MAX_POSITION
2025-12-05T12:34:45.792Z,NANOEUR,mean_reversion,0.707725018,32000,4800,8000,0,0,87360.00000000016,4656,MAX_POSITION
2025-12-05T12:34:45.951Z,SOL/USDC,vwap_pullback,136.91678,32000,4800,8000,0,34.00605827861275,4656,4656,PASS
2025-12-05T12:34:47.089Z,NANOUSD,mean_reversion,0.8149261119999999,32000,4800,8000,0,0,87360.00000000073,4656,MAX_POSITION
2025-12-05T12:34:48.936Z,NOSUSD,mean_reversion,0.266266,32000,4800,8000,0,0,87360.00000000048,4656,MAX_POSITION
2025-12-05T12:34:48.976Z,AKT/EUR,vwap_pullback,0.3914911,32000,4800,8000,0,11892.990670796858,4656,4656,PASS
2025-12-05T12:34:50.260Z,EUL/USD,range_trading,3.8568529999999996,32000,4800,8000,0,1207.2018300930838,4656,4656,PASS
2025-12-05T12:34:50.355Z,OPEUR,mean_reversion,0.2720718,32000,4800,8000,0,0,87360.00000000038,4656,MAX_POSITION
2025-12-05T12:34:51.926Z,OPUSD,mean_reversion,0.31791759999999997,32000,4800,8000,0,0,87360.00000000035,4656,MAX_POSITION
2025-12-05T12:34:51.953Z,LTC/USD,vwap_pullback,82.31223,32000,4800,8000,0,56.565105817203595,4656,4656,PASS
2025-12-05T12:34:53.205Z,PROVEEUR,mean_reversion,0.39519479999999996,32000,4800,8000,0,0,87360.0000000004,4656,MAX_POSITION
2025-12-05T12:34:54.221Z,RUNEEUR,mean_reversion,0.5685679999999999,32000,4800,8000,0,0,87360.00000000109,4656,MAX_POSITION
2025-12-05T12:34:55.498Z,RUNEUSD,mean_reversion,0.6606599999999999,32000,4800,8000,0,0,87360.0000000008,4656,MAX_POSITION
2025-12-05T12:34:56.767Z,GRASS/USD,vwap_bounce,0.30740709999999993,32000,4800,8000,0,15146.039242424788,4656,4656,PASS
2025-12-05T12:34:56.857Z,SOSOUSD,mean_reversion,0.6010004,32000,4800,8000,0,0,87360.0000000006,4656,MAX_POSITION
2025-12-05T12:34:58.443Z,TONEUR,mean_reversion,1.36136,32000,4800,8000,0,0,87360.0000000008,4656,MAX_POSITION
2025-12-05T12:34:59.701Z,TONUSD,mean_reversion,1.58158,32000,4800,8000,0,0,87360.00000000025,4656,MAX_POSITION
2025-12-05T12:35:00.812Z,TRUMPUSD,mean_reversion,5.875869999999999,32000,4800,8000,0,0,87360.00000000147,4656,MAX_POSITION
2025-12-05T12:35:00.949Z,SUI/GBP,vwap_pullback,1.2184172,32000,4800,8000,0,3821.351175935468,4656,4656,PASS
2025-12-05T12:35:01.475Z,ADAAUD,mean_reversion,0.6494087599999999,32000,4800,8000,0,0,87360.00000000057,4656,MAX_POSITION
2025-12-05T12:35:03.448Z,USDCHF,vwap_pullback,0.8045137099999999,32000,4800,8000,0,0,175354.90909090565,4656,MAX_POSITION
2025-12-05T12:35:03.729Z,XION/USD,vwap_bounce,0.35795759999999993,32000,4800,8000,0,13007.127101086835,4656,4656,PASS
2025-12-05T12:35:03.834Z,AKTEUR,mean_reversion,0.3914911,32000,4800,8000,0,0,87360.0000000005,4656,MAX_POSITION
2025-12-05T12:35:05.162Z,AUDUSD,vwap_pullback,0.6640934299999999,32000,4800,8000,0,0,45025.9376802861,4656,MAX_POSITION
2025-12-05T12:35:05.328Z,XXRPZCAD,mean_reversion,2.89289,32000,4800,8000,0,0,87360.00000000004,4656,MAX_POSITION
2025-12-05T12:35:05.763Z,AUDUSD,sma_trend_ride,0.66475686,32000,4800,8000,0,0,104588.58259644918,4656,MAX_POSITION
2025-12-05T12:35:06.295Z,XXRPZEUR,mean_reversion,1.7833715899999998,32000,4800,8000,0,0,87360.000000001,4656,MAX_POSITION
2025-12-05T12:35:07.062Z,CAKEUSD,mean_reversion,2.3143119999999997,32000,4800,8000,0,0,87360.00000000033,4656,MAX_POSITION
2025-12-05T12:35:07.879Z,XRPGBP,mean_reversion,1.5549433899999998,32000,4800,8000,0,0,87360.00000000068,4656,MAX_POSITION
2025-12-05T12:35:08.165Z,CVXUSD,mean_reversion,1.8248229999999999,32000,4800,8000,0,0,87360.00000000054,4656,MAX_POSITION
2025-12-05T12:35:08.223Z,SOL/USDC,vwap_pullback,136.84671,32000,4800,8000,0,34.023470494833234,4656,4656,PASS
2025-12-05T12:35:09.187Z,XRPRLUSD,mean_reversion,2.0487466999999997,32000,4800,8000,0,0,87360.00000000096,4656,MAX_POSITION
2025-12-05T12:35:09.982Z,DOTEUR,mean_reversion,1.9204184999999998,32000,4800,8000,0,0,87360.00000000115,4656,MAX_POSITION
2025-12-05T12:35:10.289Z,XRPUSDT,mean_reversion,2.0707887199999995,32000,4800,8000,0,0,87360.00000000068,4656,MAX_POSITION
2025-12-05T12:35:11.163Z,AKT/EUR,vwap_pullback,0.3914911,32000,4800,8000,0,11892.990670796858,4656,4656,PASS
2025-12-05T12:35:11.245Z,DOTGBP,mean_reversion,1.6758741999999998,32000,4800,8000,0,0,87360.00000000054,4656,MAX_POSITION
2025-12-05T12:35:11.311Z,XTZEUR,mean_reversion,0.41901859999999996,32000,4800,8000,0,0,87360.00000000077,4656,MAX_POSITION
2025-12-05T12:35:12.257Z,XTZUSD,mean_reversion,0.4879874999999999,32000,4800,8000,0,0,87360.000000001,4656,MAX_POSITION
2025-12-05T12:35:12.507Z,DOTUSDC,mean_reversion,2.2351328999999995,32000,4800,8000,0,0,87360.00000000108,4656,MAX_POSITION
2025-12-05T12:35:12.968Z,ADAAUD,mean_reversion,0.6494087599999999,32000,4800,8000,0,0,87360.00000000057,4656,MAX_POSITION
2025-12-05T12:35:13.492Z,DOTUSDT,mean_reversion,2.2386364,32000,4800,8000,0,0,87360.0000000009,4656,MAX_POSITION
2025-12-05T12:35:13.534Z,LTC/USD,vwap_pullback,82.31223,32000,4800,8000,0,56.565105817203595,4656,4656,PASS
2025-12-05T12:35:14.292Z,AKTEUR,mean_reversion,0.3914911,32000,4800,8000,0,0,87360.0000000005,4656,MAX_POSITION
2025-12-05T12:35:14.787Z,XETCZUSD,mean_reversion,13.497483999999998,32000,4800,8000,0,0,87360.0000000007,4656,MAX_POSITION
2025-12-05T12:35:15.084Z,ETH/USD,vwap_pullback,3132.8997699999995,32000,4800,8000,0,1.486163089092378,4656,4656,PASS
2025-12-05T12:35:15.764Z,AUDUSD,vwap_pullback,0.6640934299999999,32000,4800,8000,0,0,45025.9376802861,4656,MAX_POSITION
2025-12-05T12:35:16.028Z,ETHFIEUR,mean_reversion,0.6906899999999999,32000,4800,8000,0,0,87360.00000000016,4656,MAX_POSITION
2025-12-05T12:35:16.350Z,AUDUSD,sma_trend_ride,0.66475686,32000,4800,8000,0,0,104588.58259644918,4656,MAX_POSITION
2025-12-05T12:35:17.027Z,EULEUR,mean_reversion,3.3213179999999998,32000,4800,8000,0,0,87360.00000000019,4656,MAX_POSITION
2025-12-05T12:35:17.172Z,ADA/USD,vwap_pullback,0.43072129099999995,32000,4800,8000,0,10809.774434856066,4656,4656,PASS
2025-12-05T12:35:17.742Z,CAKEUSD,mean_reversion,2.3143119999999997,32000,4800,8000,0,0,87360.00000000033,4656,MAX_POSITION
2025-12-05T12:35:18.912Z,GRASS/USD,vwap_bounce,0.30740709999999993,32000,4800,8000,0,15146.039242424788,4656,4656,PASS
2025-12-05T12:35:18.976Z,CVXUSD,mean_reversion,1.8248229999999999,32000,4800,8000,0,0,87360.00000000054,4656,MAX_POSITION
2025-12-05T12:35:19.004Z,EWTUSD,mean_reversion,0.6906899999999999,32000,4800,8000,0,0,87360.00000000016,4656,MAX_POSITION
2025-12-05T12:35:20.326Z,DOTEUR,mean_reversion,1.9204184999999998,32000,4800,8000,0,0,87360.00000000115,4656,MAX_POSITION
2025-12-05T12:35:20.430Z,FORTHUSD,mean_reversion,1.7327309999999998,32000,4800,8000,0,0,87360.00000000163,4656,MAX_POSITION
2025-12-05T12:35:21.583Z,FXSUSD,mean_reversion,0.805805,32000,4800,8000,0,0,87360.00000000052,4656,MAX_POSITION
2025-12-05T12:35:21.975Z,DOTGBP,mean_reversion,1.6758741999999998,32000,4800,8000,0,0,87360.00000000054,4656,MAX_POSITION
2025-12-05T12:35:22.327Z,LTC/EUR,vwap_pullback,70.76069,32000,4800,8000,0,65.7992453154428,4656,4656,PASS
2025-12-05T12:35:23.055Z,KSMUSD,mean_reversion,8.448439999999998,32000,4800,8000,0,0,87360.00000000099,4656,MAX_POSITION
2025-12-05T12:35:23.238Z,DOTUSDC,mean_reversion,2.2351328999999995,32000,4800,8000,0,0,87360.00000000108,4656,MAX_POSITION
2025-12-05T12:35:24.120Z,LINKEUR,vwap_pullback,12.083871799999999,32000,4800,8000,0,0,43623.93207063885,4656,MAX_POSITION
2025-12-05T12:35:24.229Z,DOTUSDT,mean_reversion,2.2386364,32000,4800,8000,0,0,87360.0000000009,4656,MAX_POSITION
2025-12-05T12:35:24.993Z,LINKUSD,vwap_pullback,14.058764719999997,32000,4800,8000,0,0,79309.01879955652,4656,MAX_POSITION
2025-12-05T12:35:26.094Z,LINKUSDC,vwap_pullback,14.02633232,32000,4800,8000,0,0,94208.05248136735,4656,MAX_POSITION
2025-12-05T12:35:26.130Z,SOL/USDC,vwap_pullback,137.04690999999997,32000,4800,8000,0,33.97376854392413,4656,4656,PASS
2025-12-05T12:35:26.244Z,XETCZUSD,mean_reversion,13.497483999999998,32000,4800,8000,0,0,87360.0000000007,4656,MAX_POSITION
2025-12-05T12:35:27.564Z,ETHFIEUR,mean_reversion,0.6906899999999999,32000,4800,8000,0,0,87360.00000000016,4656,MAX_POSITION
2025-12-05T12:35:27.724Z,LINKUSDT,vwap_pullback,14.054410369999998,32000,4800,8000,0,0,83440.75495389644,4656,MAX_POSITION
2025-12-05T12:35:28.565Z,EULEUR,mean_reversion,3.3213179999999998,32000,4800,8000,0,0,87360.00000000019,4656,MAX_POSITION
2025-12-05T12:35:29.086Z,AKT/EUR,vwap_pullback,0.3914911,32000,4800,8000,0,11892.990670796858,4656,4656,PASS
2025-12-05T12:35:29.352Z,XLTCZEUR,mean_reversion,70.76069,32000,4800,8000,0,0,87359.99999999959,4656,MAX_POSITION
2025-12-05T12:35:30.810Z,EWTUSD,mean_reversion,0.6906899999999999,32000,4800,8000,0,0,87360.00000000016,4656,MAX_POSITION
2025-12-05T12:35:31.025Z,XLTCZUSD,mean_reversion,82.42233999999999,32000,4800,8000,0,0,87360.00000000054,4656,MAX_POSITION
2025-12-05T12:35:31.695Z,LTC/USD,vwap_pullback,82.42233999999999,32000,4800,8000,0,56.48953912252431,4656,4656,PASS
2025-12-05T12:35:31.841Z,FORTHUSD,mean_reversion,1.7327309999999998,32000,4800,8000,0,0,87360.00000000163,4656,MAX_POSITION
2025-12-05T12:35:32.624Z,MASKEUR,mean_reversion,0.5805799999999999,32000,4800,8000,0,0,87360.00000000077,4656,MAX_POSITION
2025-12-05T12:35:33.423Z,FXSUSD,mean_reversion,0.805805,32000,4800,8000,0,0,87360.00000000052,4656,MAX_POSITION
2025-12-05T12:35:33.782Z,ETH/USD,vwap_pullback,3132.1990699999997,32000,4800,8000,0,1.4864955566186284,4656,4656,PASS
2025-12-05T12:35:34.799Z,KSMUSD,mean_reversion,8.448439999999998,32000,4800,8000,0,0,87360.00000000099,4656,MAX_POSITION
2025-12-05T12:35:34.813Z,MASKUSD,mean_reversion,0.669669,32000,4800,8000,0,0,87360.00000000125,4656,MAX_POSITION
2025-12-05T12:35:35.832Z,LINKEUR,vwap_pullback,12.083871799999999,32000,4800,8000,0,0,43623.93207063885,4656,MAX_POSITION
2025-12-05T12:35:36.095Z,MEUSD,mean_reversion,0.3322318999999999,32000,4800,8000,0,0,87360.00000000102,4656,MAX_POSITION
2025-12-05T12:35:36.407Z,ADA/USD,vwap_pullback,0.4312197889999999,32000,4800,8000,0,10797.278136973442,4656,4656,PASS
2025-12-05T12:35:37.109Z,LINKUSD,vwap_pullback,14.058764719999997,32000,4800,8000,0,0,79309.01879955652,4656,MAX_POSITION
2025-12-05T12:35:37.706Z,GRASS/USD,vwap_bounce,0.30740709999999993,32000,4800,8000,0,15146.039242424788,4656,4656,PASS
2025-12-05T12:35:38.447Z,NANOEUR,mean_reversion,0.707725018,32000,4800,8000,0,0,87360.00000000016,4656,MAX_POSITION
2025-12-05T12:35:38.544Z,LINKUSDC,vwap_pullback,14.02633232,32000,4800,8000,0,0,94208.05248136735,4656,MAX_POSITION
2025-12-05T12:35:39.488Z,NANOUSD,mean_reversion,0.8149261119999999,32000,4800,8000,0,0,87360.00000000073,4656,MAX_POSITION
2025-12-05T12:35:39.887Z,LINKUSDT,vwap_pullback,14.049485449999999,32000,4800,8000,0,0,86031.85022101317,4656,MAX_POSITION
2025-12-05T12:35:40.297Z,LTC/EUR,vwap_pullback,70.76069,32000,4800,8000,0,65.7992453154428,4656,4656,PASS
2025-12-05T12:35:40.711Z,NOSUSD,mean_reversion,0.266266,32000,4800,8000,0,0,87360.00000000048,4656,MAX_POSITION
2025-12-05T12:35:41.421Z,XLTCZEUR,mean_reversion,70.76069,32000,4800,8000,0,0,87359.99999999959,4656,MAX_POSITION
2025-12-05T12:35:42.034Z,OPEUR,mean_reversion,0.27357329999999996,32000,4800,8000,0,0,87360.00000000109,4656,MAX_POSITION
2025-12-05T12:35:42.309Z,BAND/USD,range_trading,0.40540499999999996,32000,4800,8000,0,11484.811484811486,4656,4656,PASS
2025-12-05T12:35:42.972Z,XLTCZUSD,mean_reversion,82.42233999999999,32000,4800,8000,0,0,87360.00000000054,4656,MAX_POSITION
2025-12-05T12:35:43.322Z,OPUSD,mean_reversion,0.31791759999999997,32000,4800,8000,0,0,87360.00000000035,4656,MAX_POSITION
2025-12-05T12:35:44.405Z,TRUMP/USD,vwap_pullback,5.875869999999999,32000,4800,8000,0,792.3932966522406,4656,4656,PASS
2025-12-05T12:35:44.607Z,MASKEUR,mean_reversion,0.5805799999999999,32000,4800,8000,0,0,87360.00000000077,4656,MAX_POSITION
2025-12-05T12:35:44.657Z,PROVEEUR,mean_reversion,0.39519479999999996,32000,4800,8000,0,0,87360.0000000004,4656,MAX_POSITION
2025-12-05T12:35:45.662Z,MASKUSD,mean_reversion,0.669669,32000,4800,8000,0,0,87360.00000000125,4656,MAX_POSITION
2025-12-05T12:35:46.270Z,RUNEEUR,mean_reversion,0.5685679999999999,32000,4800,8000,0,0,87360.00000000109,4656,MAX_POSITION
2025-12-05T12:35:46.599Z,MEUSD,mean_reversion,0.3322318999999999,32000,4800,8000,0,0,87360.00000000102,4656,MAX_POSITION
2025-12-05T12:35:47.547Z,RUNEUSD,mean_reversion,0.6606599999999999,32000,4800,8000,0,0,87360.0000000008,4656,MAX_POSITION
2025-12-05T12:35:48.675Z,SOL/USDC,vwap_pullback,137.04690999999997,32000,4800,8000,0,33.97376854392413,4656,4656,PASS
2025-12-05T12:35:48.889Z,SOSOUSD,mean_reversion,0.6010004,32000,4800,8000,0,0,87360.0000000006,4656,MAX_POSITION
2025-12-05T12:35:48.892Z,NANOEUR,mean_reversion,0.707725018,32000,4800,8000,0,0,87360.00000000016,4656,MAX_POSITION
2025-12-05T12:35:50.157Z,TONEUR,mean_reversion,1.36136,32000,4800,8000,0,0,87360.0000000008,4656,MAX_POSITION
2025-12-05T12:35:50.255Z,NANOUSD,mean_reversion,0.8149261119999999,32000,4800,8000,0,0,87360.00000000073,4656,MAX_POSITION
2025-12-05T12:35:51.465Z,TONUSD,mean_reversion,1.58158,32000,4800,8000,0,0,87360.00000000025,4656,MAX_POSITION
2025-12-05T12:35:51.668Z,NOSUSD,mean_reversion,0.266266,32000,4800,8000,0,0,87360.00000000048,4656,MAX_POSITION
2025-12-05T12:35:51.797Z,AKT/EUR,vwap_pullback,0.3914911,32000,4800,8000,0,11892.990670796858,4656,4656,PASS
2025-12-05T12:35:52.763Z,OPEUR,mean_reversion,0.27357329999999996,32000,4800,8000,0,0,87360.00000000109,4656,MAX_POSITION
2025-12-05T12:35:52.770Z,TRUMPUSD,mean_reversion,5.875869999999999,32000,4800,8000,0,0,87360.00000000147,4656,MAX_POSITION
2025-12-05T12:35:53.841Z,OPUSD,mean_reversion,0.31791759999999997,32000,4800,8000,0,0,87360.00000000035,4656,MAX_POSITION
2025-12-05T12:35:54.170Z,LTC/USD,vwap_pullback,82.42233999999999,32000,4800,8000,0,56.48953912252431,4656,4656,PASS
2025-12-05T12:35:54.863Z,PROVEEUR,mean_reversion,0.39519479999999996,32000,4800,8000,0,0,87360.0000000004,4656,MAX_POSITION
2025-12-05T12:35:55.720Z,ETH/USD,vwap_pullback,3131.7986699999997,32000,4800,8000,0,1.4866856048572243,4656,4656,PASS
2025-12-05T12:35:55.840Z,USDCHF,vwap_pullback,0.8044736699999999,32000,4800,8000,0,0,176954.86238531838,4656,MAX_POSITION
2025-12-05T12:35:57.132Z,XXRPZCAD,mean_reversion,2.89289,32000,4800,8000,0,0,87360.00000000004,4656,MAX_POSITION
2025-12-05T12:35:57.264Z,RUNEEUR,mean_reversion,0.5685679999999999,32000,4800,8000,0,0,87360.00000000109,4656,MAX_POSITION
2025-12-05T12:35:58.487Z,RUNEUSD,mean_reversion,0.6606599999999999,32000,4800,8000,0,0,87360.0000000008,4656,MAX_POSITION
2025-12-05T12:35:58.553Z,ADA/USD,vwap_pullback,0.4312197889999999,32000,4800,8000,0,10797.278136973442,4656,4656,PASS
2025-12-05T12:35:58.631Z,ADAAUD,mean_reversion,0.6494087599999999,32000,4800,8000,0,0,87360.00000000057,4656,MAX_POSITION
2025-12-05T12:35:58.764Z,XXRPZEUR,mean_reversion,1.7824106299999998,32000,4800,8000,0,0,87360.00000000096,4656,MAX_POSITION
2025-12-05T12:35:59.875Z,XRPGBP,mean_reversion,1.5554639099999998,32000,4800,8000,0,0,87360.00000000017,4656,MAX_POSITION
2025-12-05T12:35:59.880Z,SOSOUSD,mean_reversion,0.6010004,32000,4800,8000,0,0,87360.0000000006,4656,MAX_POSITION
2025-12-05T12:36:00.259Z,AKTEUR,mean_reversion,0.3914911,32000,4800,8000,0,0,87360.0000000005,4656,MAX_POSITION
2025-12-05T12:36:00.344Z,GRASS/USD,vwap_bounce,0.30740709999999993,32000,4800,8000,0,15146.039242424788,4656,4656,PASS
2025-12-05T12:36:00.992Z,XRPRLUSD,mean_reversion,2.0487466999999997,32000,4800,8000,0,0,87360.00000000096,4656,MAX_POSITION
2025-12-05T12:36:01.433Z,TONEUR,mean_reversion,1.36136,32000,4800,8000,0,0,87360.0000000008,4656,MAX_POSITION
2025-12-05T12:36:01.545Z,AUDUSD,vwap_pullback,0.6642335699999999,32000,4800,8000,0,0,44594.13979433369,4656,MAX_POSITION
2025-12-05T12:36:02.206Z,AUDUSD,sma_trend_ride,0.66489714,32000,4800,8000,0,0,102373.89805934622,4656,MAX_POSITION
2025-12-05T12:36:02.380Z,XRPUSDT,mean_reversion,2.0707887199999995,32000,4800,8000,0,0,87360.00000000068,4656,MAX_POSITION
2025-12-05T12:36:02.821Z,LTC/EUR,vwap_pullback,70.87079999999999,32000,4800,8000,0,65.69701484955723,4656,4656,PASS
2025-12-05T12:36:03.146Z,TONUSD,mean_reversion,1.58158,32000,4800,8000,0,0,87360.00000000025,4656,MAX_POSITION
2025-12-05T12:36:04.011Z,CVXUSD,mean_reversion,1.8248229999999999,32000,4800,8000,0,0,87360.00000000054,4656,MAX_POSITION
2025-12-05T12:36:04.045Z,XTZEUR,mean_reversion,0.41901859999999996,32000,4800,8000,0,0,87360.00000000077,4656,MAX_POSITION
2025-12-05T12:36:04.813Z,BAND/USD,range_trading,0.40540499999999996,32000,4800,8000,0,11484.811484811486,4656,4656,PASS
2025-12-05T12:36:05.126Z,TRUMPUSD,mean_reversion,5.875869999999999,32000,4800,8000,0,0,87360.00000000147,4656,MAX_POSITION
2025-12-05T12:36:05.272Z,DOTEUR,mean_reversion,1.9204184999999998,32000,4800,8000,0,0,87360.00000000115,4656,MAX_POSITION
2025-12-05T12:36:05.327Z,XTZUSD,mean_reversion,0.48888839999999995,32000,4800,8000,0,0,87360.0000000009,4656,MAX_POSITION
2025-12-05T12:36:06.397Z,TRUMP/USD,vwap_pullback,5.875869999999999,32000,4800,8000,0,792.3932966522406,4656,4656,PASS
2025-12-05T12:36:06.609Z,DOTGBP,mean_reversion,1.6758741999999998,32000,4800,8000,0,0,87360.00000000054,4656,MAX_POSITION
2025-12-05T12:36:07.582Z,DOTUSDC,mean_reversion,2.2351328999999995,32000,4800,8000,0,0,87360.00000000108,4656,MAX_POSITION
2025-12-05T12:36:07.713Z,USDCHF,vwap_pullback,0.8044936899999999,32000,4800,8000,0,0,176151.23287670923,4656,MAX_POSITION
2025-12-05T12:36:08.726Z,DOTUSDT,mean_reversion,2.2396374,32000,4800,8000,0,0,87360.00000000017,4656,MAX_POSITION
2025-12-05T12:36:09.244Z,XXRPZCAD,mean_reversion,2.89289,32000,4800,8000,0,0,87360.00000000004,4656,MAX_POSITION
2025-12-05T12:36:09.428Z,ADA/USD,vwap_pullback,0.43131788699999996,32000,4800,8000,0,10794.82242757069,4656,4656,PASS
2025-12-05T12:36:09.996Z,XETCZUSD,mean_reversion,13.497483999999998,32000,4800,8000,0,0,87360.0000000007,4656,MAX_POSITION
2025-12-05T12:36:10.531Z,XXRPZEUR,mean_reversion,1.7824106299999998,32000,4800,8000,0,0,87360.00000000096,4656,MAX_POSITION
2025-12-05T12:36:11.176Z,GRASS/USD,vwap_bounce,0.30740709999999993,32000,4800,8000,0,15146.039242424788,4656,4656,PASS
2025-12-05T12:36:11.243Z,ETHFIEUR,mean_reversion,0.6906899999999999,32000,4800,8000,0,0,87360.00000000016,4656,MAX_POSITION
2025-12-05T12:36:12.076Z,XRPGBP,mean_reversion,1.5554639099999998,32000,4800,8000,0,0,87360.00000000017,4656,MAX_POSITION
2025-12-05T12:36:12.219Z,ADAAUD,mean_reversion,0.6494087599999999,32000,4800,8000,0,0,87360.00000000057,4656,MAX_POSITION
2025-12-05T12:36:12.516Z,EULEUR,mean_reversion,3.3213179999999998,32000,4800,8000,0,0,87360.00000000019,4656,MAX_POSITION
2025-12-05T12:36:13.096Z,XRPRLUSD,mean_reversion,2.0487466999999997,32000,4800,8000,0,0,87360.00000000096,4656,MAX_POSITION
2025-12-05T12:36:13.649Z,LTC/EUR,vwap_pullback,70.87079999999999,32000,4800,8000,0,65.69701484955723,4656,4656,PASS
2025-12-05T12:36:13.809Z,AKTEUR,mean_reversion,0.3914911,32000,4800,8000,0,0,87360.0000000005,4656,MAX_POSITION
2025-12-05T12:36:14.448Z,EWTUSD,mean_reversion,0.6906899999999999,32000,4800,8000,0,0,87360.00000000016,4656,MAX_POSITION
2025-12-05T12:36:14.570Z,XRPUSDT,mean_reversion,2.0707887199999995,32000,4800,8000,0,0,87360.00000000068,4656,MAX_POSITION
2025-12-05T12:36:15.028Z,AUDUSD,vwap_pullback,0.6642335699999999,32000,4800,8000,0,0,44594.13979433369,4656,MAX_POSITION
2025-12-05T12:36:15.509Z,BAND/USD,range_trading,0.40540499999999996,32000,4800,8000,0,11484.811484811486,4656,4656,PASS
2025-12-05T12:36:15.620Z,AUDUSD,sma_trend_ride,0.66489714,32000,4800,8000,0,0,102373.89805934622,4656,MAX_POSITION
2025-12-05T12:36:15.727Z,FORTHUSD,mean_reversion,1.7327309999999998,32000,4800,8000,0,0,87360.00000000163,4656,MAX_POSITION
2025-12-05T12:36:15.844Z,XTZEUR,mean_reversion,0.41901859999999996,32000,4800,8000,0,0,87360.00000000077,4656,MAX_POSITION
2025-12-05T12:36:16.730Z,FXSUSD,mean_reversion,0.805805,32000,4800,8000,0,0,87360.00000000052,4656,MAX_POSITION
2025-12-05T12:36:16.933Z,CVXUSD,mean_reversion,1.8248229999999999,32000,4800,8000,0,0,87360.00000000054,4656,MAX_POSITION
2025-12-05T12:36:17.116Z,TRUMP/USD,vwap_pullback,5.875869999999999,32000,4800,8000,0,792.3932966522406,4656,4656,PASS
2025-12-05T12:36:17.197Z,XTZUSD,mean_reversion,0.48888839999999995,32000,4800,8000,0,0,87360.0000000009,4656,MAX_POSITION
2025-12-05T12:36:17.775Z,KSMUSD,mean_reversion,8.448439999999998,32000,4800,8000,0,0,87360.00000000099,4656,MAX_POSITION
2025-12-05T12:36:18.478Z,DOTEUR,mean_reversion,1.9204184999999998,32000,4800,8000,0,0,87360.00000000115,4656,MAX_POSITION
2025-12-05T12:36:18.608Z,ENSO/USD,vwap_pullback,0.736736,32000,4800,8000,0,6319.767189332407,4656,4656,PASS
2025-12-05T12:36:18.868Z,LINKEUR,vwap_pullback,12.08027821,32000,4800,8000,0,0,44208.40667519353,4656,MAX_POSITION
2025-12-05T12:36:19.509Z,DOTGBP,mean_reversion,1.6758741999999998,32000,4800,8000,0,0,87360.00000000054,4656,MAX_POSITION
2025-12-05T12:36:19.816Z,LINKUSD,vwap_pullback,14.054210169999998,32000,4800,8000,0,0,81463.61065777636,4656,MAX_POSITION
2025-12-05T12:36:20.511Z,DOTUSDC,mean_reversion,2.2351328999999995,32000,4800,8000,0,0,87360.00000000108,4656,MAX_POSITION
2025-12-05T12:36:21.387Z,LINKUSDC,vwap_pullback,14.02633232,32000,4800,8000,0,0,94208.05248136735,4656,MAX_POSITION
2025-12-05T12:36:21.512Z,DOTUSDT,mean_reversion,2.2396374,32000,4800,8000,0,0,87360.00000000017,4656,MAX_POSITION
2025-12-05T12:36:22.336Z,XETCZUSD,mean_reversion,13.497483999999998,32000,4800,8000,0,0,87360.0000000007,4656,MAX_POSITION
2025-12-05T12:36:22.640Z,LINKUSDT,vwap_pullback,14.049485449999999,32000,4800,8000,0,0,86031.85022101317,4656,MAX_POSITION
2025-12-05T12:36:23.608Z,ETHFIEUR,mean_reversion,0.6906899999999999,32000,4800,8000,0,0,87360.00000000016,4656,MAX_POSITION
2025-12-05T12:36:24.164Z,XLTCZEUR,mean_reversion,70.87079999999999,32000,4800,8000,0,0,87360.00000000114,4656,MAX_POSITION
2025-12-05T12:36:24.614Z,APT/EUR,vwap_pullback,1.5969953999999997,32000,4800,8000,0,2915.4748974229988,4656,4656,PASS
2025-12-05T12:36:24.817Z,EULEUR,mean_reversion,3.3213179999999998,32000,4800,8000,0,0,87360.00000000019,4656,MAX_POSITION
2025-12-05T12:36:24.986Z,XLTCZUSD,mean_reversion,82.44236,32000,4800,8000,0,0,87360.00000000064,4656,MAX_POSITION
2025-12-05T12:36:26.368Z,MASKEUR,mean_reversion,0.5805799999999999,32000,4800,8000,0,0,87360.00000000077,4656,MAX_POSITION
2025-12-05T12:36:27.301Z,EWTUSD,mean_reversion,0.6906899999999999,32000,4800,8000,0,0,87360.00000000016,4656,MAX_POSITION
2025-12-05T12:36:27.394Z,MASKUSD,mean_reversion,0.669669,32000,4800,8000,0,0,87360.00000000125,4656,MAX_POSITION
2025-12-05T12:36:28.317Z,LINK/USDT,vwap_pullback,14.049485449999999,32000,4800,8000,0,331.4000371451326,4656,4656,PASS
2025-12-05T12:36:28.318Z,FORTHUSD,mean_reversion,1.7327309999999998,32000,4800,8000,0,0,87360.00000000163,4656,MAX_POSITION
2025-12-05T12:36:28.673Z,MEUSD,mean_reversion,0.3322318999999999,32000,4800,8000,0,0,87360.00000000102,4656,MAX_POSITION
2025-12-05T12:36:29.313Z,FXSUSD,mean_reversion,0.805805,32000,4800,8000,0,0,87360.00000000052,4656,MAX_POSITION
2025-12-05T12:36:29.856Z,DOT/USDT,vwap_pullback,2.2396374,32000,4800,8000,0,2078.907951796126,4656,4656,PASS
2025-12-05T12:36:30.334Z,KSMUSD,mean_reversion,8.448439999999998,32000,4800,8000,0,0,87360.00000000099,4656,MAX_POSITION
2025-12-05T12:36:31.500Z,LINKEUR,vwap_pullback,12.08445238,32000,4800,8000,0,0,43531.01350191008,4656,MAX_POSITION
2025-12-05T12:36:31.686Z,NANOEUR,mean_reversion,0.707725018,32000,4800,8000,0,0,87360.00000000016,4656,MAX_POSITION
2025-12-05T12:36:32.464Z,LINKUSD,vwap_pullback,14.072448389999998,32000,4800,8000,0,0,73477.89872486061,4656,MAX_POSITION
2025-12-05T12:36:33.120Z,NANOUSD,mean_reversion,0.8149261119999999,32000,4800,8000,0,0,87360.00000000073,4656,MAX_POSITION
2025-12-05T12:36:33.939Z,LINKUSDC,vwap_pullback,14.02633232,32000,4800,8000,0,0,94208.05248136735,4656,MAX_POSITION
2025-12-05T12:36:34.763Z,NOSUSD,mean_reversion,0.266266,32000,4800,8000,0,0,87360.00000000048,4656,MAX_POSITION
2025-12-05T12:36:34.978Z,LINKUSDT,vwap_pullback,14.049485449999999,32000,4800,8000,0,0,86031.85022101317,4656,MAX_POSITION
2025-12-05T12:36:36.030Z,OPEUR,mean_reversion,0.27357329999999996,32000,4800,8000,0,0,87360.00000000109,4656,MAX_POSITION
2025-12-05T12:36:36.614Z,APT/EUR,vwap_pullback,1.5969953999999997,32000,4800,8000,0,2915.4748974229988,4656,4656,PASS
2025-12-05T12:36:37.002Z,XLTCZEUR,mean_reversion,70.86079,32000,4800,8000,0,0,87360.00000000188,4656,MAX_POSITION
2025-12-05T12:36:37.167Z,OPUSD,mean_reversion,0.31791759999999997,32000,4800,8000,0,0,87360.00000000035,4656,MAX_POSITION
2025-12-05T12:36:38.351Z,PROVEEUR,mean_reversion,0.39519479999999996,32000,4800,8000,0,0,87360.0000000004,4656,MAX_POSITION
2025-12-05T12:36:38.354Z,XLTCZUSD,mean_reversion,82.44236,32000,4800,8000,0,0,87360.00000000064,4656,MAX_POSITION
2025-12-05T12:36:39.376Z,RUNEEUR,mean_reversion,0.5685679999999999,32000,4800,8000,0,0,87360.00000000109,4656,MAX_POSITION
2025-12-05T12:36:39.825Z,MASKEUR,mean_reversion,0.5805799999999999,32000,4800,8000,0,0,87360.00000000077,4656,MAX_POSITION
2025-12-05T12:36:40.169Z,LINK/USDT,vwap_pullback,14.049485449999999,32000,4800,8000,0,331.4000371451326,4656,4656,PASS
2025-12-05T12:36:40.658Z,RUNEUSD,mean_reversion,0.6606599999999999,32000,4800,8000,0,0,87360.0000000008,4656,MAX_POSITION
2025-12-05T12:36:40.838Z,MASKUSD,mean_reversion,0.669669,32000,4800,8000,0,0,87360.00000000125,4656,MAX_POSITION
2025-12-05T12:36:41.953Z,SOSOUSD,mean_reversion,0.6010004,32000,4800,8000,0,0,87360.0000000006,4656,MAX_POSITION
2025-12-05T12:36:41.974Z,DOT/USDT,vwap_pullback,2.2396374,32000,4800,8000,0,2078.907951796126,4656,4656,PASS
2025-12-05T12:36:42.244Z,MEUSD,mean_reversion,0.3322318999999999,32000,4800,8000,0,0,87360.00000000102,4656,MAX_POSITION
2025-12-05T12:36:42.454Z,ADAAUD,mean_reversion,0.6494087599999999,32000,4800,8000,0,0,87360.00000000057,4656,MAX_POSITION
2025-12-05T12:36:43.438Z,TONEUR,mean_reversion,1.363362,32000,4800,8000,0,0,87360.00000000099,4656,MAX_POSITION
2025-12-05T12:36:43.886Z,AKTEUR,mean_reversion,0.3914911,32000,4800,8000,0,0,87360.0000000005,4656,MAX_POSITION
2025-12-05T12:36:44.523Z,NANOEUR,mean_reversion,0.707725018,32000,4800,8000,0,0,87360.00000000016,4656,MAX_POSITION
2025-12-05T12:36:44.698Z,TONUSD,mean_reversion,1.587586,32000,4800,8000,0,0,87360.00000000074,4656,MAX_POSITION
2025-12-05T12:36:45.252Z,AUDUSD,vwap_pullback,0.6642335699999999,32000,4800,8000,0,0,44594.13979433369,4656,MAX_POSITION
2025-12-05T12:36:45.523Z,FIL/EUR,vwap_pullback,1.3133119999999998,32000,4800,8000,0,3545.235252552326,4656,4656,PASS
2025-12-05T12:36:45.724Z,TRUMPUSD,mean_reversion,5.875869999999999,32000,4800,8000,0,0,87360.00000000147,4656,MAX_POSITION
2025-12-05T12:36:45.877Z,AUDUSD,sma_trend_ride,0.66489714,32000,4800,8000,0,0,102373.89805934622,4656,MAX_POSITION
2025-12-05T12:36:46.089Z,NANOUSD,mean_reversion,0.8149261119999999,32000,4800,8000,0,0,87360.00000000073,4656,MAX_POSITION
2025-12-05T12:36:47.163Z,DOT/GBP,vwap_pullback,1.6758741999999998,32000,4800,8000,0,2778.2514940560577,4656,4656,PASS
2025-12-05T12:36:47.173Z,CVXUSD,mean_reversion,1.8248229999999999,32000,4800,8000,0,0,87360.00000000054,4656,MAX_POSITION
2025-12-05T12:36:47.449Z,NOSUSD,mean_reversion,0.266266,32000,4800,8000,0,0,87360.00000000048,4656,MAX_POSITION
2025-12-05T12:36:48.102Z,USDCHF,vwap_pullback,0.8045036999999999,32000,4800,8000,0,0,175752.16400910835,4656,MAX_POSITION
2025-12-05T12:36:48.612Z,DOTEUR,mean_reversion,1.9204184999999998,32000,4800,8000,0,0,87360.00000000115,4656,MAX_POSITION
2025-12-05T12:36:48.959Z,OPEUR,mean_reversion,0.27357329999999996,32000,4800,8000,0,0,87360.00000000109,4656,MAX_POSITION
2025-12-05T12:36:49.502Z,XXRPZCAD,mean_reversion,2.8966537599999995,32000,4800,8000,0,0,87360.00000000128,4656,MAX_POSITION
2025-12-05T12:36:50.016Z,DOTGBP,mean_reversion,1.6758741999999998,32000,4800,8000,0,0,87360.00000000054,4656,MAX_POSITION
2025-12-05T12:36:50.237Z,OPUSD,mean_reversion,0.31791759999999997,32000,4800,8000,0,0,87360.00000000035,4656,MAX_POSITION
2025-12-05T12:36:50.817Z,XXRPZEUR,mean_reversion,1.7838420599999998,32000,4800,8000,0,0,87360.00000000051,4656,MAX_POSITION
2025-12-05T12:36:51.368Z,DOTUSDC,mean_reversion,2.2351328999999995,32000,4800,8000,0,0,87360.00000000108,4656,MAX_POSITION
2025-12-05T12:36:51.594Z,PROVEEUR,mean_reversion,0.39519479999999996,32000,4800,8000,0,0,87360.0000000004,4656,MAX_POSITION
2025-12-05T12:36:52.142Z,XRPGBP,mean_reversion,1.55747592,32000,4800,8000,0,0,87360.00000000036,4656,MAX_POSITION
2025-12-05T12:36:52.638Z,RUNEEUR,mean_reversion,0.5685679999999999,32000,4800,8000,0,0,87360.00000000109,4656,MAX_POSITION
2025-12-05T12:36:53.169Z,DOTUSDT,mean_reversion,2.2396374,32000,4800,8000,0,0,87360.00000000017,4656,MAX_POSITION
2025-12-05T12:36:53.623Z,RUNEUSD,mean_reversion,0.6606599999999999,32000,4800,8000,0,0,87360.0000000008,4656,MAX_POSITION
2025-12-05T12:36:53.699Z,XRPRLUSD,mean_reversion,2.0487466999999997,32000,4800,8000,0,0,87360.00000000096,4656,MAX_POSITION
2025-12-05T12:36:54.129Z,XETCZUSD,mean_reversion,13.497483999999998,32000,4800,8000,0,0,87360.0000000007,4656,MAX_POSITION
2025-12-05T12:36:54.647Z,SOSOUSD,mean_reversion,0.6010004,32000,4800,8000,0,0,87360.0000000006,4656,MAX_POSITION
2025-12-05T12:36:54.741Z,XRPUSDT,mean_reversion,2.0707887199999995,32000,4800,8000,0,0,87360.00000000068,4656,MAX_POSITION
2025-12-05T12:36:55.171Z,ETHFIEUR,mean_reversion,0.6906899999999999,32000,4800,8000,0,0,87360.00000000016,4656,MAX_POSITION
2025-12-05T12:36:55.808Z,XTZEUR,mean_reversion,0.41901859999999996,32000,4800,8000,0,0,87360.00000000077,4656,MAX_POSITION
2025-12-05T12:36:55.904Z,TONEUR,mean_reversion,1.363362,32000,4800,8000,0,0,87360.00000000099,4656,MAX_POSITION
2025-12-05T12:36:56.478Z,EULEUR,mean_reversion,3.3213179999999998,32000,4800,8000,0,0,87360.00000000019,4656,MAX_POSITION
2025-12-05T12:36:56.723Z,TONUSD,mean_reversion,1.587586,32000,4800,8000,0,0,87360.00000000074,4656,MAX_POSITION
2025-12-05T12:36:56.778Z,FIL/EUR,vwap_pullback,1.3133119999999998,32000,4800,8000,0,3545.235252552326,4656,4656,PASS
2025-12-05T12:36:56.895Z,XTZUSD,mean_reversion,0.48888839999999995,32000,4800,8000,0,0,87360.0000000009,4656,MAX_POSITION
2025-12-05T12:36:58.001Z,TRUMPUSD,mean_reversion,5.875869999999999,32000,4800,8000,0,0,87360.00000000147,4656,MAX_POSITION
2025-12-05T12:36:58.070Z,DOT/GBP,vwap_pullback,1.6758741999999998,32000,4800,8000,0,2778.2514940560577,4656,4656,PASS
2025-12-05T12:36:58.981Z,EWTUSD,mean_reversion,0.6906899999999999,32000,4800,8000,0,0,87360.00000000016,4656,MAX_POSITION
2025-12-05T12:37:00.254Z,FORTHUSD,mean_reversion,1.7327309999999998,32000,4800,8000,0,0,87360.00000000163,4656,MAX_POSITION
2025-12-05T12:37:00.577Z,USDCHF,vwap_pullback,0.8045036999999999,32000,4800,8000,0,0,175752.16400910835,4656,MAX_POSITION
2025-12-05T12:37:01.258Z,FXSUSD,mean_reversion,0.805805,32000,4800,8000,0,0,87360.00000000052,4656,MAX_POSITION
2025-12-05T12:37:02.071Z,XXRPZCAD,mean_reversion,2.8966537599999995,32000,4800,8000,0,0,87360.00000000128,4656,MAX_POSITION
2025-12-05T12:37:02.700Z,KSMUSD,mean_reversion,8.448439999999998,32000,4800,8000,0,0,87360.00000000099,4656,MAX_POSITION
2025-12-05T12:37:03.421Z,XXRPZEUR,mean_reversion,1.7838420599999998,32000,4800,8000,0,0,87360.00000000051,4656,MAX_POSITION
2025-12-05T12:37:03.892Z,LINKEUR,vwap_pullback,12.08445238,32000,4800,8000,0,0,43531.07467367405,4656,MAX_POSITION
2025-12-05T12:37:04.663Z,XRPGBP,mean_reversion,1.55747592,32000,4800,8000,0,0,87360.00000000036,4656,MAX_POSITION
2025-12-05T12:37:04.702Z,XRP/USD,vwap_pullback,2.0768247499999997,32000,4800,8000,0,2241.8839143745763,4656,4656,PASS
2025-12-05T12:37:04.711Z,LINKUSD,vwap_pullback,14.06523118,32000,4800,8000,0,0,76441.69985276357,4656,MAX_POSITION
2025-12-05T12:37:05.961Z,XRPRLUSD,mean_reversion,2.0487466999999997,32000,4800,8000,0,0,87360.00000000096,4656,MAX_POSITION
2025-12-05T12:37:06.025Z,LINKUSDC,vwap_pullback,14.02633232,32000,4800,8000,0,0,94208.05248136735,4656,MAX_POSITION
2025-12-05T12:37:07.064Z,XRPUSDT,mean_reversion,2.0707887199999995,32000,4800,8000,0,0,87360.00000000068,4656,MAX_POSITION
2025-12-05T12:37:07.267Z,LINKUSDT,vwap_pullback,14.049485449999999,32000,4800,8000,0,0,86031.85022101317,4656,MAX_POSITION
2025-12-05T12:37:08.359Z,XTZEUR,mean_reversion,0.41901859999999996,32000,4800,8000,0,0,87360.00000000077,4656,MAX_POSITION
2025-12-05T12:37:08.591Z,XLTCZEUR,mean_reversion,70.87079999999999,32000,4800,8000,0,0,87360.00000000114,4656,MAX_POSITION
2025-12-05T12:37:09.412Z,FIL/EUR,vwap_pullback,1.3133119999999998,32000,4800,8000,0,3545.235252552326,4656,4656,PASS
2025-12-05T12:37:09.907Z,XTZUSD,mean_reversion,0.48888839999999995,32000,4800,8000,0,0,87360.0000000009,4656,MAX_POSITION
2025-12-05T12:37:10.014Z,XLTCZUSD,mean_reversion,82.47238999999999,32000,4800,8000,0,0,87360.0000000015,4656,MAX_POSITION
2025-12-05T12:37:10.680Z,DOT/GBP,vwap_pullback,1.6758741999999998,32000,4800,8000,0,2778.2514940560577,4656,4656,PASS
2025-12-05T12:37:11.022Z,MASKEUR,mean_reversion,0.5805799999999999,32000,4800,8000,0,0,87360.00000000077,4656,MAX_POSITION
2025-12-05T12:37:12.380Z,MASKUSD,mean_reversion,0.669669,32000,4800,8000,0,0,87360.00000000125,4656,MAX_POSITION
2025-12-05T12:37:13.739Z,MEUSD,mean_reversion,0.3322318999999999,32000,4800,8000,0,0,87360.00000000102,4656,MAX_POSITION
2025-12-05T12:37:16.182Z,NANOEUR,mean_reversion,0.707725018,32000,4800,8000,0,0,87360.00000000016,4656,MAX_POSITION
2025-12-05T12:37:16.262Z,XRP/USD,vwap_pullback,2.0750629899999997,32000,4800,8000,0,2243.7873078734833,4656,4656,PASS
2025-12-05T12:37:17.523Z,NANOUSD,mean_reversion,0.8149261119999999,32000,4800,8000,0,0,87360.00000000073,4656,MAX_POSITION
2025-12-05T12:37:18.904Z,NOSUSD,mean_reversion,0.266266,32000,4800,8000,0,0,87360.00000000048,4656,MAX_POSITION
2025-12-05T12:37:20.125Z,OPEUR,mean_reversion,0.27357329999999996,32000,4800,8000,0,0,87360.00000000109,4656,MAX_POSITION
2025-12-05T12:37:20.879Z,XRP/USD,vwap_pullback,2.0750629899999997,32000,4800,8000,0,2243.7873078734833,4656,4656,PASS
2025-12-05T12:37:21.395Z,OPUSD,mean_reversion,0.31791759999999997,32000,4800,8000,0,0,87360.00000000035,4656,MAX_POSITION
2025-12-05T12:37:22.469Z,SUI/USD,vwap_pullback,1.6290273999999998,32000,4800,8000,0,2858.1471373655227,4656,4656,PASS
2025-12-05T12:37:22.743Z,PROVEEUR,mean_reversion,0.39519479999999996,32000,4800,8000,0,0,87360.0000000004,4656,MAX_POSITION
2025-12-05T12:37:23.866Z,RUNEEUR,mean_reversion,0.5685679999999999,32000,4800,8000,0,0,87360.00000000109,4656,MAX_POSITION
2025-12-05T12:37:24.034Z,ADA/EUR,vwap_pullback,0.37065928899999995,32000,4800,8000,0,12561.401098462693,4656,4656,PASS
2025-12-05T12:37:25.395Z,RUNEUSD,mean_reversion,0.6606599999999999,32000,4800,8000,0,0,87360.0000000008,4656,MAX_POSITION
2025-12-05T12:37:26.646Z,SOSOUSD,mean_reversion,0.6010004,32000,4800,8000,0,0,87360.0000000006,4656,MAX_POSITION
2025-12-05T12:37:27.928Z,TONEUR,mean_reversion,1.363362,32000,4800,8000,0,0,87360.00000000099,4656,MAX_POSITION
2025-12-05T12:37:28.853Z,ADAAUD,mean_reversion,0.6494087599999999,32000,4800,8000,0,0,87360.00000000057,4656,MAX_POSITION
2025-12-05T12:37:29.447Z,TONUSD,mean_reversion,1.5865849999999997,32000,4800,8000,0,0,87360.00000000176,4656,MAX_POSITION
2025-12-05T12:37:29.634Z,XRP/USD,vwap_pullback,2.0750529799999997,32000,4800,8000,0,2243.7981318433617,4656,4656,PASS
2025-12-05T12:37:30.167Z,AKTEUR,mean_reversion,0.3914911,32000,4800,8000,0,0,87360.0000000005,4656,MAX_POSITION
2025-12-05T12:37:30.411Z,TRUMPUSD,mean_reversion,5.875869999999999,32000,4800,8000,0,0,87360.00000000147,4656,MAX_POSITION
2025-12-05T12:37:31.435Z,AUDUSD,vwap_pullback,0.6639332699999999,32000,4800,8000,0,0,45530.13469387324,4656,MAX_POSITION
2025-12-05T12:37:31.487Z,SUI/USD,vwap_pullback,1.6290273999999998,32000,4800,8000,0,2858.1471373655227,4656,4656,PASS
2025-12-05T12:37:32.028Z,AUDUSD,sma_trend_ride,0.66459654,32000,4800,8000,0,0,107241.18759691616,4656,MAX_POSITION
2025-12-05T12:37:32.967Z,USDCHF,vwap_pullback,0.8044536499999999,32000,4800,8000,0,0,177765.89861750914,4656,MAX_POSITION
2025-12-05T12:37:33.105Z,ADA/EUR,vwap_pullback,0.37065928899999995,32000,4800,8000,0,12561.401098462693,4656,4656,PASS
2025-12-05T12:37:33.692Z,CVXUSD,mean_reversion,1.8248229999999999,32000,4800,8000,0,0,87360.00000000054,4656,MAX_POSITION
2025-12-05T12:37:34.042Z,XXRPZCAD,mean_reversion,2.8966537599999995,32000,4800,8000,0,0,87360.00000000128,4656,MAX_POSITION
2025-12-05T12:37:35.233Z,DOTEUR,mean_reversion,1.9259239999999997,32000,4800,8000,0,0,87360.00000000108,4656,MAX_POSITION
2025-12-05T12:37:35.565Z,XXRPZEUR,mean_reversion,1.7838420599999998,32000,4800,8000,0,0,87360.00000000051,4656,MAX_POSITION
2025-12-05T12:37:36.199Z,DOTGBP,mean_reversion,1.6758741999999998,32000,4800,8000,0,0,87360.00000000054,4656,MAX_POSITION
2025-12-05T12:37:36.822Z,XRPGBP,mean_reversion,1.5571656099999998,32000,4800,8000,0,0,87360.0000000011,4656,MAX_POSITION
2025-12-05T12:37:37.203Z,DOTUSDC,mean_reversion,2.2351328999999995,32000,4800,8000,0,0,87360.00000000108,4656,MAX_POSITION
2025-12-05T12:37:37.842Z,XRPRLUSD,mean_reversion,2.0487466999999997,32000,4800,8000,0,0,87360.00000000096,4656,MAX_POSITION
2025-12-05T12:37:38.465Z,DOTUSDT,mean_reversion,2.2396374,32000,4800,8000,0,0,87360.00000000017,4656,MAX_POSITION
2025-12-05T12:37:38.562Z,SUI/USD,vwap_pullback,1.6290273999999998,32000,4800,8000,0,2858.1471373655227,4656,4656,PASS
2025-12-05T12:37:38.955Z,XRPUSDT,mean_reversion,2.0707887199999995,32000,4800,8000,0,0,87360.00000000068,4656,MAX_POSITION
2025-12-05T12:37:39.887Z,ADA/EUR,vwap_pullback,0.37065928899999995,32000,4800,8000,0,12561.401098462693,4656,4656,PASS
2025-12-05T12:37:39.891Z,XETCZUSD,mean_reversion,13.497483999999998,32000,4800,8000,0,0,87360.0000000007,4656,MAX_POSITION
2025-12-05T12:37:40.224Z,XTZEUR,mean_reversion,0.41901859999999996,32000,4800,8000,0,0,87360.00000000077,4656,MAX_POSITION
2025-12-05T12:37:40.904Z,ETHFIEUR,mean_reversion,0.6906899999999999,32000,4800,8000,0,0,87360.00000000016,4656,MAX_POSITION
2025-12-05T12:37:41.559Z,XTZUSD,mean_reversion,0.48888839999999995,32000,4800,8000,0,0,87360.0000000009,4656,MAX_POSITION
2025-12-05T12:37:41.887Z,EULEUR,mean_reversion,3.3213179999999998,32000,4800,8000,0,0,87360.00000000019,4656,MAX_POSITION
2025-12-05T12:37:42.269Z,ADAAUD,mean_reversion,0.6494087599999999,32000,4800,8000,0,0,87360.00000000057,4656,MAX_POSITION
2025-12-05T12:37:43.283Z,EWTUSD,mean_reversion,0.6906899999999999,32000,4800,8000,0,0,87360.00000000016,4656,MAX_POSITION
2025-12-05T12:37:43.536Z,AKTEUR,mean_reversion,0.3914911,32000,4800,8000,0,0,87360.0000000005,4656,MAX_POSITION
2025-12-05T12:37:44.553Z,AUDUSD,vwap_pullback,0.66388322,32000,4800,8000,0,0,45690.05617211563,4656,MAX_POSITION
2025-12-05T12:37:44.822Z,FORTHUSD,mean_reversion,1.7327309999999998,32000,4800,8000,0,0,87360.00000000163,4656,MAX_POSITION
2025-12-05T12:37:45.162Z,AUDUSD,sma_trend_ride,0.6645464400000001,32000,4800,8000,0,0,108143.79556636969,4656,MAX_POSITION
2025-12-05T12:37:46.055Z,FXSUSD,mean_reversion,0.805805,32000,4800,8000,0,0,87360.00000000052,4656,MAX_POSITION
2025-12-05T12:37:46.476Z,SUI/USD,vwap_pullback,1.6290273999999998,32000,4800,8000,0,2858.1471373655227,4656,4656,PASS
2025-12-05T12:37:46.535Z,CVXUSD,mean_reversion,1.8248229999999999,32000,4800,8000,0,0,87360.00000000054,4656,MAX_POSITION
2025-12-05T12:37:47.331Z,KSMUSD,mean_reversion,8.448439999999998,32000,4800,8000,0,0,87360.00000000099,4656,MAX_POSITION
2025-12-05T12:37:47.750Z,DOTEUR,mean_reversion,1.9259239999999997,32000,4800,8000,0,0,87360.00000000108,4656,MAX_POSITION
2025-12-05T12:37:48.544Z,ADA/EUR,vwap_pullback,0.37065928899999995,32000,4800,8000,0,12561.401098462693,4656,4656,PASS
2025-12-05T12:37:48.879Z,LINKEUR,vwap_pullback,12.08445238,32000,4800,8000,0,0,43531.07467367405,4656,MAX_POSITION
2025-12-05T12:37:49.374Z,DOTGBP,mean_reversion,1.6758741999999998,32000,4800,8000,0,0,87360.00000000054,4656,MAX_POSITION
2025-12-05T12:37:49.843Z,LINKUSD,vwap_pullback,14.043449419999998,32000,4800,8000,0,0,87058.6990925624,4656,MAX_POSITION
2025-12-05T12:37:50.671Z,DOTUSDC,mean_reversion,2.2351328999999995,32000,4800,8000,0,0,87360.00000000108,4656,MAX_POSITION
2025-12-05T12:37:51.454Z,LINKUSDC,vwap_pullback,14.02633232,32000,4800,8000,0,0,94208.05248136735,4656,MAX_POSITION
2025-12-05T12:37:51.691Z,DOTUSDT,mean_reversion,2.2396374,32000,4800,8000,0,0,87360.00000000017,4656,MAX_POSITION
2025-12-05T12:37:52.738Z,XETCZUSD,mean_reversion,13.497483999999998,32000,4800,8000,0,0,87360.0000000007,4656,MAX_POSITION
2025-12-05T12:37:52.809Z,LINKUSDT,vwap_pullback,14.049485449999999,32000,4800,8000,0,0,86031.85022101317,4656,MAX_POSITION
2025-12-05T12:37:53.403Z,SUI/USD,vwap_pullback,1.6290273999999998,32000,4800,8000,0,2858.1471373655227,4656,4656,PASS
2025-12-05T12:37:53.741Z,ETHFIEUR,mean_reversion,0.6906899999999999,32000,4800,8000,0,0,87360.00000000016,4656,MAX_POSITION
2025-12-05T12:37:54.302Z,XLTCZEUR,mean_reversion,70.87079999999999,32000,4800,8000,0,0,87360.00000000114,4656,MAX_POSITION
2025-12-05T12:37:54.740Z,EULEUR,mean_reversion,3.3213179999999998,32000,4800,8000,0,0,87360.00000000019,4656,MAX_POSITION
2025-12-05T12:37:55.025Z,ADA/EUR,vwap_pullback,0.37065928899999995,32000,4800,8000,0,12561.401098462693,4656,4656,PASS
2025-12-05T12:37:55.838Z,XLTCZUSD,mean_reversion,82.47238999999999,32000,4800,8000,0,0,87360.0000000015,4656,MAX_POSITION
2025-12-05T12:37:56.359Z,EWTUSD,mean_reversion,0.6906899999999999,32000,4800,8000,0,0,87360.00000000016,4656,MAX_POSITION
2025-12-05T12:37:57.187Z,MASKEUR,mean_reversion,0.5805799999999999,32000,4800,8000,0,0,87360.00000000077,4656,MAX_POSITION
2025-12-05T12:37:57.420Z,FORTHUSD,mean_reversion,1.7327309999999998,32000,4800,8000,0,0,87360.00000000163,4656,MAX_POSITION
2025-12-05T12:37:57.692Z,SYRUP/USD,vwap_bounce,0.26956929999999996,32000,4800,8000,0,17271.996477343677,4656,4656,PASS
2025-12-05T12:37:58.534Z,FXSUSD,mean_reversion,0.805805,32000,4800,8000,0,0,87360.00000000052,4656,MAX_POSITION
2025-12-05T12:37:58.538Z,MASKUSD,mean_reversion,0.669669,32000,4800,8000,0,0,87360.00000000125,4656,MAX_POSITION
2025-12-05T12:37:59.668Z,KSMUSD,mean_reversion,8.448439999999998,32000,4800,8000,0,0,87360.00000000099,4656,MAX_POSITION
2025-12-05T12:37:59.850Z,AUD/USD,sma_trend_ride,0.6645464400000001,32000,4800,8000,0,7006.282360040932,4656,4656,PASS
2025-12-05T12:37:59.955Z,MEUSD,mean_reversion,0.3322318999999999,32000,4800,8000,0,0,87360.00000000102,4656,MAX_POSITION
2025-12-05T12:38:00.779Z,LINKEUR,vwap_pullback,12.06586381,32000,4800,8000,0,0,46723.094731326106,4656,MAX_POSITION
2025-12-05T12:38:01.497Z,NANOEUR,mean_reversion,0.707725018,32000,4800,8000,0,0,87360.00000000016,4656,MAX_POSITION
2025-12-05T12:38:01.837Z,LINKUSD,vwap_pullback,14.043449419999998,32000,4800,8000,0,0,87058.03675170601,4656,MAX_POSITION
2025-12-05T12:38:03.100Z,NANOUSD,mean_reversion,0.8149261119999999,32000,4800,8000,0,0,87360.00000000073,4656,MAX_POSITION
2025-12-05T12:38:03.170Z,LINKUSDC,vwap_pullback,14.02633232,32000,4800,8000,0,0,94208.05248136735,4656,MAX_POSITION
2025-12-05T12:38:03.945Z,SUI/USD,vwap_pullback,1.6290273999999998,32000,4800,8000,0,2858.1471373655227,4656,4656,PASS
2025-12-05T12:38:04.733Z,NOSUSD,mean_reversion,0.266266,32000,4800,8000,0,0,87360.00000000048,4656,MAX_POSITION
2025-12-05T12:38:04.969Z,LINKUSDT,vwap_pullback,14.049485449999999,32000,4800,8000,0,0,86031.85022101317,4656,MAX_POSITION
2025-12-05T12:38:05.671Z,ADA/EUR,vwap_pullback,0.37065928899999995,32000,4800,8000,0,12561.401098462693,4656,4656,PASS
2025-12-05T12:38:05.747Z,OPEUR,mean_reversion,0.27357329999999996,32000,4800,8000,0,0,87360.00000000109,4656,MAX_POSITION
2025-12-05T12:38:06.037Z,XLTCZEUR,mean_reversion,70.87079999999999,32000,4800,8000,0,0,87360.00000000114,4656,MAX_POSITION
2025-12-05T12:38:07.146Z,OPUSD,mean_reversion,0.31791759999999997,32000,4800,8000,0,0,87360.00000000035,4656,MAX_POSITION
2025-12-05T12:38:07.162Z,XLTCZUSD,mean_reversion,82.47238999999999,32000,4800,8000,0,0,87360.0000000015,4656,MAX_POSITION
2025-12-05T12:38:08.167Z,PROVEEUR,mean_reversion,0.39519479999999996,32000,4800,8000,0,0,87360.0000000004,4656,MAX_POSITION
2025-12-05T12:38:08.564Z,MASKEUR,mean_reversion,0.5805799999999999,32000,4800,8000,0,0,87360.00000000077,4656,MAX_POSITION
2025-12-05T12:38:08.629Z,SYRUP/USD,vwap_bounce,0.26947920999999997,32000,4800,8000,0,17277.770704463623,4656,4656,PASS
2025-12-05T12:38:09.500Z,RUNEEUR,mean_reversion,0.5685679999999999,32000,4800,8000,0,0,87360.00000000109,4656,MAX_POSITION
2025-12-05T12:38:09.840Z,MASKUSD,mean_reversion,0.669669,32000,4800,8000,0,0,87360.00000000125,4656,MAX_POSITION
2025-12-05T12:38:10.249Z,AUD/USD,sma_trend_ride,0.66465666,32000,4800,8000,0,7005.120508383982,4656,4656,PASS
2025-12-05T12:38:10.838Z,RUNEUSD,mean_reversion,0.6606599999999999,32000,4800,8000,0,0,87360.0000000008,4656,MAX_POSITION
2025-12-05T12:38:10.896Z,MEUSD,mean_reversion,0.3322318999999999,32000,4800,8000,0,0,87360.00000000102,4656,MAX_POSITION
2025-12-05T12:38:12.106Z,SOSOUSD,mean_reversion,0.6010004,32000,4800,8000,0,0,87360.0000000006,4656,MAX_POSITION
2025-12-05T12:38:12.212Z,NANOEUR,mean_reversion,0.707725018,32000,4800,8000,0,0,87360.00000000016,4656,MAX_POSITION
2025-12-05T12:38:13.420Z,NANOUSD,mean_reversion,0.8149261119999999,32000,4800,8000,0,0,87360.00000000073,4656,MAX_POSITION
2025-12-05T12:38:13.704Z,TONEUR,mean_reversion,1.3643629999999998,32000,4800,8000,0,0,87360.00000000109,4656,MAX_POSITION
2025-12-05T12:38:14.561Z,SUI/USD,vwap_pullback,1.6290273999999998,32000,4800,8000,0,2858.1471373655227,4656,4656,PASS
2025-12-05T12:38:14.672Z,NOSUSD,mean_reversion,0.266266,32000,4800,8000,0,0,87360.00000000048,4656,MAX_POSITION
2025-12-05T12:38:14.712Z,TONUSD,mean_reversion,1.5865849999999997,32000,4800,8000,0,0,87360.00000000176,4656,MAX_POSITION
2025-12-05T12:38:15.869Z,ADA/EUR,vwap_pullback,0.37094157099999997,32000,4800,8000,0,12551.842025815975,4656,4656,PASS
2025-12-05T12:38:15.939Z,OPEUR,mean_reversion,0.27357329999999996,32000,4800,8000,0,0,87360.00000000109,4656,MAX_POSITION
2025-12-05T12:38:16.265Z,TRUMPUSD,mean_reversion,5.881876,32000,4800,8000,0,0,87359.99999999981,4656,MAX_POSITION
2025-12-05T12:38:16.946Z,OPUSD,mean_reversion,0.31791759999999997,32000,4800,8000,0,0,87360.00000000035,4656,MAX_POSITION
2025-12-05T12:38:18.072Z,SYRUP/USD,vwap_bounce,0.26947920999999997,32000,4800,8000,0,17277.770704463623,4656,4656,PASS
2025-12-05T12:38:18.810Z,PROVEEUR,mean_reversion,0.39519479999999996,32000,4800,8000,0,0,87360.0000000004,4656,MAX_POSITION
2025-12-05T12:38:19.459Z,USDCHF,vwap_pullback,0.8045036999999999,32000,4800,8000,0,0,175752.16400910835,4656,MAX_POSITION
2025-12-05T12:38:19.829Z,RUNEEUR,mean_reversion,0.5685679999999999,32000,4800,8000,0,0,87360.00000000109,4656,MAX_POSITION
2025-12-05T12:38:20.157Z,AUD/USD,vwap_pullback,0.6641634999999999,32000,4800,8000,0,7010.32200655411,4656,4656,PASS
2025-12-05T12:38:20.537Z,XXRPZCAD,mean_reversion,2.8966537599999995,32000,4800,8000,0,0,87360.00000000128,4656,MAX_POSITION
2025-12-05T12:38:21.189Z,RUNEUSD,mean_reversion,0.6606599999999999,32000,4800,8000,0,0,87360.0000000008,4656,MAX_POSITION
2025-12-05T12:38:21.940Z,XXRPZEUR,mean_reversion,1.7833115299999998,32000,4800,8000,0,0,87360.00000000095,4656,MAX_POSITION
2025-12-05T12:38:22.550Z,SOSOUSD,mean_reversion,0.6010004,32000,4800,8000,0,0,87360.0000000006,4656,MAX_POSITION
2025-12-05T12:38:23.538Z,XRPGBP,mean_reversion,1.5571656099999998,32000,4800,8000,0,0,87360.0000000011,4656,MAX_POSITION
2025-12-05T12:38:24.143Z,TONEUR,mean_reversion,1.3643629999999998,32000,4800,8000,0,0,87360.00000000109,4656,MAX_POSITION
2025-12-05T12:38:24.581Z,XRPRLUSD,mean_reversion,2.0487466999999997,32000,4800,8000,0,0,87360.00000000096,4656,MAX_POSITION
2025-12-05T12:38:24.583Z,SUI/USD,vwap_pullback,1.6290273999999998,32000,4800,8000,0,2858.1471373655227,4656,4656,PASS
2025-12-05T12:38:25.210Z,TONUSD,mean_reversion,1.5865849999999997,32000,4800,8000,0,0,87360.00000000176,4656,MAX_POSITION
2025-12-05T12:38:25.891Z,ADA/EUR,vwap_pullback,0.37094157099999997,32000,4800,8000,0,12551.842025815975,4656,4656,PASS
2025-12-05T12:38:26.175Z,XRPUSDT,mean_reversion,2.0707887199999995,32000,4800,8000,0,0,87360.00000000068,4656,MAX_POSITION
2025-12-05T12:38:27.207Z,XTZEUR,mean_reversion,0.41901859999999996,32000,4800,8000,0,0,87360.00000000077,4656,MAX_POSITION
2025-12-05T12:38:27.692Z,TRUMPUSD,mean_reversion,5.881876,32000,4800,8000,0,0,87359.99999999981,4656,MAX_POSITION
2025-12-05T12:38:28.067Z,XTZUSD,mean_reversion,0.48888839999999995,32000,4800,8000,0,0,87360.0000000009,4656,MAX_POSITION
2025-12-05T12:38:28.831Z,SYRUP/USD,vwap_bounce,0.26957930999999996,32000,4800,8000,0,17271.3551347839,4656,4656,PASS
2025-12-05T12:38:29.372Z,ADAAUD,mean_reversion,0.6494087599999999,32000,4800,8000,0,0,87360.00000000057,4656,MAX_POSITION
2025-12-05T12:38:30.222Z,AUD/USD,vwap_pullback,0.6641634999999999,32000,4800,8000,0,7010.32200655411,4656,4656,PASS
2025-12-05T12:38:30.417Z,USDCHF,vwap_pullback,0.8045036999999999,32000,4800,8000,0,0,175752.16400910835,4656,MAX_POSITION
2025-12-05T12:38:30.444Z,AKTEUR,mean_reversion,0.3914911,32000,4800,8000,0,0,87360.0000000005,4656,MAX_POSITION
2025-12-05T12:38:31.544Z,XXRPZCAD,mean_reversion,2.8966537599999995,32000,4800,8000,0,0,87360.00000000128,4656,MAX_POSITION
2025-12-05T12:38:31.573Z,ADA/USD,vwap_pullback,0.43173230099999993,32000,4800,8000,0,10784.460623436189,4656,4656,PASS
2025-12-05T12:38:31.575Z,AUDUSD,vwap_pullback,0.6641634999999999,32000,4800,8000,0,0,44809.26080097429,4656,MAX_POSITION
2025-12-05T12:38:32.173Z,AUDUSD,sma_trend_ride,0.664827,32000,4800,8000,0,0,103469.27395812166,4656,MAX_POSITION
2025-12-05T12:38:32.761Z,XXRPZEUR,mean_reversion,1.7828310499999998,32000,4800,8000,0,0,87360.00000000141,4656,MAX_POSITION
2025-12-05T12:38:33.645Z,CVXUSD,mean_reversion,1.8248229999999999,32000,4800,8000,0,0,87360.00000000054,4656,MAX_POSITION
2025-12-05T12:38:33.916Z,XRPGBP,mean_reversion,1.5571656099999998,32000,4800,8000,0,0,87360.0000000011,4656,MAX_POSITION
2025-12-05T12:38:34.907Z,DOTEUR,mean_reversion,1.9259239999999997,32000,4800,8000,0,0,87360.00000000108,4656,MAX_POSITION
2025-12-05T12:38:34.980Z,XRPRLUSD,mean_reversion,2.0487466999999997,32000,4800,8000,0,0,87360.00000000096,4656,MAX_POSITION
2025-12-05T12:38:35.025Z,SUI/USD,vwap_pullback,1.6290273999999998,32000,4800,8000,0,2858.1471373655227,4656,4656,PASS
2025-12-05T12:38:36.160Z,DOTGBP,mean_reversion,1.6758741999999998,32000,4800,8000,0,0,87360.00000000054,4656,MAX_POSITION
2025-12-05T12:38:36.188Z,XRPUSDT,mean_reversion,2.0707887199999995,32000,4800,8000,0,0,87360.00000000068,4656,MAX_POSITION
2025-12-05T12:38:36.442Z,ADA/EUR,vwap_pullback,0.37094157099999997,32000,4800,8000,0,12551.842025815975,4656,4656,PASS
2025-12-05T12:38:37.332Z,XTZEUR,mean_reversion,0.41901859999999996,32000,4800,8000,0,0,87360.00000000077,4656,MAX_POSITION
2025-12-05T12:38:37.454Z,DOTUSDC,mean_reversion,2.2351328999999995,32000,4800,8000,0,0,87360.00000000108,4656,MAX_POSITION
2025-12-05T12:38:38.471Z,DOTUSDT,mean_reversion,2.2396374,32000,4800,8000,0,0,87360.00000000017,4656,MAX_POSITION
2025-12-05T12:38:38.666Z,XTZUSD,mean_reversion,0.48888839999999995,32000,4800,8000,0,0,87360.0000000009,4656,MAX_POSITION
2025-12-05T12:38:39.232Z,SYRUP/USD,vwap_bounce,0.26957930999999996,32000,4800,8000,0,17271.3551347839,4656,4656,PASS
2025-12-05T12:38:39.650Z,XETCZUSD,mean_reversion,13.497483999999998,32000,4800,8000,0,0,87360.0000000007,4656,MAX_POSITION
2025-12-05T12:38:40.585Z,AUD/USD,vwap_pullback,0.6641634999999999,32000,4800,8000,0,7010.32200655411,4656,4656,PASS
2025-12-05T12:38:40.653Z,ETHFIEUR,mean_reversion,0.6906899999999999,32000,4800,8000,0,0,87360.00000000016,4656,MAX_POSITION
2025-12-05T12:38:41.894Z,EULEUR,mean_reversion,3.3213179999999998,32000,4800,8000,0,0,87360.00000000019,4656,MAX_POSITION
2025-12-05T12:38:41.972Z,ADAAUD,mean_reversion,0.6494087599999999,32000,4800,8000,0,0,87360.00000000057,4656,MAX_POSITION
2025-12-05T12:38:42.293Z,ADA/USD,vwap_pullback,0.43173230099999993,32000,4800,8000,0,10784.460623436189,4656,4656,PASS
2025-12-05T12:38:43.411Z,AKTEUR,mean_reversion,0.3914911,32000,4800,8000,0,0,87360.0000000005,4656,MAX_POSITION
2025-12-05T12:38:43.616Z,EWTUSD,mean_reversion,0.6906899999999999,32000,4800,8000,0,0,87360.00000000016,4656,MAX_POSITION
2025-12-05T12:38:44.893Z,FORTHUSD,mean_reversion,1.7327309999999998,32000,4800,8000,0,0,87360.00000000163,4656,MAX_POSITION
2025-12-05T12:38:45.144Z,AUDUSD,vwap_pullback,0.6641634999999999,32000,4800,8000,0,0,44809.26080097429,4656,MAX_POSITION
2025-12-05T12:38:45.732Z,AUDUSD,sma_trend_ride,0.664827,32000,4800,8000,0,0,103469.27395812166,4656,MAX_POSITION
2025-12-05T12:38:45.876Z,FXSUSD,mean_reversion,0.805805,32000,4800,8000,0,0,87360.00000000052,4656,MAX_POSITION
2025-12-05T12:38:46.755Z,CVXUSD,mean_reversion,1.8248229999999999,32000,4800,8000,0,0,87360.00000000054,4656,MAX_POSITION
2025-12-05T12:38:47.088Z,SUI/USD,vwap_pullback,1.6290273999999998,32000,4800,8000,0,2858.1471373655227,4656,4656,PASS
2025-12-05T12:38:47.458Z,KSMUSD,mean_reversion,8.448439999999998,32000,4800,8000,0,0,87360.00000000099,4656,MAX_POSITION
2025-12-05T12:38:47.647Z,DOTEUR,mean_reversion,1.9259239999999997,32000,4800,8000,0,0,87360.00000000108,4656,MAX_POSITION
2025-12-05T12:38:48.648Z,ADA/EUR,vwap_pullback,0.37094157099999997,32000,4800,8000,0,12551.842025815975,4656,4656,PASS
2025-12-05T12:38:48.913Z,DOTGBP,mean_reversion,1.6788771999999998,32000,4800,8000,0,0,87360.00000000079,4656,MAX_POSITION
2025-12-05T12:38:49.207Z,LINKEUR,vwap_pullback,12.06586381,32000,4800,8000,0,0,46723.094731326106,4656,MAX_POSITION
2025-12-05T12:38:50.203Z,DOTUSDC,mean_reversion,2.2351328999999995,32000,4800,8000,0,0,87360.00000000108,4656,MAX_POSITION
2025-12-05T12:38:50.449Z,LINKUSD,vwap_pullback,14.05588184,32000,4800,8000,0,0,80659.5757864291,4656,MAX_POSITION
2025-12-05T12:38:50.910Z,SYRUP/USD,vwap_bounce,0.26956929999999996,32000,4800,8000,0,17271.996477343677,4656,4656,PASS
2025-12-05T12:38:51.325Z,DOTUSDT,mean_reversion,2.2396374,32000,4800,8000,0,0,87360.00000000017,4656,MAX_POSITION
2025-12-05T12:38:51.990Z,LINKUSDC,vwap_pullback,14.02633232,32000,4800,8000,0,0,94208.05248136735,4656,MAX_POSITION
2025-12-05T12:38:52.576Z,AUD/USD,sma_trend_ride,0.6645264,32000,4800,8000,0,7006.493647204988,4656,4656,PASS
2025-12-05T12:38:52.758Z,XETCZUSD,mean_reversion,13.497483999999998,32000,4800,8000,0,0,87360.0000000007,4656,MAX_POSITION
2025-12-05T12:38:53.304Z,LINKUSDT,vwap_pullback,14.049485449999999,32000,4800,8000,0,0,86031.85022101317,4656,MAX_POSITION
2025-12-05T12:38:53.893Z,ADA/USD,vwap_pullback,0.43173230099999993,32000,4800,8000,0,10784.460623436189,4656,4656,PASS
2025-12-05T12:38:54.065Z,ETHFIEUR,mean_reversion,0.6906899999999999,32000,4800,8000,0,0,87360.00000000016,4656,MAX_POSITION
2025-12-05T12:38:54.511Z,XLTCZEUR,mean_reversion,70.87079999999999,32000,4800,8000,0,0,87360.00000000114,4656,MAX_POSITION
2025-12-05T12:38:55.330Z,EULEUR,mean_reversion,3.3213179999999998,32000,4800,8000,0,0,87360.00000000019,4656,MAX_POSITION
2025-12-05T12:38:55.382Z,XLTCZUSD,mean_reversion,82.47238999999999,32000,4800,8000,0,0,87360.0000000015,4656,MAX_POSITION
2025-12-05T12:38:55.747Z,CRV/USD,vwap_pullback,0.40340299999999996,32000,4800,8000,0,11541.80806786266,4656,4656,PASS
2025-12-05T12:38:56.891Z,MASKEUR,mean_reversion,0.5805799999999999,32000,4800,8000,0,0,87360.00000000077,4656,MAX_POSITION
2025-12-05T12:38:57.245Z,EWTUSD,mean_reversion,0.6906899999999999,32000,4800,8000,0,0,87360.00000000016,4656,MAX_POSITION
2025-12-05T12:38:58.365Z,FORTHUSD,mean_reversion,1.7327309999999998,32000,4800,8000,0,0,87360.00000000163,4656,MAX_POSITION
2025-12-05T12:38:58.470Z,MASKUSD,mean_reversion,0.669669,32000,4800,8000,0,0,87360.00000000125,4656,MAX_POSITION
2025-12-05T12:38:59.465Z,MEUSD,mean_reversion,0.3322318999999999,32000,4800,8000,0,0,87360.00000000102,4656,MAX_POSITION
2025-12-05T12:38:59.526Z,SUI/USD,vwap_pullback,1.6290273999999998,32000,4800,8000,0,2858.1471373655227,4656,4656,PASS
2025-12-05T12:38:59.605Z,FXSUSD,mean_reversion,0.805805,32000,4800,8000,0,0,87360.00000000052,4656,MAX_POSITION
2025-12-05T12:39:00.926Z,NANOEUR,mean_reversion,0.707725018,32000,4800,8000,0,0,87360.00000000016,4656,MAX_POSITION
2025-12-05T12:39:01.082Z,ADA/EUR,vwap_pullback,0.37094157099999997,32000,4800,8000,0,12551.842025815975,4656,4656,PASS
2025-12-05T12:39:01.117Z,KSMUSD,mean_reversion,8.448439999999998,32000,4800,8000,0,0,87360.00000000099,4656,MAX_POSITION
2025-12-05T12:39:02.438Z,LINKEUR,vwap_pullback,12.06586381,32000,4800,8000,0,0,46723.094731326106,4656,MAX_POSITION
2025-12-05T12:39:02.474Z,NANOUSD,mean_reversion,0.8149261119999999,32000,4800,8000,0,0,87360.00000000073,4656,MAX_POSITION
2025-12-05T12:39:03.704Z,LINKUSD,vwap_pullback,14.05588184,32000,4800,8000,0,0,80659.90923621255,4656,MAX_POSITION
2025-12-05T12:39:03.898Z,SYRUP/USD,vwap_bounce,0.26966939999999995,32000,4800,8000,0,17265.58519431571,4656,4656,PASS
2025-12-05T12:39:03.905Z,NOSUSD,mean_reversion,0.266266,32000,4800,8000,0,0,87360.00000000048,4656,MAX_POSITION
2025-12-05T12:39:04.962Z,LINKUSDC,vwap_pullback,14.02633232,32000,4800,8000,0,0,94208.05248136735,4656,MAX_POSITION
2025-12-05T12:39:05.157Z,OPEUR,mean_reversion,0.27357329999999996,32000,4800,8000,0,0,87360.00000000109,4656,MAX_POSITION
2025-12-05T12:39:05.697Z,AUD/USD,sma_trend_ride,0.6645264,32000,4800,8000,0,7006.493647204988,4656,4656,PASS
2025-12-05T12:39:06.228Z,LINKUSDT,vwap_pullback,14.049485449999999,32000,4800,8000,0,0,86031.85022101317,4656,MAX_POSITION
2025-12-05T12:39:06.422Z,OPUSD,mean_reversion,0.31791759999999997,32000,4800,8000,0,0,87360.00000000035,4656,MAX_POSITION
2025-12-05T12:39:07.218Z,XLTCZEUR,mean_reversion,70.87079999999999,32000,4800,8000,0,0,87360.00000000114,4656,MAX_POSITION
2025-12-05T12:39:07.259Z,ADA/USD,vwap_pullback,0.43173230099999993,32000,4800,8000,0,10784.460623436189,4656,4656,PASS
2025-12-05T12:39:07.705Z,PROVEEUR,mean_reversion,0.39519479999999996,32000,4800,8000,0,0,87360.0000000004,4656,MAX_POSITION
2025-12-05T12:39:08.522Z,XLTCZUSD,mean_reversion,82.47238999999999,32000,4800,8000,0,0,87360.0000000015,4656,MAX_POSITION
2025-12-05T12:39:08.715Z,RUNEEUR,mean_reversion,0.5685679999999999,32000,4800,8000,0,0,87360.00000000109,4656,MAX_POSITION
2025-12-05T12:39:08.935Z,CRV/USD,vwap_pullback,0.40340299999999996,32000,4800,8000,0,11541.80806786266,4656,4656,PASS
2025-12-05T12:39:09.546Z,MASKEUR,mean_reversion,0.5805799999999999,32000,4800,8000,0,0,87360.00000000077,4656,MAX_POSITION
2025-12-05T12:39:10.037Z,RUNEUSD,mean_reversion,0.6606599999999999,32000,4800,8000,0,0,87360.0000000008,4656,MAX_POSITION
2025-12-05T12:39:10.488Z,FARTCOIN/USDC,vwap_pullback,0.3559556,32000,4800,8000,0,13080.283046537266,4656,4656,PASS
2025-12-05T12:39:10.974Z,MASKUSD,mean_reversion,0.669669,32000,4800,8000,0,0,87360.00000000125,4656,MAX_POSITION
2025-12-05T12:39:11.651Z,SOSOUSD,mean_reversion,0.6010004,32000,4800,8000,0,0,87360.0000000006,4656,MAX_POSITION
2025-12-05T12:39:12.112Z,MEUSD,mean_reversion,0.3322318999999999,32000,4800,8000,0,0,87360.00000000102,4656,MAX_POSITION
2025-12-05T12:39:12.116Z,SNX/USD,vwap_pullback,0.521521,32000,4800,8000,0,8927.732536177833,4656,4656,PASS
2025-12-05T12:39:13.336Z,TONEUR,mean_reversion,1.3643629999999998,32000,4800,8000,0,0,87360.00000000109,4656,MAX_POSITION
2025-12-05T12:39:13.953Z,ADA/USDT,vwap_pullback,0.43131087999999995,32000,4800,8000,0,10794.997798339797,4656,4656,PASS
2025-12-05T12:39:14.377Z,NANOEUR,mean_reversion,0.707725018,32000,4800,8000,0,0,87360.00000000016,4656,MAX_POSITION
2025-12-05T12:39:14.950Z,TONUSD,mean_reversion,1.5865849999999997,32000,4800,8000,0,0,87360.00000000176,4656,MAX_POSITION
2025-12-05T12:39:15.638Z,NANOUSD,mean_reversion,0.8149261119999999,32000,4800,8000,0,0,87360.00000000073,4656,MAX_POSITION
2025-12-05T12:39:16.217Z,TRUMPUSD,mean_reversion,5.884878999999999,32000,4800,8000,0,0,87360.00000000077,4656,MAX_POSITION
2025-12-05T12:39:16.915Z,NOSUSD,mean_reversion,0.266266,32000,4800,8000,0,0,87360.00000000048,4656,MAX_POSITION
2025-12-05T12:39:17.712Z,ADA/EUR,vwap_pullback,0.37094157099999997,32000,4800,8000,0,12551.842025815975,4656,4656,PASS
2025-12-05T12:39:18.139Z,OPEUR,mean_reversion,0.27357329999999996,32000,4800,8000,0,0,87360.00000000109,4656,MAX_POSITION
2025-12-05T12:39:18.428Z,USDCHF,vwap_pullback,0.80454374,32000,4800,8000,0,0,174173.90519186965,4656,MAX_POSITION
2025-12-05T12:39:19.331Z,XXRPZCAD,mean_reversion,2.8966537599999995,32000,4800,8000,0,0,87360.00000000128,4656,MAX_POSITION
2025-12-05T12:39:19.374Z,OPUSD,mean_reversion,0.31791759999999997,32000,4800,8000,0,0,87360.00000000035,4656,MAX_POSITION
2025-12-05T12:39:20.563Z,XXRPZEUR,mean_reversion,1.7828210399999997,32000,4800,8000,0,0,87360.00000000042,4656,MAX_POSITION
2025-12-05T12:39:20.809Z,PROVEEUR,mean_reversion,0.39519479999999996,32000,4800,8000,0,0,87360.0000000004,4656,MAX_POSITION
2025-12-05T12:39:21.641Z,XRPGBP,mean_reversion,1.5560444899999997,32000,4800,8000,0,0,87360.00000000087,4656,MAX_POSITION
2025-12-05T12:39:21.793Z,SYRUP/USD,vwap_bounce,0.2697695,32000,4800,8000,0,17259.178669197223,4656,4656,PASS
2025-12-05T12:39:22.091Z,RUNEEUR,mean_reversion,0.5685679999999999,32000,4800,8000,0,0,87360.00000000109,4656,MAX_POSITION
2025-12-05T12:39:22.658Z,XRPRLUSD,mean_reversion,2.07519312,32000,4800,8000,0,0,87359.9999999996,4656,MAX_POSITION
2025-12-05T12:39:23.371Z,RUNEUSD,mean_reversion,0.6606599999999999,32000,4800,8000,0,0,87360.0000000008,4656,MAX_POSITION
2025-12-05T12:39:23.479Z,AUD/USD,sma_trend_ride,0.6645264,32000,4800,8000,0,7006.493647204988,4656,4656,PASS
2025-12-05T12:39:24.003Z,XRPUSDT,mean_reversion,2.0707887199999995,32000,4800,8000,0,0,87360.00000000068,4656,MAX_POSITION
2025-12-05T12:39:24.323Z,SOSOUSD,mean_reversion,0.6010004,32000,4800,8000,0,0,87360.0000000006,4656,MAX_POSITION
2025-12-05T12:39:24.938Z,XTZEUR,mean_reversion,0.41901859999999996,32000,4800,8000,0,0,87360.00000000077,4656,MAX_POSITION
2025-12-05T12:39:25.035Z,ADA/USD,vwap_pullback,0.43173029899999993,32000,4800,8000,0,10784.510632643833,4656,4656,PASS
2025-12-05T12:39:25.949Z,TONEUR,mean_reversion,1.3643629999999998,32000,4800,8000,0,0,87360.00000000109,4656,MAX_POSITION
2025-12-05T12:39:26.186Z,XTZUSD,mean_reversion,0.48888839999999995,32000,4800,8000,0,0,87360.0000000009,4656,MAX_POSITION
2025-12-05T12:39:26.785Z,CRV/USD,vwap_pullback,0.40340299999999996,32000,4800,8000,0,11541.80806786266,4656,4656,PASS
2025-12-05T12:39:26.954Z,TONUSD,mean_reversion,1.5865849999999997,32000,4800,8000,0,0,87360.00000000176,4656,MAX_POSITION
2025-12-05T12:39:27.985Z,TRUMPUSD,mean_reversion,5.884878999999999,32000,4800,8000,0,0,87360.00000000077,4656,MAX_POSITION
2025-12-05T12:39:28.094Z,FARTCOIN/USDC,vwap_pullback,0.3559556,32000,4800,8000,0,13080.283046537266,4656,4656,PASS
2025-12-05T12:39:29.952Z,ADAAUD,mean_reversion,0.6494087599999999,32000,4800,8000,0,0,87360.00000000057,4656,MAX_POSITION
2025-12-05T12:39:29.965Z,SNX/USD,vwap_pullback,0.521521,32000,4800,8000,0,8927.732536177833,4656,4656,PASS
2025-12-05T12:39:30.278Z,USDCHF,vwap_pullback,0.80454374,32000,4800,8000,0,0,174173.90519186965,4656,MAX_POSITION
2025-12-05T12:39:31.270Z,AKTEUR,mean_reversion,0.3914911,32000,4800,8000,0,0,87360.0000000005,4656,MAX_POSITION
2025-12-05T12:39:31.336Z,ADA/USDT,vwap_pullback,0.43131087999999995,32000,4800,8000,0,10794.997798339797,4656,4656,PASS
2025-12-05T12:39:31.685Z,XXRPZCAD,mean_reversion,2.8966537599999995,32000,4800,8000,0,0,87360.00000000128,4656,MAX_POSITION
2025-12-05T12:39:32.863Z,AERO/USD,vwap_pullback,0.6828822,32000,4800,8000,0,6818.159852460644,4656,4656,PASS
2025-12-05T12:39:32.872Z,AUDUSD,vwap_pullback,0.6638632,32000,4800,8000,0,0,45754.60508163751,4656,MAX_POSITION
2025-12-05T12:39:32.955Z,XXRPZEUR,mean_reversion,1.7828210399999997,32000,4800,8000,0,0,87360.00000000042,4656,MAX_POSITION
2025-12-05T12:39:33.725Z,AUDUSD,sma_trend_ride,0.6645264,32000,4800,8000,0,0,108444.90938847465,4656,MAX_POSITION
2025-12-05T12:39:33.992Z,XRPGBP,mean_reversion,1.5560444899999997,32000,4800,8000,0,0,87360.00000000087,4656,MAX_POSITION
2025-12-05T12:39:35.028Z,XRPRLUSD,mean_reversion,2.07519312,32000,4800,8000,0,0,87359.9999999996,4656,MAX_POSITION
2025-12-05T12:39:35.236Z,CVXUSD,mean_reversion,1.8248229999999999,32000,4800,8000,0,0,87360.00000000054,4656,MAX_POSITION
2025-12-05T12:39:36.157Z,XRPUSDT,mean_reversion,2.0707887199999995,32000,4800,8000,0,0,87360.00000000068,4656,MAX_POSITION
2025-12-05T12:39:36.248Z,DOTEUR,mean_reversion,1.9269249999999998,32000,4800,8000,0,0,87360.00000000114,4656,MAX_POSITION
2025-12-05T12:39:37.098Z,ADA/EUR,vwap_pullback,0.37097860799999993,32000,4800,8000,0,12550.588900802606,4656,4656,PASS
2025-12-05T12:39:37.157Z,XTZEUR,mean_reversion,0.41901859999999996,32000,4800,8000,0,0,87360.00000000077,4656,MAX_POSITION
2025-12-05T12:39:38.152Z,XTZUSD,mean_reversion,0.48888839999999995,32000,4800,8000,0,0,87360.0000000009,4656,MAX_POSITION
2025-12-05T12:39:38.268Z,DOTGBP,mean_reversion,1.6788771999999998,32000,4800,8000,0,0,87360.00000000079,4656,MAX_POSITION
2025-12-05T12:39:39.489Z,SYRUP/USD,vwap_bounce,0.26953927,32000,4800,8000,0,17273.9207908369,4656,4656,PASS
2025-12-05T12:39:39.519Z,DOTUSDC,mean_reversion,2.2351328999999995,32000,4800,8000,0,0,87360.00000000108,4656,MAX_POSITION
2025-12-05T12:39:40.572Z,DOTUSDT,mean_reversion,2.2396374,32000,4800,8000,0,0,87360.00000000017,4656,MAX_POSITION
2025-12-05T12:39:40.868Z,AUD/USD,sma_trend_ride,0.6645264,32000,4800,8000,0,7006.493647204988,4656,4656,PASS
2025-12-05T12:39:42.053Z,XETCZUSD,mean_reversion,13.497483999999998,32000,4800,8000,0,0,87360.0000000007,4656,MAX_POSITION
2025-12-05T12:39:42.180Z,ADA/USD,vwap_pullback,0.43173029899999993,32000,4800,8000,0,10784.510632643833,4656,4656,PASS
2025-12-05T12:39:42.216Z,ADAAUD,mean_reversion,0.6494087599999999,32000,4800,8000,0,0,87360.00000000057,4656,MAX_POSITION
2025-12-05T12:39:43.079Z,ETHFIEUR,mean_reversion,0.6906899999999999,32000,4800,8000,0,0,87360.00000000016,4656,MAX_POSITION
2025-12-05T12:39:43.252Z,AKTEUR,mean_reversion,0.3914911,32000,4800,8000,0,0,87360.0000000005,4656,MAX_POSITION
2025-12-05T12:39:43.739Z,CRV/USD,vwap_pullback,0.40340299999999996,32000,4800,8000,0,11541.80806786266,4656,4656,PASS
2025-12-05T12:39:44.420Z,EULEUR,mean_reversion,3.3213179999999998,32000,4800,8000,0,0,87360.00000000019,4656,MAX_POSITION
2025-12-05T12:39:44.532Z,AUDUSD,vwap_pullback,0.6638632,32000,4800,8000,0,0,45754.60508163751,4656,MAX_POSITION
2025-12-05T12:39:45.124Z,AUDUSD,sma_trend_ride,0.6645264,32000,4800,8000,0,0,108444.90938847465,4656,MAX_POSITION
2025-12-05T12:39:46.245Z,CVXUSD,mean_reversion,1.8248229999999999,32000,4800,8000,0,0,87360.00000000054,4656,MAX_POSITION
2025-12-05T12:39:46.313Z,SNX/USD,vwap_pullback,0.521521,32000,4800,8000,0,8927.732536177833,4656,4656,PASS
2025-12-05T12:39:46.623Z,EWTUSD,mean_reversion,0.6906899999999999,32000,4800,8000,0,0,87360.00000000016,4656,MAX_POSITION
2025-12-05T12:39:47.523Z,DOTEUR,mean_reversion,1.9269249999999998,32000,4800,8000,0,0,87360.00000000114,4656,MAX_POSITION
2025-12-05T12:39:48.511Z,FORTHUSD,mean_reversion,1.7327309999999998,32000,4800,8000,0,0,87360.00000000163,4656,MAX_POSITION
2025-12-05T12:39:48.574Z,ADA/USDT,vwap_pullback,0.43131087999999995,32000,4800,8000,0,10794.997798339797,4656,4656,PASS
2025-12-05T12:39:48.798Z,DOTGBP,mean_reversion,1.6788771999999998,32000,4800,8000,0,0,87360.00000000079,4656,MAX_POSITION
2025-12-05T12:39:49.532Z,FXSUSD,mean_reversion,0.805805,32000,4800,8000,0,0,87360.00000000052,4656,MAX_POSITION
2025-12-05T12:39:49.925Z,AERO/USD,vwap_pullback,0.6828822,32000,4800,8000,0,6818.159852460644,4656,4656,PASS
2025-12-05T12:39:50.075Z,DOTUSDC,mean_reversion,2.2351328999999995,32000,4800,8000,0,0,87360.00000000108,4656,MAX_POSITION
2025-12-05T12:39:51.054Z,KSMUSD,mean_reversion,8.448439999999998,32000,4800,8000,0,0,87360.00000000099,4656,MAX_POSITION
2025-12-05T12:39:51.343Z,DOTUSDT,mean_reversion,2.2396374,32000,4800,8000,0,0,87360.00000000017,4656,MAX_POSITION
2025-12-05T12:39:52.029Z,LINKEUR,vwap_pullback,12.06586381,32000,4800,8000,0,0,46723.094731326106,4656,MAX_POSITION
2025-12-05T12:39:52.551Z,XETCZUSD,mean_reversion,13.497483999999998,32000,4800,8000,0,0,87360.0000000007,4656,MAX_POSITION
2025-12-05T12:39:52.894Z,LINKUSD,vwap_pullback,14.05136733,32000,4800,8000,0,0,82870.34434181558,4656,MAX_POSITION
2025-12-05T12:39:53.508Z,TIA/USD,vwap_pullback,0.613613,32000,4800,8000,0,7587.844455707425,4656,4656,PASS
2025-12-05T12:39:54.076Z,ETHFIEUR,mean_reversion,0.6906899999999999,32000,4800,8000,0,0,87360.00000000016,4656,MAX_POSITION
2025-12-05T12:39:55.255Z,LINKUSDC,vwap_pullback,14.02633232,32000,4800,8000,0,0,94208.05248136735,4656,MAX_POSITION
2025-12-05T12:39:55.461Z,EULEUR,mean_reversion,3.3213179999999998,32000,4800,8000,0,0,87360.00000000019,4656,MAX_POSITION
2025-12-05T12:39:56.535Z,LINKUSDT,vwap_pullback,14.049485449999999,32000,4800,8000,0,0,86031.85022101317,4656,MAX_POSITION
2025-12-05T12:39:57.730Z,EWTUSD,mean_reversion,0.6906899999999999,32000,4800,8000,0,0,87360.00000000016,4656,MAX_POSITION
2025-12-05T12:39:57.795Z,XLTCZEUR,mean_reversion,70.89081999999999,32000,4800,8000,0,0,87359.9999999997,4656,MAX_POSITION
2025-12-05T12:39:58.017Z,ADA/EUR,vwap_pullback,0.37097860799999993,32000,4800,8000,0,12550.588900802606,4656,4656,PASS
2025-12-05T12:39:59.052Z,XLTCZUSD,mean_reversion,82.47238999999999,32000,4800,8000,0,0,87360.0000000015,4656,MAX_POSITION
2025-12-05T12:39:59.389Z,FORTHUSD,mean_reversion,1.7327309999999998,32000,4800,8000,0,0,87360.00000000163,4656,MAX_POSITION
2025-12-05T12:40:00.275Z,SYRUP/USD,vwap_bounce,0.26959932999999997,32000,4800,8000,0,17270.072592539458,4656,4656,PASS
2025-12-05T12:40:00.285Z,MASKEUR,mean_reversion,0.5805799999999999,32000,4800,8000,0,0,87360.00000000077,4656,MAX_POSITION
2025-12-05T12:40:00.966Z,FXSUSD,mean_reversion,0.805805,32000,4800,8000,0,0,87360.00000000052,4656,MAX_POSITION
2025-12-05T12:40:01.560Z,MASKUSD,mean_reversion,0.669669,32000,4800,8000,0,0,87360.00000000125,4656,MAX_POSITION
2025-12-05T12:40:02.170Z,AUD/USD,sma_trend_ride,0.6645264,32000,4800,8000,0,7006.493647204988,4656,4656,PASS
2025-12-05T12:40:02.226Z,KSMUSD,mean_reversion,8.448439999999998,32000,4800,8000,0,0,87360.00000000099,4656,MAX_POSITION
2025-12-05T12:40:02.552Z,MEUSD,mean_reversion,0.3322318999999999,32000,4800,8000,0,0,87360.00000000102,4656,MAX_POSITION
2025-12-05T12:40:03.643Z,LINKEUR,vwap_pullback,12.06586381,32000,4800,8000,0,0,46723.094731326106,4656,MAX_POSITION
2025-12-05T12:40:04.000Z,ADA/USD,vwap_pullback,0.43173029899999993,32000,4800,8000,0,10784.510632643833,4656,4656,PASS
2025-12-05T12:40:04.132Z,NANOEUR,mean_reversion,0.707725018,32000,4800,8000,0,0,87360.00000000016,4656,MAX_POSITION
2025-12-05T12:40:04.982Z,LINKUSD,vwap_pullback,14.05136733,32000,4800,8000,0,0,82870.14234714267,4656,MAX_POSITION
2025-12-05T12:40:05.149Z,NANOUSD,mean_reversion,0.8149261119999999,32000,4800,8000,0,0,87360.00000000073,4656,MAX_POSITION
2025-12-05T12:40:05.814Z,CRV/USD,vwap_pullback,0.40340299999999996,32000,4800,8000,0,11541.80806786266,4656,4656,PASS
2025-12-05T12:40:05.972Z,LINKUSDC,vwap_pullback,14.02633232,32000,4800,8000,0,0,94208.05248136735,4656,MAX_POSITION
2025-12-05T12:40:06.195Z,NOSUSD,mean_reversion,0.266266,32000,4800,8000,0,0,87360.00000000048,4656,MAX_POSITION
2025-12-05T12:40:07.238Z,LINKUSDT,vwap_pullback,14.049485449999999,32000,4800,8000,0,0,86031.85022101317,4656,MAX_POSITION
2025-12-05T12:40:07.832Z,SNX/USD,vwap_pullback,0.521521,32000,4800,8000,0,8927.732536177833,4656,4656,PASS
2025-12-05T12:40:07.989Z,OPEUR,mean_reversion,0.27357329999999996,32000,4800,8000,0,0,87360.00000000109,4656,MAX_POSITION
2025-12-05T12:40:08.827Z,XLTCZEUR,mean_reversion,70.89081999999999,32000,4800,8000,0,0,87359.9999999997,4656,MAX_POSITION
2025-12-05T12:40:09.017Z,OPUSD,mean_reversion,0.31791759999999997,32000,4800,8000,0,0,87360.00000000035,4656,MAX_POSITION
2025-12-05T12:40:09.402Z,ADA/USDT,vwap_pullback,0.43131087999999995,32000,4800,8000,0,10794.997798339797,4656,4656,PASS
2025-12-05T12:40:10.028Z,PROVEEUR,mean_reversion,0.39519479999999996,32000,4800,8000,0,0,87360.0000000004,4656,MAX_POSITION
2025-12-05T12:40:10.303Z,XLTCZUSD,mean_reversion,82.4824,32000,4800,8000,0,0,87360.00000000089,4656,MAX_POSITION
2025-12-05T12:40:11.617Z,AERO/USD,vwap_pullback,0.6828822,32000,4800,8000,0,6818.159852460644,4656,4656,PASS
2025-12-05T12:40:12.085Z,MASKEUR,mean_reversion,0.5805799999999999,32000,4800,8000,0,0,87360.00000000077,4656,MAX_POSITION
2025-12-05T12:40:12.121Z,RUNEEUR,mean_reversion,0.5685679999999999,32000,4800,8000,0,0,87360.00000000109,4656,MAX_POSITION
2025-12-05T12:40:12.256Z,ADAAUD,mean_reversion,0.6494087599999999,32000,4800,8000,0,0,87360.00000000057,4656,MAX_POSITION
2025-12-05T12:40:13.298Z,AKTEUR,mean_reversion,0.3914911,32000,4800,8000,0,0,87360.0000000005,4656,MAX_POSITION
2025-12-05T12:40:13.360Z,MASKUSD,mean_reversion,0.669669,32000,4800,8000,0,0,87360.00000000125,4656,MAX_POSITION
2025-12-05T12:40:13.392Z,RUNEUSD,mean_reversion,0.6606599999999999,32000,4800,8000,0,0,87360.0000000008,4656,MAX_POSITION
2025-12-05T12:40:14.156Z,TIA/USD,vwap_pullback,0.613613,32000,4800,8000,0,7587.844455707425,4656,4656,PASS
2025-12-05T12:40:14.291Z,AUDUSD,vwap_pullback,0.6639132499999999,32000,4800,8000,0,0,45594.55222783967,4656,MAX_POSITION
2025-12-05T12:40:14.424Z,SOSOUSD,mean_reversion,0.6010004,32000,4800,8000,0,0,87360.0000000006,4656,MAX_POSITION
2025-12-05T12:40:14.871Z,MEUSD,mean_reversion,0.3322318999999999,32000,4800,8000,0,0,87360.00000000102,4656,MAX_POSITION
2025-12-05T12:40:14.887Z,AUDUSD,sma_trend_ride,0.6645765,32000,4800,8000,0,0,107582.34687063964,4656,MAX_POSITION
2025-12-05T12:40:15.735Z,TONEUR,mean_reversion,1.3643629999999998,32000,4800,8000,0,0,87360.00000000109,4656,MAX_POSITION
2025-12-05T12:40:16.244Z,CVXUSD,mean_reversion,1.8248229999999999,32000,4800,8000,0,0,87360.00000000054,4656,MAX_POSITION
2025-12-05T12:40:16.259Z,NANOEUR,mean_reversion,0.707725018,32000,4800,8000,0,0,87360.00000000016,4656,MAX_POSITION
2025-12-05T12:40:17.460Z,DOTEUR,mean_reversion,1.9269249999999998,32000,4800,8000,0,0,87360.00000000114,4656,MAX_POSITION
2025-12-05T12:40:17.549Z,NANOUSD,mean_reversion,0.8149261119999999,32000,4800,8000,0,0,87360.00000000073,4656,MAX_POSITION
2025-12-05T12:40:17.614Z,TONUSD,mean_reversion,1.5855839999999999,32000,4800,8000,0,0,87360.00000000058,4656,MAX_POSITION
2025-12-05T12:40:18.560Z,ADA/EUR,vwap_pullback,0.37097860799999993,32000,4800,8000,0,12550.588900802606,4656,4656,PASS
2025-12-05T12:40:18.781Z,TRUMPUSD,mean_reversion,5.884878999999999,32000,4800,8000,0,0,87360.00000000077,4656,MAX_POSITION
2025-12-05T12:40:18.976Z,DOTGBP,mean_reversion,1.6788771999999998,32000,4800,8000,0,0,87360.00000000079,4656,MAX_POSITION
2025-12-05T12:40:19.302Z,NOSUSD,mean_reversion,0.266266,32000,4800,8000,0,0,87360.00000000048,4656,MAX_POSITION
2025-12-05T12:40:20.500Z,DOTUSDC,mean_reversion,2.2351328999999995,32000,4800,8000,0,0,87360.00000000108,4656,MAX_POSITION
2025-12-05T12:40:20.618Z,OPEUR,mean_reversion,0.27357329999999996,32000,4800,8000,0,0,87360.00000000109,4656,MAX_POSITION
2025-12-05T12:40:20.972Z,USDCHF,vwap_pullback,0.8045036999999999,32000,4800,8000,0,0,175752.16400910835,4656,MAX_POSITION
2025-12-05T12:40:21.581Z,DOTUSDT,mean_reversion,2.2396374,32000,4800,8000,0,0,87360.00000000017,4656,MAX_POSITION
2025-12-05T12:40:21.584Z,OPUSD,mean_reversion,0.31791759999999997,32000,4800,8000,0,0,87360.00000000035,4656,MAX_POSITION
2025-12-05T12:40:22.116Z,AUD/USD,sma_trend_ride,0.6645765,32000,4800,8000,0,7005.965453187105,4656,4656,PASS
2025-12-05T12:40:22.118Z,XXRPZCAD,mean_reversion,2.8946017099999994,32000,4800,8000,0,0,87360.00000000054,4656,MAX_POSITION
2025-12-05T12:40:22.628Z,PROVEEUR,mean_reversion,0.39519479999999996,32000,4800,8000,0,0,87360.0000000004,4656,MAX_POSITION
2025-12-05T12:40:23.070Z,XETCZUSD,mean_reversion,13.497483999999998,32000,4800,8000,0,0,87360.0000000007,4656,MAX_POSITION
2025-12-05T12:40:23.399Z,XXRPZEUR,mean_reversion,1.78240062,32000,4800,8000,0,0,87359.99999999997,4656,MAX_POSITION
2025-12-05T12:40:23.647Z,RUNEEUR,mean_reversion,0.5685679999999999,32000,4800,8000,0,0,87360.00000000109,4656,MAX_POSITION
2025-12-05T12:40:23.657Z,ADA/USD,vwap_pullback,0.43173029899999993,32000,4800,8000,0,10784.510632643833,4656,4656,PASS
2025-12-05T12:40:24.404Z,XRPGBP,mean_reversion,1.5547932399999997,32000,4800,8000,0,0,87360.00000000048,4656,MAX_POSITION
2025-12-05T12:40:24.585Z,ETHFIEUR,mean_reversion,0.6906899999999999,32000,4800,8000,0,0,87360.00000000016,4656,MAX_POSITION
2025-12-05T12:40:24.919Z,RUNEUSD,mean_reversion,0.6606599999999999,32000,4800,8000,0,0,87360.0000000008,4656,MAX_POSITION
2025-12-05T12:40:25.260Z,CRV/USD,vwap_pullback,0.40340299999999996,32000,4800,8000,0,11541.80806786266,4656,4656,PASS
2025-12-05T12:40:25.567Z,EULEUR,mean_reversion,3.3213179999999998,32000,4800,8000,0,0,87360.00000000019,4656,MAX_POSITION
2025-12-05T12:40:25.659Z,XRPRLUSD,mean_reversion,2.07519312,32000,4800,8000,0,0,87359.9999999996,4656,MAX_POSITION
2025-12-05T12:40:25.932Z,SOSOUSD,mean_reversion,0.6010004,32000,4800,8000,0,0,87360.0000000006,4656,MAX_POSITION
2025-12-05T12:40:26.682Z,XRPUSDT,mean_reversion,2.0707887199999995,32000,4800,8000,0,0,87360.00000000068,4656,MAX_POSITION
2025-12-05T12:40:26.985Z,TONEUR,mean_reversion,1.3643629999999998,32000,4800,8000,0,0,87360.00000000109,4656,MAX_POSITION
2025-12-05T12:40:27.267Z,EWTUSD,mean_reversion,0.6906899999999999,32000,4800,8000,0,0,87360.00000000016,4656,MAX_POSITION
2025-12-05T12:40:27.691Z,XTZEUR,mean_reversion,0.41901859999999996,32000,4800,8000,0,0,87360.00000000077,4656,MAX_POSITION
2025-12-05T12:40:27.892Z,SNX/USD,vwap_pullback,0.521521,32000,4800,8000,0,8927.732536177833,4656,4656,PASS
2025-12-05T12:40:28.047Z,TONUSD,mean_reversion,1.587586,32000,4800,8000,0,0,87360.00000000074,4656,MAX_POSITION
2025-12-05T12:40:28.277Z,FORTHUSD,mean_reversion,1.7327309999999998,32000,4800,8000,0,0,87360.00000000163,4656,MAX_POSITION
2025-12-05T12:40:28.909Z,XTZUSD,mean_reversion,0.48888839999999995,32000,4800,8000,0,0,87360.0000000009,4656,MAX_POSITION
2025-12-05T12:40:29.053Z,TRUMPUSD,mean_reversion,5.884878999999999,32000,4800,8000,0,0,87360.00000000077,4656,MAX_POSITION
2025-12-05T12:40:29.275Z,FXSUSD,mean_reversion,0.805805,32000,4800,8000,0,0,87360.00000000052,4656,MAX_POSITION
2025-12-05T12:40:29.453Z,ADA/USDT,vwap_pullback,0.43131087999999995,32000,4800,8000,0,10794.997798339797,4656,4656,PASS
2025-12-05T12:40:30.541Z,KSMUSD,mean_reversion,8.448439999999998,32000,4800,8000,0,0,87360.00000000099,4656,MAX_POSITION
2025-12-05T12:40:30.994Z,AERO/USD,vwap_pullback,0.6828822,32000,4800,8000,0,6818.159852460644,4656,4656,PASS
2025-12-05T12:40:31.345Z,USDCHF,vwap_pullback,0.80454374,32000,4800,8000,0,0,174173.90519186965,4656,MAX_POSITION
2025-12-05T12:40:31.559Z,LINKEUR,vwap_pullback,12.06586381,32000,4800,8000,0,0,46723.094731326106,4656,MAX_POSITION
2025-12-05T12:40:32.582Z,LINKUSD,vwap_pullback,14.048204169999998,32000,4800,8000,0,0,84495.09128912688,4656,MAX_POSITION
2025-12-05T12:40:32.748Z,XXRPZCAD,mean_reversion,2.8946017099999994,32000,4800,8000,0,0,87360.00000000054,4656,MAX_POSITION
2025-12-05T12:40:33.097Z,TIA/USD,vwap_pullback,0.613613,32000,4800,8000,0,7587.844455707425,4656,4656,PASS
2025-12-05T12:40:33.792Z,LINKUSDC,vwap_pullback,14.02633232,32000,4800,8000,0,0,94208.05248136735,4656,MAX_POSITION
2025-12-05T12:40:34.068Z,XXRPZEUR,mean_reversion,1.78240062,32000,4800,8000,0,0,87359.99999999997,4656,MAX_POSITION
2025-12-05T12:40:35.378Z,LINKUSDT,vwap_pullback,14.049485449999999,32000,4800,8000,0,0,86031.85022101317,4656,MAX_POSITION
2025-12-05T12:40:35.446Z,XRPGBP,mean_reversion,1.5547932399999997,32000,4800,8000,0,0,87360.00000000048,4656,MAX_POSITION
2025-12-05T12:40:36.440Z,XRPRLUSD,mean_reversion,2.07519312,32000,4800,8000,0,0,87359.9999999996,4656,MAX_POSITION
2025-12-05T12:40:36.652Z,XLTCZEUR,mean_reversion,70.92084999999999,32000,4800,8000,0,0,87360.00000000068,4656,MAX_POSITION
2025-12-05T12:40:37.714Z,XRPUSDT,mean_reversion,2.0707887199999995,32000,4800,8000,0,0,87360.00000000068,4656,MAX_POSITION
2025-12-05T12:40:37.860Z,XRP/GBP,vwap_pullback,1.5547932399999997,32000,4800,8000,0,2994.610395913479,4656,4656,PASS
2025-12-05T12:40:38.189Z,XLTCZUSD,mean_reversion,82.55246999999999,32000,4800,8000,0,0,87360.0000000006,4656,MAX_POSITION
2025-12-05T12:40:38.963Z,XTZEUR,mean_reversion,0.41901859999999996,32000,4800,8000,0,0,87360.00000000077,4656,MAX_POSITION
2025-12-05T12:40:39.328Z,MASKEUR,mean_reversion,0.5805799999999999,32000,4800,8000,0,0,87360.00000000077,4656,MAX_POSITION
2025-12-05T12:40:39.974Z,XTZUSD,mean_reversion,0.48888839999999995,32000,4800,8000,0,0,87360.0000000009,4656,MAX_POSITION
2025-12-05T12:40:40.590Z,MASKUSD,mean_reversion,0.669669,32000,4800,8000,0,0,87360.00000000125,4656,MAX_POSITION
2025-12-05T12:40:41.876Z,MEUSD,mean_reversion,0.3322318999999999,32000,4800,8000,0,0,87360.00000000102,4656,MAX_POSITION
2025-12-05T12:40:42.829Z,AUD/USD,sma_trend_ride,0.6645765,32000,4800,8000,0,7005.965453187105,4656,4656,PASS
2025-12-05T12:40:44.414Z,ADA/USD,vwap_pullback,0.43173029899999993,32000,4800,8000,0,10784.510632643833,4656,4656,PASS
2025-12-05T12:40:44.659Z,NANOEUR,mean_reversion,0.707725018,32000,4800,8000,0,0,87360.00000000016,4656,MAX_POSITION
2025-12-05T12:40:45.704Z,NANOUSD,mean_reversion,0.8149261119999999,32000,4800,8000,0,0,87360.00000000073,4656,MAX_POSITION
2025-12-05T12:40:45.755Z,CRV/USD,vwap_pullback,0.40340299999999996,32000,4800,8000,0,11541.80806786266,4656,4656,PASS
2025-12-05T12:40:46.978Z,NOSUSD,mean_reversion,0.266266,32000,4800,8000,0,0,87360.00000000048,4656,MAX_POSITION
2025-12-05T12:40:48.031Z,OPEUR,mean_reversion,0.27357329999999996,32000,4800,8000,0,0,87360.00000000109,4656,MAX_POSITION
2025-12-05T12:40:48.095Z,SNX/USD,vwap_pullback,0.521521,32000,4800,8000,0,8927.732536177833,4656,4656,PASS
2025-12-05T12:40:49.336Z,OPUSD,mean_reversion,0.31791759999999997,32000,4800,8000,0,0,87360.00000000035,4656,MAX_POSITION
2025-12-05T12:40:50.171Z,ADA/USDT,vwap_pullback,0.43131087999999995,32000,4800,8000,0,10794.997798339797,4656,4656,PASS
2025-12-05T12:40:50.601Z,PROVEEUR,mean_reversion,0.39519479999999996,32000,4800,8000,0,0,87360.0000000004,4656,MAX_POSITION
2025-12-05T12:40:51.570Z,RUNEEUR,mean_reversion,0.5685679999999999,32000,4800,8000,0,0,87360.00000000109,4656,MAX_POSITION
2025-12-05T12:40:51.792Z,AERO/USD,vwap_pullback,0.6828822,32000,4800,8000,0,6818.159852460644,4656,4656,PASS
2025-12-05T12:40:52.887Z,RUNEUSD,mean_reversion,0.6606599999999999,32000,4800,8000,0,0,87360.0000000008,4656,MAX_POSITION
2025-12-05T12:40:53.919Z,SOSOUSD,mean_reversion,0.6010004,32000,4800,8000,0,0,87360.0000000006,4656,MAX_POSITION
2025-12-05T12:40:54.366Z,TIA/USD,vwap_pullback,0.6143137,32000,4800,8000,0,7579.189589944031,4656,4656,PASS
2025-12-05T12:40:55.717Z,TONEUR,mean_reversion,1.3643629999999998,32000,4800,8000,0,0,87360.00000000109,4656,MAX_POSITION
2025-12-05T12:40:56.494Z,TONUSD,mean_reversion,1.587586,32000,4800,8000,0,0,87360.00000000074,4656,MAX_POSITION
2025-12-05T12:40:57.579Z,TRUMPUSD,mean_reversion,5.884878999999999,32000,4800,8000,0,0,87360.00000000077,4656,MAX_POSITION
2025-12-05T12:40:59.116Z,ADAAUD,mean_reversion,0.6494087599999999,32000,4800,8000,0,0,87360.00000000057,4656,MAX_POSITION
2025-12-05T12:40:59.215Z,XRP/GBP,vwap_pullback,1.5547932399999997,32000,4800,8000,0,2994.610395913479,4656,4656,PASS
2025-12-05T12:41:00.100Z,AKTEUR,mean_reversion,0.3914911,32000,4800,8000,0,0,87360.0000000005,4656,MAX_POSITION
2025-12-05T12:41:00.723Z,USDCHF,vwap_pullback,0.80454374,32000,4800,8000,0,0,174173.90519186965,4656,MAX_POSITION
2025-12-05T12:41:01.028Z,SUPER/USD,vwap_pullback,0.2527525,32000,4800,8000,0,18421.182777618422,4656,4656,PASS
2025-12-05T12:41:01.384Z,AUDUSD,vwap_pullback,0.6639132499999999,32000,4800,8000,0,0,45594.55222783967,4656,MAX_POSITION
2025-12-05T12:41:01.977Z,AUDUSD,sma_trend_ride,0.6645765,32000,4800,8000,0,0,107582.34687063964,4656,MAX_POSITION
2025-12-05T12:41:02.061Z,XXRPZCAD,mean_reversion,2.8942513599999997,32000,4800,8000,0,0,87360.00000000093,4656,MAX_POSITION
2025-12-05T12:41:03.132Z,CVXUSD,mean_reversion,1.8248229999999999,32000,4800,8000,0,0,87360.00000000054,4656,MAX_POSITION
2025-12-05T12:41:03.859Z,XXRPZEUR,mean_reversion,1.7824106299999998,32000,4800,8000,0,0,87360.00000000096,4656,MAX_POSITION
2025-12-05T12:41:04.910Z,DOTEUR,mean_reversion,1.9271251999999999,32000,4800,8000,0,0,87360.00000000042,4656,MAX_POSITION
2025-12-05T12:41:05.127Z,XRPGBP,mean_reversion,1.5547932399999997,32000,4800,8000,0,0,87360.00000000048,4656,MAX_POSITION
2025-12-05T12:41:06.067Z,XRPRLUSD,mean_reversion,2.07519312,32000,4800,8000,0,0,87359.9999999996,4656,MAX_POSITION
2025-12-05T12:41:06.160Z,DOTGBP,mean_reversion,1.6788771999999998,32000,4800,8000,0,0,87360.00000000079,4656,MAX_POSITION
2025-12-05T12:41:06.485Z,SYRUP/USD,vwap_bounce,0.26930903999999994,32000,4800,8000,0,17288.688118304537,4656,4656,PASS
2025-12-05T12:41:07.456Z,XRPUSDT,mean_reversion,2.0707887199999995,32000,4800,8000,0,0,87360.00000000068,4656,MAX_POSITION
2025-12-05T12:41:07.473Z,DOTUSDC,mean_reversion,2.2351328999999995,32000,4800,8000,0,0,87360.00000000108,4656,MAX_POSITION
2025-12-05T12:41:08.411Z,XTZEUR,mean_reversion,0.41901859999999996,32000,4800,8000,0,0,87360.00000000077,4656,MAX_POSITION
2025-12-05T12:41:08.436Z,DOTUSDT,mean_reversion,2.2396374,32000,4800,8000,0,0,87360.00000000017,4656,MAX_POSITION
2025-12-05T12:41:08.484Z,AUD/USD,sma_trend_ride,0.6645765,32000,4800,8000,0,7005.965453187105,4656,4656,PASS
2025-12-05T12:41:09.684Z,XTZUSD,mean_reversion,0.48888839999999995,32000,4800,8000,0,0,87360.0000000009,4656,MAX_POSITION
2025-12-05T12:41:09.980Z,XETCZUSD,mean_reversion,13.497483999999998,32000,4800,8000,0,0,87360.0000000007,4656,MAX_POSITION
2025-12-05T12:41:10.192Z,ADA/USD,vwap_pullback,0.43173029899999993,32000,4800,8000,0,10784.510632643833,4656,4656,PASS
2025-12-05T12:41:10.993Z,ETHFIEUR,mean_reversion,0.6906899999999999,32000,4800,8000,0,0,87360.00000000016,4656,MAX_POSITION
2025-12-05T12:41:11.536Z,CRV/USD,vwap_pullback,0.40340299999999996,32000,4800,8000,0,11541.80806786266,4656,4656,PASS
2025-12-05T12:41:12.222Z,ADAAUD,mean_reversion,0.6494087599999999,32000,4800,8000,0,0,87360.00000000057,4656,MAX_POSITION
2025-12-05T12:41:12.586Z,EULEUR,mean_reversion,3.3213179999999998,32000,4800,8000,0,0,87360.00000000019,4656,MAX_POSITION
2025-12-05T12:41:13.492Z,AKTEUR,mean_reversion,0.3914911,32000,4800,8000,0,0,87360.0000000005,4656,MAX_POSITION
2025-12-05T12:41:13.572Z,SNX/USD,vwap_pullback,0.521521,32000,4800,8000,0,8927.732536177833,4656,4656,PASS
2025-12-05T12:41:14.563Z,EWTUSD,mean_reversion,0.6906899999999999,32000,4800,8000,0,0,87360.00000000016,4656,MAX_POSITION
2025-12-05T12:41:14.771Z,AUDUSD,vwap_pullback,0.6639132499999999,32000,4800,8000,0,0,45594.55222783967,4656,MAX_POSITION
2025-12-05T12:41:14.892Z,ADA/USDT,vwap_pullback,0.43131087999999995,32000,4800,8000,0,10794.997798339797,4656,4656,PASS
2025-12-05T12:41:15.362Z,AUDUSD,sma_trend_ride,0.6645765,32000,4800,8000,0,0,107582.34687063964,4656,MAX_POSITION
2025-12-05T12:41:16.088Z,FORTHUSD,mean_reversion,1.7327309999999998,32000,4800,8000,0,0,87360.00000000163,4656,MAX_POSITION
2025-12-05T12:41:16.380Z,CVXUSD,mean_reversion,1.8248229999999999,32000,4800,8000,0,0,87360.00000000054,4656,MAX_POSITION
2025-12-05T12:41:17.065Z,AERO/USD,vwap_pullback,0.6828822,32000,4800,8000,0,6818.159852460644,4656,4656,PASS
2025-12-05T12:41:17.085Z,FXSUSD,mean_reversion,0.805805,32000,4800,8000,0,0,87360.00000000052,4656,MAX_POSITION
2025-12-05T12:41:17.807Z,DOTEUR,mean_reversion,1.9271251999999999,32000,4800,8000,0,0,87360.00000000042,4656,MAX_POSITION
2025-12-05T12:41:18.429Z,KSMUSD,mean_reversion,8.448439999999998,32000,4800,8000,0,0,87360.00000000099,4656,MAX_POSITION
2025-12-05T12:41:19.323Z,DOTGBP,mean_reversion,1.6788771999999998,32000,4800,8000,0,0,87360.00000000079,4656,MAX_POSITION
2025-12-05T12:41:19.689Z,LINKEUR,vwap_pullback,12.06586381,32000,4800,8000,0,0,46723.094731326106,4656,MAX_POSITION
2025-12-05T12:41:20.057Z,TIA/USD,vwap_pullback,0.6143137,32000,4800,8000,0,7579.189589944031,4656,4656,PASS
2025-12-05T12:41:20.755Z,DOTUSDC,mean_reversion,2.2351328999999995,32000,4800,8000,0,0,87360.00000000108,4656,MAX_POSITION
2025-12-05T12:41:21.270Z,LINKUSD,vwap_pullback,14.035731709999999,32000,4800,8000,0,0,91587.62077825367,4656,MAX_POSITION
2025-12-05T12:41:22.030Z,DOTUSDT,mean_reversion,2.2396374,32000,4800,8000,0,0,87360.00000000017,4656,MAX_POSITION
2025-12-05T12:41:22.297Z,ONDO/USD,vwap_pullback,0.4800295499999999,32000,4800,8000,0,9699.40288051017,4656,4656,PASS
2025-12-05T12:41:22.929Z,LINKUSDC,vwap_pullback,14.02633232,32000,4800,8000,0,0,94208.05248136735,4656,MAX_POSITION
2025-12-05T12:41:23.890Z,LINKUSDT,vwap_pullback,14.049485449999999,32000,4800,8000,0,0,86031.85022101317,4656,MAX_POSITION
2025-12-05T12:41:24.079Z,XETCZUSD,mean_reversion,13.497483999999998,32000,4800,8000,0,0,87360.0000000007,4656,MAX_POSITION
2025-12-05T12:41:25.100Z,XLTCZEUR,mean_reversion,70.91084,32000,4800,8000,0,0,87360.00000000141,4656,MAX_POSITION
2025-12-05T12:41:25.343Z,ETHFIEUR,mean_reversion,0.6906899999999999,32000,4800,8000,0,0,87360.00000000016,4656,MAX_POSITION
2025-12-05T12:41:26.352Z,XLTCZUSD,mean_reversion,82.53245,32000,4800,8000,0,0,87360.00000000051,4656,MAX_POSITION
2025-12-05T12:41:26.663Z,EULEUR,mean_reversion,3.3213179999999998,32000,4800,8000,0,0,87360.00000000019,4656,MAX_POSITION
2025-12-05T12:41:26.665Z,ADA/EUR,vwap_pullback,0.37097860799999993,32000,4800,8000,0,12550.588900802606,4656,4656,PASS
2025-12-05T12:41:27.401Z,MASKEUR,mean_reversion,0.5805799999999999,32000,4800,8000,0,0,87360.00000000077,4656,MAX_POSITION
2025-12-05T12:41:28.130Z,EWTUSD,mean_reversion,0.6906899999999999,32000,4800,8000,0,0,87360.00000000016,4656,MAX_POSITION
2025-12-05T12:41:29.018Z,MASKUSD,mean_reversion,0.669669,32000,4800,8000,0,0,87360.00000000125,4656,MAX_POSITION
2025-12-05T12:41:29.287Z,SYRUP/USD,vwap_bounce,0.27034006999999993,32000,4800,8000,0,17222.752069273345,4656,4656,PASS
2025-12-05T12:41:29.715Z,FORTHUSD,mean_reversion,1.7327309999999998,32000,4800,8000,0,0,87360.00000000163,4656,MAX_POSITION
2025-12-05T12:41:30.063Z,MEUSD,mean_reversion,0.3322318999999999,32000,4800,8000,0,0,87360.00000000102,4656,MAX_POSITION
2025-12-05T12:41:30.975Z,FXSUSD,mean_reversion,0.805805,32000,4800,8000,0,0,87360.00000000052,4656,MAX_POSITION
2025-12-05T12:41:31.063Z,AUD/USD,sma_trend_ride,0.6645765,32000,4800,8000,0,7005.965453187105,4656,4656,PASS
2025-12-05T12:41:31.968Z,KSMUSD,mean_reversion,8.448439999999998,32000,4800,8000,0,0,87360.00000000099,4656,MAX_POSITION
2025-12-05T12:41:32.038Z,NANOEUR,mean_reversion,0.707725018,32000,4800,8000,0,0,87360.00000000016,4656,MAX_POSITION
2025-12-05T12:41:32.659Z,ADA/USD,vwap_pullback,0.43173029899999993,32000,4800,8000,0,10784.510632643833,4656,4656,PASS
2025-12-05T12:41:33.532Z,LINKEUR,vwap_pullback,12.059677629999998,32000,4800,8000,0,0,47894.38336298224,4656,MAX_POSITION
2025-12-05T12:41:33.670Z,NANOUSD,mean_reversion,0.8149261119999999,32000,4800,8000,0,0,87360.00000000073,4656,MAX_POSITION
2025-12-05T12:41:34.220Z,CRV/USD,vwap_pullback,0.40340299999999996,32000,4800,8000,0,11541.80806786266,4656,4656,PASS
2025-12-05T12:41:34.801Z,LINKUSD,vwap_pullback,14.035731709999999,32000,4800,8000,0,0,91587.62077825367,4656,MAX_POSITION
2025-12-05T12:41:35.216Z,NOSUSD,mean_reversion,0.266266,32000,4800,8000,0,0,87360.00000000048,4656,MAX_POSITION
2025-12-05T12:41:36.354Z,LINKUSDC,vwap_pullback,14.02633232,32000,4800,8000,0,0,94208.05248136735,4656,MAX_POSITION
2025-12-05T12:41:36.604Z,SNX/USD,vwap_pullback,0.521521,32000,4800,8000,0,8927.732536177833,4656,4656,PASS
2025-12-05T12:41:36.741Z,OPEUR,mean_reversion,0.27357329999999996,32000,4800,8000,0,0,87360.00000000109,4656,MAX_POSITION
2025-12-05T12:41:37.900Z,ADA/USDT,vwap_pullback,0.43131087999999995,32000,4800,8000,0,10794.997798339797,4656,4656,PASS
2025-12-05T12:41:37.907Z,LINKUSDT,vwap_pullback,14.049485449999999,32000,4800,8000,0,0,86031.85022101317,4656,MAX_POSITION
2025-12-05T12:41:38.281Z,OPUSD,mean_reversion,0.31791759999999997,32000,4800,8000,0,0,87360.00000000035,4656,MAX_POSITION
2025-12-05T12:41:38.944Z,XLTCZEUR,mean_reversion,70.91084,32000,4800,8000,0,0,87360.00000000141,4656,MAX_POSITION
2025-12-05T12:41:39.589Z,PROVEEUR,mean_reversion,0.39519479999999996,32000,4800,8000,0,0,87360.0000000004,4656,MAX_POSITION
2025-12-05T12:41:39.720Z,AERO/USD,vwap_pullback,0.6828822,32000,4800,8000,0,6818.159852460644,4656,4656,PASS
2025-12-05T12:41:40.043Z,XLTCZUSD,mean_reversion,82.53245,32000,4800,8000,0,0,87360.00000000051,4656,MAX_POSITION
2025-12-05T12:41:41.047Z,MASKEUR,mean_reversion,0.5805799999999999,32000,4800,8000,0,0,87360.00000000077,4656,MAX_POSITION
2025-12-05T12:41:41.393Z,RUNEEUR,mean_reversion,0.5685679999999999,32000,4800,8000,0,0,87360.00000000109,4656,MAX_POSITION
2025-12-05T12:41:42.083Z,TIA/USD,vwap_pullback,0.6143137,32000,4800,8000,0,7579.189589944031,4656,4656,PASS
2025-12-05T12:41:42.321Z,MASKUSD,mean_reversion,0.67067,32000,4800,8000,0,0,87360.00000000015,4656,MAX_POSITION
2025-12-05T12:41:43.066Z,RUNEUSD,mean_reversion,0.6606599999999999,32000,4800,8000,0,0,87360.0000000008,4656,MAX_POSITION
2025-12-05T12:41:43.887Z,MEUSD,mean_reversion,0.3322318999999999,32000,4800,8000,0,0,87360.00000000102,4656,MAX_POSITION
2025-12-05T12:41:44.425Z,SOSOUSD,mean_reversion,0.6010004,32000,4800,8000,0,0,87360.0000000006,4656,MAX_POSITION
2025-12-05T12:41:45.010Z,ONDO/USD,vwap_pullback,0.4800295499999999,32000,4800,8000,0,9699.40288051017,4656,4656,PASS
2025-12-05T12:41:45.692Z,TONEUR,mean_reversion,1.3643629999999998,32000,4800,8000,0,0,87360.00000000109,4656,MAX_POSITION
2025-12-05T12:41:46.112Z,NANOEUR,mean_reversion,0.707725018,32000,4800,8000,0,0,87360.00000000016,4656,MAX_POSITION
2025-12-05T12:41:47.195Z,TONUSD,mean_reversion,1.587586,32000,4800,8000,0,0,87360.00000000074,4656,MAX_POSITION
2025-12-05T12:41:47.654Z,NANOUSD,mean_reversion,0.8149261119999999,32000,4800,8000,0,0,87360.00000000073,4656,MAX_POSITION
2025-12-05T12:41:48.904Z,TRUMPUSD,mean_reversion,5.884878999999999,32000,4800,8000,0,0,87360.00000000077,4656,MAX_POSITION
2025-12-05T12:41:48.983Z,NOSUSD,mean_reversion,0.266266,32000,4800,8000,0,0,87360.00000000048,4656,MAX_POSITION
2025-12-05T12:41:50.537Z,SYRUP/USD,vwap_bounce,0.26974948,32000,4800,8000,0,17260.459593842406,4656,4656,PASS
2025-12-05T12:41:50.561Z,OPEUR,mean_reversion,0.27357329999999996,32000,4800,8000,0,0,87360.00000000109,4656,MAX_POSITION
2025-12-05T12:41:50.670Z,USDCHF,vwap_pullback,0.80454374,32000,4800,8000,0,0,174173.90519186965,4656,MAX_POSITION
2025-12-05T12:41:51.479Z,XXRPZCAD,mean_reversion,2.8942513599999997,32000,4800,8000,0,0,87360.00000000093,4656,MAX_POSITION
2025-12-05T12:41:51.772Z,OPUSD,mean_reversion,0.31791759999999997,32000,4800,8000,0,0,87360.00000000035,4656,MAX_POSITION
2025-12-05T12:41:52.211Z,AUD/USD,sma_trend_ride,0.6645765,32000,4800,8000,0,7005.965453187105,4656,4656,PASS
2025-12-05T12:41:52.770Z,XXRPZEUR,mean_reversion,1.7824106299999998,32000,4800,8000,0,0,87360.00000000096,4656,MAX_POSITION
2025-12-05T12:41:53.710Z,PROVEEUR,mean_reversion,0.39519479999999996,32000,4800,8000,0,0,87360.0000000004,4656,MAX_POSITION
2025-12-05T12:41:53.769Z,ADA/USD,vwap_pullback,0.43173029899999993,32000,4800,8000,0,10784.510632643833,4656,4656,PASS
2025-12-05T12:41:53.929Z,XRPGBP,mean_reversion,1.5549433899999998,32000,4800,8000,0,0,87360.00000000068,4656,MAX_POSITION
2025-12-05T12:41:54.938Z,XRPRLUSD,mean_reversion,2.07519312,32000,4800,8000,0,0,87359.9999999996,4656,MAX_POSITION
2025-12-05T12:41:55.152Z,CRV/USD,vwap_pullback,0.40340299999999996,32000,4800,8000,0,11541.80806786266,4656,4656,PASS
2025-12-05T12:41:55.345Z,RUNEEUR,mean_reversion,0.5685679999999999,32000,4800,8000,0,0,87360.00000000109,4656,MAX_POSITION
2025-12-05T12:41:55.945Z,XRPUSDT,mean_reversion,2.0707887199999995,32000,4800,8000,0,0,87360.00000000068,4656,MAX_POSITION
2025-12-05T12:41:56.866Z,RUNEUSD,mean_reversion,0.6606599999999999,32000,4800,8000,0,0,87360.0000000008,4656,MAX_POSITION
2025-12-05T12:41:57.193Z,SNX/USD,vwap_pullback,0.521521,32000,4800,8000,0,8927.732536177833,4656,4656,PASS
2025-12-05T12:41:57.243Z,XTZEUR,mean_reversion,0.41901859999999996,32000,4800,8000,0,0,87360.00000000077,4656,MAX_POSITION
2025-12-05T12:41:58.402Z,SOSOUSD,mean_reversion,0.6010004,32000,4800,8000,0,0,87360.0000000006,4656,MAX_POSITION
2025-12-05T12:41:58.514Z,XTZUSD,mean_reversion,0.48888839999999995,32000,4800,8000,0,0,87360.0000000009,4656,MAX_POSITION
2025-12-05T12:41:58.562Z,ADA/USDT,vwap_pullback,0.43131087999999995,32000,4800,8000,0,10794.997798339797,4656,4656,PASS
2025-12-05T12:42:00.000Z,TONEUR,mean_reversion,1.3643629999999998,32000,4800,8000,0,0,87360.00000000109,4656,MAX_POSITION
2025-12-05T12:42:00.007Z,AERO/USD,vwap_pullback,0.6828822,32000,4800,8000,0,6818.159852460644,4656,4656,PASS
2025-12-05T12:42:00.332Z,ADAAUD,mean_reversion,0.6494087599999999,32000,4800,8000,0,0,87360.00000000057,4656,MAX_POSITION
2025-12-05T12:42:01.084Z,TONUSD,mean_reversion,1.587586,32000,4800,8000,0,0,87360.00000000074,4656,MAX_POSITION
2025-12-05T12:42:01.860Z,AKTEUR,mean_reversion,0.3914911,32000,4800,8000,0,0,87360.0000000005,4656,MAX_POSITION
2025-12-05T12:42:02.278Z,TIA/USD,vwap_pullback,0.6143137,32000,4800,8000,0,7579.189589944031,4656,4656,PASS
2025-12-05T12:42:02.369Z,TRUMPUSD,mean_reversion,5.884878999999999,32000,4800,8000,0,0,87360.00000000077,4656,MAX_POSITION
2025-12-05T12:42:03.199Z,AUDUSD,vwap_pullback,0.6639132499999999,32000,4800,8000,0,0,45594.55222783967,4656,MAX_POSITION
2025-12-05T12:42:04.048Z,AUDUSD,sma_trend_ride,0.6645765,32000,4800,8000,0,0,107582.34687063964,4656,MAX_POSITION
2025-12-05T12:42:04.329Z,ONDO/USD,vwap_pullback,0.4800295499999999,32000,4800,8000,0,9699.40288051017,4656,4656,PASS
2025-12-05T12:42:04.924Z,USDCHF,vwap_pullback,0.8045036999999999,32000,4800,8000,0,0,175752.16400910835,4656,MAX_POSITION
2025-12-05T12:42:05.325Z,CVXUSD,mean_reversion,1.8248229999999999,32000,4800,8000,0,0,87360.00000000054,4656,MAX_POSITION
2025-12-05T12:42:06.199Z,XXRPZCAD,mean_reversion,2.8942513599999997,32000,4800,8000,0,0,87360.00000000093,4656,MAX_POSITION
2025-12-05T12:42:06.743Z,DOTEUR,mean_reversion,1.9271251999999999,32000,4800,8000,0,0,87360.00000000042,4656,MAX_POSITION
2025-12-05T12:42:07.456Z,XXRPZEUR,mean_reversion,1.7824106299999998,32000,4800,8000,0,0,87360.00000000096,4656,MAX_POSITION
2025-12-05T12:42:07.892Z,DOTGBP,mean_reversion,1.6788771999999998,32000,4800,8000,0,0,87360.00000000079,4656,MAX_POSITION
2025-12-05T12:42:08.746Z,XRPGBP,mean_reversion,1.5549433899999998,32000,4800,8000,0,0,87360.00000000068,4656,MAX_POSITION
2025-12-05T12:42:09.437Z,DOTUSDC,mean_reversion,2.2351328999999995,32000,4800,8000,0,0,87360.00000000108,4656,MAX_POSITION
2025-12-05T12:42:09.879Z,SYRUP/USD,vwap_bounce,0.26974948,32000,4800,8000,0,17260.459593842406,4656,4656,PASS
2025-12-05T12:42:10.820Z,XRPRLUSD,mean_reversion,2.07519312,32000,4800,8000,0,0,87359.9999999996,4656,MAX_POSITION
2025-12-05T12:42:11.015Z,DOTUSDT,mean_reversion,2.2396374,32000,4800,8000,0,0,87360.00000000017,4656,MAX_POSITION
2025-12-05T12:42:11.786Z,AUD/USD,vwap_pullback,0.6642035399999999,32000,4800,8000,0,7009.899405233523,4656,4656,PASS
2025-12-05T12:42:11.888Z,XRPUSDT,mean_reversion,2.0707887199999995,32000,4800,8000,0,0,87360.00000000068,4656,MAX_POSITION
2025-12-05T12:42:11.988Z,ADAAUD,mean_reversion,0.6494087599999999,32000,4800,8000,0,0,87360.00000000057,4656,MAX_POSITION
2025-12-05T12:42:12.178Z,XETCZUSD,mean_reversion,13.497483999999998,32000,4800,8000,0,0,87360.0000000007,4656,MAX_POSITION
2025-12-05T12:42:12.911Z,XTZEUR,mean_reversion,0.41901859999999996,32000,4800,8000,0,0,87360.00000000077,4656,MAX_POSITION
2025-12-05T12:42:13.364Z,ADA/USD,vwap_pullback,0.43157314199999997,32000,4800,8000,0,10788.437803203242,4656,4656,PASS
2025-12-05T12:42:13.544Z,AKTEUR,mean_reversion,0.3914911,32000,4800,8000,0,0,87360.0000000005,4656,MAX_POSITION
2025-12-05T12:42:13.608Z,ETHFIEUR,mean_reversion,0.6906899999999999,32000,4800,8000,0,0,87360.00000000016,4656,MAX_POSITION
2025-12-05T12:42:14.999Z,AUDUSD,vwap_pullback,0.6642035399999999,32000,4800,8000,0,0,44686.58873521086,4656,MAX_POSITION
2025-12-05T12:42:15.191Z,EULEUR,mean_reversion,3.3213179999999998,32000,4800,8000,0,0,87360.00000000019,4656,MAX_POSITION
2025-12-05T12:42:15.391Z,CRV/USD,vwap_pullback,0.40340299999999996,32000,4800,8000,0,11541.80806786266,4656,4656,PASS
2025-12-05T12:42:15.574Z,XTZUSD,mean_reversion,0.48888839999999995,32000,4800,8000,0,0,87360.0000000009,4656,MAX_POSITION
2025-12-05T12:42:15.624Z,AUDUSD,sma_trend_ride,0.66486708,32000,4800,8000,0,0,102840.46379300882,4656,MAX_POSITION
2025-12-05T12:42:16.882Z,CVXUSD,mean_reversion,1.8248229999999999,32000,4800,8000,0,0,87360.00000000054,4656,MAX_POSITION
2025-12-05T12:42:17.378Z,EWTUSD,mean_reversion,0.6936929999999999,32000,4800,8000,0,0,87360.00000000073,4656,MAX_POSITION
2025-12-05T12:42:17.573Z,SNX/USD,vwap_pullback,0.521521,32000,4800,8000,0,8927.732536177833,4656,4656,PASS
2025-12-05T12:42:18.465Z,DOTEUR,mean_reversion,1.9271251999999999,32000,4800,8000,0,0,87360.00000000042,4656,MAX_POSITION
2025-12-05T12:42:18.949Z,FORTHUSD,mean_reversion,1.7327309999999998,32000,4800,8000,0,0,87360.00000000163,4656,MAX_POSITION
2025-12-05T12:42:19.158Z,ADA/USDT,vwap_pullback,0.43131087999999995,32000,4800,8000,0,10794.997798339797,4656,4656,PASS
2025-12-05T12:42:19.752Z,DOTGBP,mean_reversion,1.6788771999999998,32000,4800,8000,0,0,87360.00000000079,4656,MAX_POSITION
2025-12-05T12:42:19.906Z,FXSUSD,mean_reversion,0.805805,32000,4800,8000,0,0,87360.00000000052,4656,MAX_POSITION
2025-12-05T12:42:20.434Z,AERO/USD,vwap_pullback,0.6828822,32000,4800,8000,0,6818.159852460644,4656,4656,PASS
2025-12-05T12:42:21.010Z,DOTUSDC,mean_reversion,2.2351328999999995,32000,4800,8000,0,0,87360.00000000108,4656,MAX_POSITION
2025-12-05T12:42:21.779Z,KSMUSD,mean_reversion,8.448439999999998,32000,4800,8000,0,0,87360.00000000099,4656,MAX_POSITION
2025-12-05T12:42:22.328Z,DOTUSDT,mean_reversion,2.2396374,32000,4800,8000,0,0,87360.00000000017,4656,MAX_POSITION
2025-12-05T12:42:22.781Z,LINKEUR,vwap_pullback,12.059677629999998,32000,4800,8000,0,0,47894.38336298224,4656,MAX_POSITION
2025-12-05T12:42:22.915Z,TIA/USD,vwap_pullback,0.6149142999999999,32000,4800,8000,0,7571.786832734254,4656,4656,PASS
2025-12-05T12:42:23.805Z,XETCZUSD,mean_reversion,13.497483999999998,32000,4800,8000,0,0,87360.0000000007,4656,MAX_POSITION
2025-12-05T12:42:23.903Z,LINKUSD,vwap_pullback,14.035731709999999,32000,4800,8000,0,0,91587.62077825367,4656,MAX_POSITION
2025-12-05T12:42:25.282Z,ONDO/USD,vwap_pullback,0.4800295499999999,32000,4800,8000,0,9699.40288051017,4656,4656,PASS
2025-12-05T12:42:25.410Z,ETHFIEUR,mean_reversion,0.6906899999999999,32000,4800,8000,0,0,87360.00000000016,4656,MAX_POSITION
2025-12-05T12:42:25.491Z,LINKUSDC,vwap_pullback,14.02633232,32000,4800,8000,0,0,94208.05248136735,4656,MAX_POSITION
2025-12-05T12:42:26.514Z,LINKUSDT,vwap_pullback,14.049485449999999,32000,4800,8000,0,0,86031.85022101317,4656,MAX_POSITION
2025-12-05T12:42:27.023Z,EULEUR,mean_reversion,3.3213179999999998,32000,4800,8000,0,0,87360.00000000019,4656,MAX_POSITION
2025-12-05T12:42:28.103Z,XLTCZEUR,mean_reversion,70.92084999999999,32000,4800,8000,0,0,87360.00000000068,4656,MAX_POSITION
2025-12-05T12:42:28.737Z,SYRUP/USD,vwap_bounce,0.26974948,32000,4800,8000,0,17260.459593842406,4656,4656,PASS
2025-12-05T12:42:29.355Z,EWTUSD,mean_reversion,0.6936929999999999,32000,4800,8000,0,0,87360.00000000073,4656,MAX_POSITION
2025-12-05T12:42:29.400Z,XLTCZUSD,mean_reversion,82.54245999999999,32000,4800,8000,0,0,87359.99999999987,4656,MAX_POSITION
2025-12-05T12:42:30.356Z,AUD/USD,vwap_pullback,0.6642035399999999,32000,4800,8000,0,7009.899405233523,4656,4656,PASS
2025-12-05T12:42:30.380Z,FORTHUSD,mean_reversion,1.7327309999999998,32000,4800,8000,0,0,87360.00000000163,4656,MAX_POSITION
2025-12-05T12:42:31.070Z,MASKEUR,mean_reversion,0.5805799999999999,32000,4800,8000,0,0,87360.00000000077,4656,MAX_POSITION
2025-12-05T12:42:31.682Z,FXSUSD,mean_reversion,0.805805,32000,4800,8000,0,0,87360.00000000052,4656,MAX_POSITION
2025-12-05T12:42:32.025Z,ADA/USD,vwap_pullback,0.43157214099999996,32000,4800,8000,0,10788.462826195262,4656,4656,PASS
2025-12-05T12:42:32.367Z,MASKUSD,mean_reversion,0.67067,32000,4800,8000,0,0,87360.00000000015,4656,MAX_POSITION
2025-12-05T12:42:32.887Z,KSMUSD,mean_reversion,8.448439999999998,32000,4800,8000,0,0,87360.00000000099,4656,MAX_POSITION
2025-12-05T12:42:33.778Z,MEUSD,mean_reversion,0.3322318999999999,32000,4800,8000,0,0,87360.00000000102,4656,MAX_POSITION
2025-12-05T12:42:33.997Z,CRV/USD,vwap_pullback,0.40340299999999996,32000,4800,8000,0,11541.80806786266,4656,4656,PASS
2025-12-05T12:42:34.311Z,LINKEUR,vwap_pullback,12.059677629999998,32000,4800,8000,0,0,47894.38336298224,4656,MAX_POSITION
2025-12-05T12:42:35.340Z,LINKUSD,vwap_pullback,14.035731709999999,32000,4800,8000,0,0,91587.62077825367,4656,MAX_POSITION
2025-12-05T12:42:35.455Z,NANOEUR,mean_reversion,0.707725018,32000,4800,8000,0,0,87360.00000000016,4656,MAX_POSITION
2025-12-05T12:42:36.274Z,SNX/USD,vwap_pullback,0.521521,32000,4800,8000,0,8927.732536177833,4656,4656,PASS
2025-12-05T12:42:36.572Z,LINKUSDC,vwap_pullback,14.02633232,32000,4800,8000,0,0,94208.05248136735,4656,MAX_POSITION
2025-12-05T12:42:36.991Z,NANOUSD,mean_reversion,0.8149261119999999,32000,4800,8000,0,0,87360.00000000073,4656,MAX_POSITION
2025-12-05T12:42:37.876Z,LINKUSDT,vwap_pullback,14.049485449999999,32000,4800,8000,0,0,86031.85022101317,4656,MAX_POSITION
2025-12-05T12:42:37.942Z,ADA/USDT,vwap_pullback,0.43131087999999995,32000,4800,8000,0,10794.997798339797,4656,4656,PASS
2025-12-05T12:42:38.761Z,NOSUSD,mean_reversion,0.266266,32000,4800,8000,0,0,87360.00000000048,4656,MAX_POSITION
2025-12-05T12:42:39.150Z,XLTCZEUR,mean_reversion,70.99091999999999,32000,4800,8000,0,0,87360.00000000196,4656,MAX_POSITION
2025-12-05T12:42:39.495Z,AERO/USD,vwap_pullback,0.6828822,32000,4800,8000,0,6818.159852460644,4656,4656,PASS
2025-12-05T12:42:39.771Z,OPEUR,mean_reversion,0.27357329999999996,32000,4800,8000,0,0,87360.00000000109,4656,MAX_POSITION
2025-12-05T12:42:40.356Z,XLTCZUSD,mean_reversion,82.54245999999999,32000,4800,8000,0,0,87359.99999999987,4656,MAX_POSITION
2025-12-05T12:42:41.294Z,TIA/USD,vwap_pullback,0.6149142999999999,32000,4800,8000,0,7571.786832734254,4656,4656,PASS
2025-12-05T12:42:41.294Z,OPUSD,mean_reversion,0.31791759999999997,32000,4800,8000,0,0,87360.00000000035,4656,MAX_POSITION
2025-12-05T12:42:41.871Z,MASKEUR,mean_reversion,0.5805799999999999,32000,4800,8000,0,0,87360.00000000077,4656,MAX_POSITION
2025-12-05T12:42:42.269Z,ADAAUD,mean_reversion,0.6494087599999999,32000,4800,8000,0,0,87360.00000000057,4656,MAX_POSITION
2025-12-05T12:42:42.314Z,PROVEEUR,mean_reversion,0.39519479999999996,32000,4800,8000,0,0,87360.0000000004,4656,MAX_POSITION
2025-12-05T12:42:43.210Z,MASKUSD,mean_reversion,0.67067,32000,4800,8000,0,0,87360.00000000015,4656,MAX_POSITION
2025-12-05T12:42:43.688Z,AKTEUR,mean_reversion,0.3914911,32000,4800,8000,0,0,87360.0000000005,4656,MAX_POSITION
2025-12-05T12:42:43.848Z,RUNEEUR,mean_reversion,0.5685679999999999,32000,4800,8000,0,0,87360.00000000109,4656,MAX_POSITION
2025-12-05T12:42:44.564Z,MEUSD,mean_reversion,0.3322318999999999,32000,4800,8000,0,0,87360.00000000102,4656,MAX_POSITION
2025-12-05T12:42:44.915Z,ONDO/USD,vwap_pullback,0.4800295499999999,32000,4800,8000,0,9699.40288051017,4656,4656,PASS
2025-12-05T12:42:44.988Z,AUDUSD,vwap_pullback,0.6646439799999999,32000,4800,8000,0,0,43377.302551866334,4656,MAX_POSITION
2025-12-05T12:42:45.181Z,RUNEUSD,mean_reversion,0.6606599999999999,32000,4800,8000,0,0,87360.0000000008,4656,MAX_POSITION
2025-12-05T12:42:45.578Z,AUDUSD,sma_trend_ride,0.66530796,32000,4800,8000,0,0,96083.28803557905,4656,MAX_POSITION
2025-12-05T12:42:46.649Z,CVXUSD,mean_reversion,1.8248229999999999,32000,4800,8000,0,0,87360.00000000054,4656,MAX_POSITION
2025-12-05T12:42:46.744Z,NANOEUR,mean_reversion,0.707725018,32000,4800,8000,0,0,87360.00000000016,4656,MAX_POSITION
2025-12-05T12:42:47.220Z,SOSOUSD,mean_reversion,0.6010004,32000,4800,8000,0,0,87360.0000000006,4656,MAX_POSITION
2025-12-05T12:42:47.844Z,DOTEUR,mean_reversion,1.9278258999999998,32000,4800,8000,0,0,87360.0000000011,4656,MAX_POSITION
2025-12-05T12:42:48.514Z,SYRUP/USD,vwap_bounce,0.26982955999999997,32000,4800,8000,0,17255.337035719884,4656,4656,PASS
2025-12-05T12:42:48.582Z,NANOUSD,mean_reversion,0.8149261119999999,32000,4800,8000,0,0,87360.00000000073,4656,MAX_POSITION
2025-12-05T12:42:48.646Z,TONEUR,mean_reversion,1.3643629999999998,32000,4800,8000,0,0,87360.00000000109,4656,MAX_POSITION
2025-12-05T12:42:49.142Z,DOTGBP,mean_reversion,1.6788771999999998,32000,4800,8000,0,0,87360.00000000079,4656,MAX_POSITION
2025-12-05T12:42:49.911Z,TONUSD,mean_reversion,1.5865849999999997,32000,4800,8000,0,0,87360.00000000176,4656,MAX_POSITION
2025-12-05T12:42:50.062Z,NOSUSD,mean_reversion,0.266266,32000,4800,8000,0,0,87360.00000000048,4656,MAX_POSITION
2025-12-05T12:42:50.303Z,AUD/USD,vwap_pullback,0.6646439799999999,32000,4800,8000,0,7005.254151252526,4656,4656,PASS
2025-12-05T12:42:50.425Z,DOTUSDC,mean_reversion,2.2351328999999995,32000,4800,8000,0,0,87360.00000000108,4656,MAX_POSITION
2025-12-05T12:42:51.312Z,TRUMPUSD,mean_reversion,5.884878999999999,32000,4800,8000,0,0,87360.00000000077,4656,MAX_POSITION
2025-12-05T12:42:51.333Z,OPEUR,mean_reversion,0.27357329999999996,32000,4800,8000,0,0,87360.00000000109,4656,MAX_POSITION
2025-12-05T12:42:51.593Z,ADA/USD,vwap_pullback,0.43157214099999996,32000,4800,8000,0,10788.462826195262,4656,4656,PASS
2025-12-05T12:42:52.000Z,DOTUSDT,mean_reversion,2.2396374,32000,4800,8000,0,0,87360.00000000017,4656,MAX_POSITION
2025-12-05T12:42:52.642Z,OPUSD,mean_reversion,0.31791759999999997,32000,4800,8000,0,0,87360.00000000035,4656,MAX_POSITION
2025-12-05T12:42:53.147Z,CRV/USD,vwap_pullback,0.40340299999999996,32000,4800,8000,0,11541.80806786266,4656,4656,PASS
2025-12-05T12:42:53.405Z,XETCZUSD,mean_reversion,13.497483999999998,32000,4800,8000,0,0,87360.0000000007,4656,MAX_POSITION
2025-12-05T12:42:54.107Z,USDCHF,vwap_pullback,0.8045036999999999,32000,4800,8000,0,0,175752.16400910835,4656,MAX_POSITION
2025-12-05T12:42:54.233Z,PROVEEUR,mean_reversion,0.39519479999999996,32000,4800,8000,0,0,87360.0000000004,4656,MAX_POSITION
2025-12-05T12:42:54.720Z,ETHFIEUR,mean_reversion,0.6906899999999999,32000,4800,8000,0,0,87360.00000000016,4656,MAX_POSITION
2025-12-05T12:42:55.216Z,RUNEEUR,mean_reversion,0.5685679999999999,32000,4800,8000,0,0,87360.00000000109,4656,MAX_POSITION
2025-12-05T12:42:55.506Z,SNX/USD,vwap_pullback,0.5225219999999999,32000,4800,8000,0,8910.629600284774,4656,4656,PASS
2025-12-05T12:42:55.829Z,XXRPZCAD,mean_reversion,2.8931102199999996,32000,4800,8000,0,0,87360.00000000017,4656,MAX_POSITION
2025-12-05T12:42:55.853Z,EULEUR,mean_reversion,3.3213179999999998,32000,4800,8000,0,0,87360.00000000019,4656,MAX_POSITION
2025-12-05T12:42:56.500Z,RUNEUSD,mean_reversion,0.6606599999999999,32000,4800,8000,0,0,87360.0000000008,4656,MAX_POSITION
2025-12-05T12:42:57.064Z,ADA/USDT,vwap_pullback,0.43131087999999995,32000,4800,8000,0,10794.997798339797,4656,4656,PASS
2025-12-05T12:42:57.135Z,XXRPZEUR,mean_reversion,1.7824106299999998,32000,4800,8000,0,0,87360.00000000096,4656,MAX_POSITION
2025-12-05T12:42:57.489Z,SOSOUSD,mean_reversion,0.6010004,32000,4800,8000,0,0,87360.0000000006,4656,MAX_POSITION
2025-12-05T12:42:57.584Z,EWTUSD,mean_reversion,0.6936929999999999,32000,4800,8000,0,0,87360.00000000073,4656,MAX_POSITION
2025-12-05T12:42:58.330Z,XRPGBP,mean_reversion,1.5537321799999997,32000,4800,8000,0,0,87360.00000000146,4656,MAX_POSITION
2025-12-05T12:42:58.359Z,AERO/USD,vwap_pullback,0.6828822,32000,4800,8000,0,6818.159852460644,4656,4656,PASS
2025-12-05T12:42:58.584Z,FORTHUSD,mean_reversion,1.7327309999999998,32000,4800,8000,0,0,87360.00000000163,4656,MAX_POSITION
2025-12-05T12:42:58.803Z,TONEUR,mean_reversion,1.3643629999999998,32000,4800,8000,0,0,87360.00000000109,4656,MAX_POSITION
2025-12-05T12:42:59.588Z,XRPRLUSD,mean_reversion,2.07519312,32000,4800,8000,0,0,87359.9999999996,4656,MAX_POSITION
2025-12-05T12:42:59.889Z,FXSUSD,mean_reversion,0.805805,32000,4800,8000,0,0,87360.00000000052,4656,MAX_POSITION
2025-12-05T12:43:00.398Z,TONUSD,mean_reversion,1.5865849999999997,32000,4800,8000,0,0,87360.00000000176,4656,MAX_POSITION
2025-12-05T12:43:00.633Z,XRPUSDT,mean_reversion,2.0707887199999995,32000,4800,8000,0,0,87360.00000000068,4656,MAX_POSITION
2025-12-05T12:43:00.993Z,KSMUSD,mean_reversion,8.448439999999998,32000,4800,8000,0,0,87360.00000000099,4656,MAX_POSITION
2025-12-05T12:43:01.061Z,TIA/USD,vwap_pullback,0.6149142999999999,32000,4800,8000,0,7571.786832734254,4656,4656,PASS
2025-12-05T12:43:01.625Z,XTZEUR,mean_reversion,0.41901859999999996,32000,4800,8000,0,0,87360.00000000077,4656,MAX_POSITION
2025-12-05T12:43:02.023Z,LINKEUR,vwap_pullback,12.059677629999998,32000,4800,8000,0,0,47894.38336298224,4656,MAX_POSITION
2025-12-05T12:43:02.115Z,TRUMPUSD,mean_reversion,5.884878999999999,32000,4800,8000,0,0,87360.00000000077,4656,MAX_POSITION
2025-12-05T12:43:03.114Z,LINKUSD,vwap_pullback,14.032188169999998,32000,4800,8000,0,0,93824.08921563855,4656,MAX_POSITION
2025-12-05T12:43:03.436Z,XTZUSD,mean_reversion,0.48888839999999995,32000,4800,8000,0,0,87360.0000000009,4656,MAX_POSITION
2025-12-05T12:43:03.853Z,ONDO/USD,vwap_pullback,0.4800295499999999,32000,4800,8000,0,9699.40288051017,4656,4656,PASS
2025-12-05T12:43:04.904Z,LINKUSDC,vwap_pullback,14.02633232,32000,4800,8000,0,0,94208.05248136735,4656,MAX_POSITION
2025-12-05T12:43:04.979Z,USDCHF,vwap_pullback,0.8045036999999999,32000,4800,8000,0,0,175752.16400910835,4656,MAX_POSITION
2025-12-05T12:43:06.126Z,LINKUSDT,vwap_pullback,14.049485449999999,32000,4800,8000,0,0,86031.85022101317,4656,MAX_POSITION
2025-12-05T12:43:06.707Z,XXRPZCAD,mean_reversion,2.8932403499999997,32000,4800,8000,0,0,87360.00000000087,4656,MAX_POSITION
2025-12-05T12:43:07.446Z,XLTCZEUR,mean_reversion,70.9709,32000,4800,8000,0,0,87360.00000000025,4656,MAX_POSITION
2025-12-05T12:43:07.973Z,ADA/USD,vwap_pullback,0.431658227,32000,4800,8000,0,10786.31127306187,4656,4656,PASS
2025-12-05T12:43:08.357Z,XXRPZEUR,mean_reversion,1.78240062,32000,4800,8000,0,0,87359.99999999997,4656,MAX_POSITION
2025-12-05T12:43:08.926Z,XLTCZUSD,mean_reversion,82.57248999999999,32000,4800,8000,0,0,87360.00000000073,4656,MAX_POSITION
2025-12-05T12:43:09.266Z,CRV/USD,vwap_pullback,0.40340299999999996,32000,4800,8000,0,11541.80806786266,4656,4656,PASS
2025-12-05T12:43:10.193Z,MASKEUR,mean_reversion,0.5805799999999999,32000,4800,8000,0,0,87360.00000000077,4656,MAX_POSITION
2025-12-05T12:43:10.363Z,XRPGBP,mean_reversion,1.5537321799999997,32000,4800,8000,0,0,87360.00000000146,4656,MAX_POSITION
2025-12-05T12:43:11.420Z,XRPRLUSD,mean_reversion,2.07519312,32000,4800,8000,0,0,87359.9999999996,4656,MAX_POSITION
2025-12-05T12:43:11.865Z,MASKUSD,mean_reversion,0.67067,32000,4800,8000,0,0,87360.00000000015,4656,MAX_POSITION
2025-12-05T12:43:12.240Z,SNX/USD,vwap_pullback,0.5225219999999999,32000,4800,8000,0,8910.629600284774,4656,4656,PASS
2025-12-05T12:43:12.968Z,MEUSD,mean_reversion,0.3322318999999999,32000,4800,8000,0,0,87360.00000000102,4656,MAX_POSITION
2025-12-05T12:43:13.636Z,ADA/USDT,vwap_pullback,0.43131087999999995,32000,4800,8000,0,10794.997798339797,4656,4656,PASS
2025-12-05T12:43:14.708Z,XRPUSDT,mean_reversion,2.0707887199999995,32000,4800,8000,0,0,87360.00000000068,4656,MAX_POSITION
2025-12-05T12:43:15.144Z,NANOEUR,mean_reversion,0.707725018,32000,4800,8000,0,0,87360.00000000016,4656,MAX_POSITION
2025-12-05T12:43:16.192Z,NANOUSD,mean_reversion,0.8149261119999999,32000,4800,8000,0,0,87360.00000000073,4656,MAX_POSITION
2025-12-05T12:43:16.207Z,XTZEUR,mean_reversion,0.41901859999999996,32000,4800,8000,0,0,87360.00000000077,4656,MAX_POSITION
2025-12-05T12:43:16.645Z,TIA/USD,vwap_pullback,0.6140133999999999,32000,4800,8000,0,7582.896399329396,4656,4656,PASS
2025-12-05T12:43:17.480Z,NOSUSD,mean_reversion,0.266266,32000,4800,8000,0,0,87360.00000000048,4656,MAX_POSITION
2025-12-05T12:43:17.577Z,XTZUSD,mean_reversion,0.48888839999999995,32000,4800,8000,0,0,87360.0000000009,4656,MAX_POSITION
2025-12-05T12:43:18.864Z,OPEUR,mean_reversion,0.27357329999999996,32000,4800,8000,0,0,87360.00000000109,4656,MAX_POSITION
2025-12-05T12:43:19.204Z,ONDO/USD,vwap_pullback,0.4800295499999999,32000,4800,8000,0,9699.40288051017,4656,4656,PASS
2025-12-05T12:43:19.896Z,OPUSD,mean_reversion,0.31791759999999997,32000,4800,8000,0,0,87360.00000000035,4656,MAX_POSITION
2025-12-05T12:43:21.212Z,PROVEEUR,mean_reversion,0.39519479999999996,32000,4800,8000,0,0,87360.0000000004,4656,MAX_POSITION
2025-12-05T12:43:22.056Z,XRP/GBP,vwap_pullback,1.5537321799999997,32000,4800,8000,0,2996.655446757884,4656,4656,PASS
2025-12-05T12:43:22.252Z,RUNEEUR,mean_reversion,0.5685679999999999,32000,4800,8000,0,0,87360.00000000109,4656,MAX_POSITION
2025-12-05T12:43:23.279Z,RUNEUSD,mean_reversion,0.6606599999999999,32000,4800,8000,0,0,87360.0000000008,4656,MAX_POSITION
2025-12-05T12:43:24.748Z,SOSOUSD,mean_reversion,0.6010004,32000,4800,8000,0,0,87360.0000000006,4656,MAX_POSITION
2025-12-05T12:43:26.614Z,DOT/USD,vwap_pullback,2.2437414999999996,32000,4800,8000,0,2075.1053541595593,4656,4656,PASS
2025-12-05T12:43:27.511Z,TONEUR,mean_reversion,1.3643629999999998,32000,4800,8000,0,0,87360.00000000109,4656,MAX_POSITION
2025-12-05T12:43:27.905Z,XTZ/USD,vwap_pullback,0.48888839999999995,32000,4800,8000,0,9523.645887282251,4656,4656,PASS
2025-12-05T12:43:28.462Z,ADAAUD,mean_reversion,0.6494087599999999,32000,4800,8000,0,0,87360.00000000057,4656,MAX_POSITION
2025-12-05T12:43:28.756Z,TONUSD,mean_reversion,1.5865849999999997,32000,4800,8000,0,0,87360.00000000176,4656,MAX_POSITION
2025-12-05T12:43:30.056Z,AKTEUR,mean_reversion,0.3914911,32000,4800,8000,0,0,87360.0000000005,4656,MAX_POSITION
2025-12-05T12:43:30.522Z,TRUMPUSD,mean_reversion,5.884878999999999,32000,4800,8000,0,0,87360.00000000077,4656,MAX_POSITION
2025-12-05T12:43:31.855Z,AUDUSD,vwap_pullback,0.6646439799999999,32000,4800,8000,0,0,43377.41247776788,4656,MAX_POSITION
2025-12-05T12:43:32.443Z,AUDUSD,sma_trend_ride,0.66530796,32000,4800,8000,0,0,96400.74147724357,4656,MAX_POSITION
2025-12-05T12:43:32.779Z,SNX/USD,vwap_pullback,0.5225219999999999,32000,4800,8000,0,8910.629600284774,4656,4656,PASS
2025-12-05T12:43:33.458Z,USDCHF,vwap_pullback,0.8045036999999999,32000,4800,8000,0,0,175752.16400910835,4656,MAX_POSITION
2025-12-05T12:43:33.737Z,CVXUSD,mean_reversion,1.8248229999999999,32000,4800,8000,0,0,87360.00000000054,4656,MAX_POSITION
2025-12-05T12:43:34.320Z,ADA/USDT,vwap_pullback,0.43131087999999995,32000,4800,8000,0,10794.997798339797,4656,4656,PASS
2025-12-05T12:43:34.755Z,DOTEUR,mean_reversion,1.9258238999999997,32000,4800,8000,0,0,87360.00000000096,4656,MAX_POSITION
2025-12-05T12:43:35.218Z,XXRPZCAD,mean_reversion,2.89274986,32000,4800,8000,0,0,87359.99999999996,4656,MAX_POSITION
2025-12-05T12:43:36.040Z,DOTGBP,mean_reversion,1.6788771999999998,32000,4800,8000,0,0,87360.00000000079,4656,MAX_POSITION
2025-12-05T12:43:36.281Z,XXRPZEUR,mean_reversion,1.78078901,32000,4800,8000,0,0,87360.00000000023,4656,MAX_POSITION
2025-12-05T12:43:37.097Z,DOTUSDC,mean_reversion,2.2351328999999995,32000,4800,8000,0,0,87360.00000000108,4656,MAX_POSITION
2025-12-05T12:43:37.545Z,XRPGBP,mean_reversion,1.5537321799999997,32000,4800,8000,0,0,87360.00000000146,4656,MAX_POSITION
2025-12-05T12:43:37.990Z,TIA/USD,vwap_pullback,0.6140133999999999,32000,4800,8000,0,7582.896399329396,4656,4656,PASS
2025-12-05T12:43:38.623Z,DOTUSDT,mean_reversion,2.2396374,32000,4800,8000,0,0,87360.00000000017,4656,MAX_POSITION
2025-12-05T12:43:39.066Z,XRPRLUSD,mean_reversion,2.07519312,32000,4800,8000,0,0,87359.9999999996,4656,MAX_POSITION
2025-12-05T12:43:39.777Z,ONDO/USD,vwap_pullback,0.4800295499999999,32000,4800,8000,0,9699.40288051017,4656,4656,PASS
2025-12-05T12:43:39.890Z,XETCZUSD,mean_reversion,13.497483999999998,32000,4800,8000,0,0,87360.0000000007,4656,MAX_POSITION
2025-12-05T12:43:40.148Z,XRPUSDT,mean_reversion,2.0707887199999995,32000,4800,8000,0,0,87360.00000000068,4656,MAX_POSITION
2025-12-05T12:43:41.139Z,ETHFIEUR,mean_reversion,0.6906899999999999,32000,4800,8000,0,0,87360.00000000016,4656,MAX_POSITION
2025-12-05T12:43:41.480Z,XTZEUR,mean_reversion,0.41901859999999996,32000,4800,8000,0,0,87360.00000000077,4656,MAX_POSITION
2025-12-05T12:43:42.482Z,EULEUR,mean_reversion,3.3053019999999997,32000,4800,8000,0,0,87360.00000000061,4656,MAX_POSITION
2025-12-05T12:43:42.657Z,XTZUSD,mean_reversion,0.48888839999999995,32000,4800,8000,0,0,87360.0000000009,4656,MAX_POSITION
2025-12-05T12:43:42.696Z,XRP/GBP,vwap_pullback,1.5537321799999997,32000,4800,8000,0,2996.655446757884,4656,4656,PASS
2025-12-05T12:43:42.798Z,ADAAUD,mean_reversion,0.6494087599999999,32000,4800,8000,0,0,87360.00000000057,4656,MAX_POSITION
2025-12-05T12:43:44.393Z,AKTEUR,mean_reversion,0.3914911,32000,4800,8000,0,0,87360.0000000005,4656,MAX_POSITION
2025-12-05T12:43:44.673Z,EWTUSD,mean_reversion,0.6936929999999999,32000,4800,8000,0,0,87360.00000000073,4656,MAX_POSITION
2025-12-05T12:43:45.970Z,AUDUSD,vwap_pullback,0.6646439799999999,32000,4800,8000,0,0,43377.41247776788,4656,MAX_POSITION
2025-12-05T12:43:46.278Z,DOT/USD,vwap_pullback,2.2437414999999996,32000,4800,8000,0,2075.1053541595593,4656,4656,PASS
2025-12-05T12:43:46.282Z,FORTHUSD,mean_reversion,1.7327309999999998,32000,4800,8000,0,0,87360.00000000163,4656,MAX_POSITION
2025-12-05T12:43:46.566Z,AUDUSD,sma_trend_ride,0.66530796,32000,4800,8000,0,0,96400.74147724357,4656,MAX_POSITION
2025-12-05T12:43:47.263Z,FXSUSD,mean_reversion,0.805805,32000,4800,8000,0,0,87360.00000000052,4656,MAX_POSITION
2025-12-05T12:43:47.566Z,XTZ/USD,vwap_pullback,0.48888839999999995,32000,4800,8000,0,9523.645887282251,4656,4656,PASS
2025-12-05T12:43:47.871Z,CVXUSD,mean_reversion,1.8248229999999999,32000,4800,8000,0,0,87360.00000000054,4656,MAX_POSITION
2025-12-05T12:43:48.462Z,KSMUSD,mean_reversion,8.448439999999998,32000,4800,8000,0,0,87360.00000000099,4656,MAX_POSITION
2025-12-05T12:43:49.116Z,DOTEUR,mean_reversion,1.9258238999999997,32000,4800,8000,0,0,87360.00000000096,4656,MAX_POSITION
2025-12-05T12:43:49.750Z,LINKEUR,vwap_pullback,12.045643609999997,32000,4800,8000,0,0,50787.237634696256,4656,MAX_POSITION
2025-12-05T12:43:50.090Z,SOL/USD,vwap_pullback,137.00687,32000,4800,8000,0,33.983697313864624,4655.999999999999,4656,PASS
2025-12-05T12:43:50.449Z,DOTGBP,mean_reversion,1.6788771999999998,32000,4800,8000,0,0,87360.00000000079,4656,MAX_POSITION
2025-12-05T12:43:50.909Z,LINKUSD,vwap_pullback,14.032188169999998,32000,4800,8000,0,0,93824.08921563855,4656,MAX_POSITION
2025-12-05T12:43:51.948Z,XRP/CAD,vwap_pullback,2.89274986,32000,4800,8000,0,1609.5411720113264,4656,4656,PASS
2025-12-05T12:43:52.284Z,LINKUSDC,vwap_pullback,14.02633232,32000,4800,8000,0,0,94208.05248136735,4656,MAX_POSITION
2025-12-05T12:43:52.354Z,DOTUSDC,mean_reversion,2.2351328999999995,32000,4800,8000,0,0,87360.00000000108,4656,MAX_POSITION
2025-12-05T12:43:53.562Z,LINKUSDT,vwap_pullback,14.049485449999999,32000,4800,8000,0,0,86031.85022101317,4656,MAX_POSITION
2025-12-05T12:43:53.760Z,DOTUSDT,mean_reversion,2.2396374,32000,4800,8000,0,0,87360.00000000017,4656,MAX_POSITION
2025-12-05T12:43:55.021Z,XLTCZEUR,mean_reversion,70.86079,32000,4800,8000,0,0,87360.00000000188,4656,MAX_POSITION
2025-12-05T12:43:55.037Z,XETCZUSD,mean_reversion,13.497483999999998,32000,4800,8000,0,0,87360.0000000007,4656,MAX_POSITION
2025-12-05T12:43:56.711Z,XLTCZUSD,mean_reversion,82.49240999999999,32000,4800,8000,0,0,87360.00000000026,4656,MAX_POSITION
2025-12-05T12:43:56.714Z,TIA/USD,vwap_pullback,0.6140133999999999,32000,4800,8000,0,7582.896399329396,4656,4656,PASS
2025-12-05T12:43:57.749Z,ETHFIEUR,mean_reversion,0.6906899999999999,32000,4800,8000,0,0,87360.00000000016,4656,MAX_POSITION
2025-12-05T12:43:58.217Z,MASKEUR,mean_reversion,0.5805799999999999,32000,4800,8000,0,0,87360.00000000077,4656,MAX_POSITION
2025-12-05T12:43:59.184Z,ONDO/USD,vwap_pullback,0.4800295499999999,32000,4800,8000,0,9699.40288051017,4656,4656,PASS
2025-12-05T12:43:59.271Z,EULEUR,mean_reversion,3.3053019999999997,32000,4800,8000,0,0,87360.00000000061,4656,MAX_POSITION
2025-12-05T12:43:59.351Z,MASKUSD,mean_reversion,0.67067,32000,4800,8000,0,0,87360.00000000015,4656,MAX_POSITION
2025-12-05T12:44:00.425Z,MEUSD,mean_reversion,0.3322318999999999,32000,4800,8000,0,0,87360.00000000102,4656,MAX_POSITION
2025-12-05T12:44:01.336Z,EWTUSD,mean_reversion,0.6936929999999999,32000,4800,8000,0,0,87360.00000000073,4656,MAX_POSITION
2025-12-05T12:44:01.969Z,XRP/GBP,vwap_pullback,1.5537321799999997,32000,4800,8000,0,2996.655446757884,4656,4656,PASS
2025-12-05T12:44:02.640Z,NANOEUR,mean_reversion,0.707725018,32000,4800,8000,0,0,87360.00000000016,4656,MAX_POSITION
2025-12-05T12:44:02.924Z,FORTHUSD,mean_reversion,1.7327309999999998,32000,4800,8000,0,0,87360.00000000163,4656,MAX_POSITION
2025-12-05T12:44:03.969Z,NANOUSD,mean_reversion,0.8149261119999999,32000,4800,8000,0,0,87360.00000000073,4656,MAX_POSITION
2025-12-05T12:44:04.019Z,FXSUSD,mean_reversion,0.805805,32000,4800,8000,0,0,87360.00000000052,4656,MAX_POSITION
2025-12-05T12:44:05.201Z,DOT/USD,vwap_pullback,2.2402379999999997,32000,4800,8000,0,2078.350603819773,4656,4656,PASS
2025-12-05T12:44:05.462Z,KSMUSD,mean_reversion,8.448439999999998,32000,4800,8000,0,0,87360.00000000099,4656,MAX_POSITION
2025-12-05T12:44:05.484Z,NOSUSD,mean_reversion,0.266266,32000,4800,8000,0,0,87360.00000000048,4656,MAX_POSITION
2025-12-05T12:44:06.729Z,LINKEUR,vwap_pullback,12.04458255,32000,4800,8000,0,0,51021.933042393415,4656,MAX_POSITION
2025-12-05T12:44:06.761Z,XTZ/USD,vwap_pullback,0.48888839999999995,32000,4800,8000,0,9523.645887282251,4656,4656,PASS
2025-12-05T12:44:06.771Z,OPEUR,mean_reversion,0.27357329999999996,32000,4800,8000,0,0,87360.00000000109,4656,MAX_POSITION
2025-12-05T12:44:07.717Z,LINKUSD,vwap_pullback,14.032188169999998,32000,4800,8000,0,0,93824.08921563855,4656,MAX_POSITION
2025-12-05T12:44:08.090Z,OPUSD,mean_reversion,0.31791759999999997,32000,4800,8000,0,0,87360.00000000035,4656,MAX_POSITION
2025-12-05T12:44:08.995Z,LINKUSDC,vwap_pullback,14.025331319999998,32000,4800,8000,0,0,94865.86448875429,4656,MAX_POSITION
2025-12-05T12:44:09.348Z,SOL/USD,vwap_pullback,136.9368,32000,4800,8000,0,34.001086632665576,4656,4656,PASS
2025-12-05T12:44:09.348Z,PROVEEUR,mean_reversion,0.39519479999999996,32000,4800,8000,0,0,87360.0000000004,4656,MAX_POSITION
2025-12-05T12:44:10.236Z,LINKUSDT,vwap_pullback,14.049485449999999,32000,4800,8000,0,0,86031.85022101317,4656,MAX_POSITION
2025-12-05T12:44:10.563Z,RUNEEUR,mean_reversion,0.5685679999999999,32000,4800,8000,0,0,87360.00000000109,4656,MAX_POSITION
2025-12-05T12:44:11.317Z,XRP/CAD,vwap_pullback,2.89274986,32000,4800,8000,0,1609.5411720113264,4656,4656,PASS
2025-12-05T12:44:11.731Z,XLTCZEUR,mean_reversion,70.86079,32000,4800,8000,0,0,87360.00000000188,4656,MAX_POSITION
2025-12-05T12:44:12.311Z,RUNEUSD,mean_reversion,0.6606599999999999,32000,4800,8000,0,0,87360.0000000008,4656,MAX_POSITION
2025-12-05T12:44:13.714Z,SOSOUSD,mean_reversion,0.6010004,32000,4800,8000,0,0,87360.0000000006,4656,MAX_POSITION
2025-12-05T12:44:13.725Z,XLTCZUSD,mean_reversion,82.49240999999999,32000,4800,8000,0,0,87360.00000000026,4656,MAX_POSITION
2025-12-05T12:44:14.352Z,ICP/USD,vwap_pullback,3.5585549999999997,32000,4800,8000,0,1308.396245105106,4656,4656,PASS
2025-12-05T12:44:15.154Z,TONEUR,mean_reversion,1.363362,32000,4800,8000,0,0,87360.00000000099,4656,MAX_POSITION
2025-12-05T12:44:15.180Z,MASKEUR,mean_reversion,0.5805799999999999,32000,4800,8000,0,0,87360.00000000077,4656,MAX_POSITION
2025-12-05T12:44:16.260Z,MASKUSD,mean_reversion,0.67067,32000,4800,8000,0,0,87360.00000000015,4656,MAX_POSITION
2025-12-05T12:44:16.386Z,TIA/EUR,vwap_pullback,0.5282276999999999,32000,4800,8000,0,8814.380616540937,4656,4656,PASS
2025-12-05T12:44:16.494Z,TONUSD,mean_reversion,1.5865849999999997,32000,4800,8000,0,0,87360.00000000176,4656,MAX_POSITION
2025-12-05T12:44:17.515Z,TRUMPUSD,mean_reversion,5.884878999999999,32000,4800,8000,0,0,87360.00000000077,4656,MAX_POSITION
2025-12-05T12:44:17.549Z,MEUSD,mean_reversion,0.3322318999999999,32000,4800,8000,0,0,87360.00000000102,4656,MAX_POSITION
2025-12-05T12:44:19.174Z,NANOEUR,mean_reversion,0.707725018,32000,4800,8000,0,0,87360.00000000016,4656,MAX_POSITION
2025-12-05T12:44:19.844Z,USDCHF,vwap_pullback,0.8043535499999999,32000,4800,8000,0,0,181935.8490566033,4656,MAX_POSITION
2025-12-05T12:44:20.455Z,NANOUSD,mean_reversion,0.8161333179999999,32000,4800,8000,0,0,87360.00000000115,4656,MAX_POSITION
2025-12-05T12:44:20.963Z,XXRPZCAD,mean_reversion,2.89274986,32000,4800,8000,0,0,87359.99999999996,4656,MAX_POSITION
2025-12-05T12:44:21.033Z,ONDO/USD,vwap_pullback,0.4800295499999999,32000,4800,8000,0,9699.40288051017,4656,4656,PASS
2025-12-05T12:44:21.711Z,NOSUSD,mean_reversion,0.266266,32000,4800,8000,0,0,87360.00000000048,4656,MAX_POSITION
2025-12-05T12:44:22.498Z,XXRPZEUR,mean_reversion,1.7787870099999998,32000,4800,8000,0,0,87360.00000000009,4656,MAX_POSITION
2025-12-05T12:44:22.783Z,OPEUR,mean_reversion,0.27357329999999996,32000,4800,8000,0,0,87360.00000000109,4656,MAX_POSITION
2025-12-05T12:44:23.773Z,XRPGBP,mean_reversion,1.5537321799999997,32000,4800,8000,0,0,87360.00000000146,4656,MAX_POSITION
2025-12-05T12:44:24.119Z,XRP/GBP,vwap_pullback,1.5537321799999997,32000,4800,8000,0,2996.655446757884,4656,4656,PASS
2025-12-05T12:44:24.298Z,OPUSD,mean_reversion,0.31791759999999997,32000,4800,8000,0,0,87360.00000000035,4656,MAX_POSITION
2025-12-05T12:44:24.792Z,XRPRLUSD,mean_reversion,2.07519312,32000,4800,8000,0,0,87359.9999999996,4656,MAX_POSITION
2025-12-05T12:44:25.547Z,PROVEEUR,mean_reversion,0.39519479999999996,32000,4800,8000,0,0,87360.0000000004,4656,MAX_POSITION
2025-12-05T12:44:26.188Z,XRPUSDT,mean_reversion,2.0707887199999995,32000,4800,8000,0,0,87360.00000000068,4656,MAX_POSITION
2025-12-05T12:44:26.874Z,RUNEEUR,mean_reversion,0.5685679999999999,32000,4800,8000,0,0,87360.00000000109,4656,MAX_POSITION
2025-12-05T12:44:27.156Z,XTZEUR,mean_reversion,0.41901859999999996,32000,4800,8000,0,0,87360.00000000077,4656,MAX_POSITION
2025-12-05T12:44:28.176Z,XTZUSD,mean_reversion,0.48888839999999995,32000,4800,8000,0,0,87360.0000000009,4656,MAX_POSITION
2025-12-05T12:44:28.430Z,RUNEUSD,mean_reversion,0.6606599999999999,32000,4800,8000,0,0,87360.0000000008,4656,MAX_POSITION
2025-12-05T12:44:28.886Z,DOT/USD,vwap_pullback,2.2402379999999997,32000,4800,8000,0,2078.350603819773,4656,4656,PASS
2025-12-05T12:44:29.667Z,SOSOUSD,mean_reversion,0.6010004,32000,4800,8000,0,0,87360.0000000006,4656,MAX_POSITION
2025-12-05T12:44:29.982Z,ADAAUD,mean_reversion,0.6494087599999999,32000,4800,8000,0,0,87360.00000000057,4656,MAX_POSITION
2025-12-05T12:44:30.405Z,XTZ/USD,vwap_pullback,0.48888839999999995,32000,4800,8000,0,9523.645887282251,4656,4656,PASS
2025-12-05T12:44:30.704Z,TONEUR,mean_reversion,1.363362,32000,4800,8000,0,0,87360.00000000099,4656,MAX_POSITION
2025-12-05T12:44:31.514Z,AKTEUR,mean_reversion,0.3914911,32000,4800,8000,0,0,87360.0000000005,4656,MAX_POSITION
2025-12-05T12:44:31.692Z,TONUSD,mean_reversion,1.5855839999999999,32000,4800,8000,0,0,87360.00000000058,4656,MAX_POSITION
2025-12-05T12:44:32.742Z,SOL/USD,vwap_pullback,136.9368,32000,4800,8000,0,34.001086632665576,4656,4656,PASS
2025-12-05T12:44:33.028Z,TRUMPUSD,mean_reversion,5.879873999999999,32000,4800,8000,0,0,87360.00000000035,4656,MAX_POSITION
2025-12-05T12:44:33.161Z,AUDUSD,vwap_pullback,0.6646439799999999,32000,4800,8000,0,0,43379.0881937173,4656,MAX_POSITION
2025-12-05T12:44:33.995Z,AUDUSD,sma_trend_ride,0.66530796,32000,4800,8000,0,0,96248.96834929133,4656,MAX_POSITION
2025-12-05T12:44:34.600Z,XRP/CAD,vwap_pullback,2.89274986,32000,4800,8000,0,1609.5411720113264,4656,4656,PASS
2025-12-05T12:44:35.364Z,CVXUSD,mean_reversion,1.8248229999999999,32000,4800,8000,0,0,87360.00000000054,4656,MAX_POSITION
2025-12-05T12:44:35.510Z,USDCHF,vwap_pullback,0.8043535499999999,32000,4800,8000,0,0,181935.8490566033,4656,MAX_POSITION
2025-12-05T12:44:36.848Z,XXRPZCAD,mean_reversion,2.89274986,32000,4800,8000,0,0,87359.99999999996,4656,MAX_POSITION
2025-12-05T12:44:36.851Z,DOTEUR,mean_reversion,1.9258238999999997,32000,4800,8000,0,0,87360.00000000096,4656,MAX_POSITION
2025-12-05T12:44:37.873Z,DOTGBP,mean_reversion,1.6788771999999998,32000,4800,8000,0,0,87360.00000000079,4656,MAX_POSITION
2025-12-05T12:44:37.970Z,ICP/USD,vwap_pullback,3.5585549999999997,32000,4800,8000,0,1308.396245105106,4656,4656,PASS
2025-12-05T12:44:38.180Z,XXRPZEUR,mean_reversion,1.7791573799999998,32000,4800,8000,0,0,87360.00000000048,4656,MAX_POSITION
2025-12-05T12:44:38.848Z,DOTUSDC,mean_reversion,2.2351328999999995,32000,4800,8000,0,0,87360.00000000108,4656,MAX_POSITION
2025-12-05T12:44:39.176Z,XRPGBP,mean_reversion,1.5537321799999997,32000,4800,8000,0,0,87360.00000000146,4656,MAX_POSITION
2025-12-05T12:44:40.103Z,DOTUSDT,mean_reversion,2.2396374,32000,4800,8000,0,0,87360.00000000017,4656,MAX_POSITION
2025-12-05T12:44:40.241Z,XRPRLUSD,mean_reversion,2.07519312,32000,4800,8000,0,0,87359.9999999996,4656,MAX_POSITION
2025-12-05T12:44:40.324Z,TIA/EUR,vwap_pullback,0.5282276999999999,32000,4800,8000,0,8814.380616540937,4656,4656,PASS
2025-12-05T12:44:40.912Z,XETCZUSD,mean_reversion,13.497483999999998,32000,4800,8000,0,0,87360.0000000007,4656,MAX_POSITION
2025-12-05T12:44:41.679Z,XRPUSDT,mean_reversion,2.0707887199999995,32000,4800,8000,0,0,87360.00000000068,4656,MAX_POSITION
2025-12-05T12:44:42.211Z,ETHFIEUR,mean_reversion,0.6906899999999999,32000,4800,8000,0,0,87360.00000000016,4656,MAX_POSITION
2025-12-05T12:44:42.563Z,ADAAUD,mean_reversion,0.6494087599999999,32000,4800,8000,0,0,87360.00000000057,4656,MAX_POSITION
2025-12-05T12:44:42.917Z,XTZEUR,mean_reversion,0.41901859999999996,32000,4800,8000,0,0,87360.00000000077,4656,MAX_POSITION
2025-12-05T12:44:43.892Z,EWTUSD,mean_reversion,0.6936929999999999,32000,4800,8000,0,0,87360.00000000073,4656,MAX_POSITION
2025-12-05T12:44:43.895Z,AKTEUR,mean_reversion,0.3914911,32000,4800,8000,0,0,87360.0000000005,4656,MAX_POSITION
2025-12-05T12:44:44.250Z,XTZUSD,mean_reversion,0.48888839999999995,32000,4800,8000,0,0,87360.0000000009,4656,MAX_POSITION
2025-12-05T12:44:45.141Z,FORTHUSD,mean_reversion,1.7327309999999998,32000,4800,8000,0,0,87360.00000000163,4656,MAX_POSITION
2025-12-05T12:44:45.185Z,AUDUSD,vwap_pullback,0.6644337699999999,32000,4800,8000,0,0,43994.10395738556,4656,MAX_POSITION
2025-12-05T12:44:45.313Z,XRP/RLUSD,vwap_pullback,2.07519312,32000,4800,8000,0,2243.6466057674675,4656,4656,PASS
2025-12-05T12:44:45.785Z,AUDUSD,sma_trend_ride,0.66509754,32000,4800,8000,0,0,99369.48204406176,4656,MAX_POSITION
2025-12-05T12:44:46.391Z,FXSUSD,mean_reversion,0.805805,32000,4800,8000,0,0,87360.00000000052,4656,MAX_POSITION
2025-12-05T12:44:46.812Z,CVXUSD,mean_reversion,1.8248229999999999,32000,4800,8000,0,0,87360.00000000054,4656,MAX_POSITION
2025-12-05T12:44:47.517Z,KSMUSD,mean_reversion,8.448439999999998,32000,4800,8000,0,0,87360.00000000099,4656,MAX_POSITION
2025-12-05T12:44:48.036Z,DOTEUR,mean_reversion,1.9258238999999997,32000,4800,8000,0,0,87360.00000000096,4656,MAX_POSITION
2025-12-05T12:44:48.914Z,LINKEUR,vwap_pullback,12.04458255,32000,4800,8000,0,0,51021.940889794765,4656,MAX_POSITION
2025-12-05T12:44:49.067Z,ONDO/USD,vwap_pullback,0.4800295499999999,32000,4800,8000,0,9699.40288051017,4656,4656,PASS
2025-12-05T12:44:49.295Z,DOTGBP,mean_reversion,1.6788771999999998,32000,4800,8000,0,0,87360.00000000079,4656,MAX_POSITION
2025-12-05T12:44:50.114Z,LINKUSD,vwap_pullback,14.032188169999998,32000,4800,8000,0,0,93824.08921563855,4656,MAX_POSITION
2025-12-05T12:44:50.300Z,DOTUSDC,mean_reversion,2.2351328999999995,32000,4800,8000,0,0,87360.00000000108,4656,MAX_POSITION
2025-12-05T12:44:51.066Z,LINKUSDC,vwap_pullback,14.025331319999998,32000,4800,8000,0,0,94865.86448875429,4656,MAX_POSITION
2025-12-05T12:44:51.568Z,DOTUSDT,mean_reversion,2.2396374,32000,4800,8000,0,0,87360.00000000017,4656,MAX_POSITION
2025-12-05T12:44:51.860Z,XRP/GBP,vwap_pullback,1.5537321799999997,32000,4800,8000,0,2996.655446757884,4656,4656,PASS
2025-12-05T12:44:52.458Z,LINKUSDT,vwap_pullback,14.049485449999999,32000,4800,8000,0,0,86031.85022101317,4656,MAX_POSITION
2025-12-05T12:44:52.717Z,XETCZUSD,mean_reversion,13.497483999999998,32000,4800,8000,0,0,87360.0000000007,4656,MAX_POSITION
2025-12-05T12:44:53.733Z,XLTCZEUR,mean_reversion,70.88081,32000,4800,8000,0,0,87360.00000000042,4656,MAX_POSITION
2025-12-05T12:44:54.000Z,ETHFIEUR,mean_reversion,0.6906899999999999,32000,4800,8000,0,0,87360.00000000016,4656,MAX_POSITION
2025-12-05T12:44:54.918Z,XLTCZUSD,mean_reversion,82.49240999999999,32000,4800,8000,0,0,87360.00000000026,4656,MAX_POSITION
2025-12-05T12:44:55.235Z,DOT/USD,vwap_pullback,2.2402379999999997,32000,4800,8000,0,2078.350603819773,4656,4656,PASS
2025-12-05T12:44:55.653Z,EWTUSD,mean_reversion,0.6936929999999999,32000,4800,8000,0,0,87360.00000000073,4656,MAX_POSITION
2025-12-05T12:44:56.280Z,MASKEUR,mean_reversion,0.5805799999999999,32000,4800,8000,0,0,87360.00000000077,4656,MAX_POSITION
2025-12-05T12:44:56.812Z,XTZ/USD,vwap_pullback,0.48888839999999995,32000,4800,8000,0,9523.645887282251,4656,4656,PASS
2025-12-05T12:44:57.257Z,FORTHUSD,mean_reversion,1.7327309999999998,32000,4800,8000,0,0,87360.00000000163,4656,MAX_POSITION
2025-12-05T12:44:57.340Z,MASKUSD,mean_reversion,0.67067,32000,4800,8000,0,0,87360.00000000015,4656,MAX_POSITION
2025-12-05T12:44:58.622Z,MEUSD,mean_reversion,0.3322318999999999,32000,4800,8000,0,0,87360.00000000102,4656,MAX_POSITION
2025-12-05T12:44:59.397Z,SOL/USD,vwap_pullback,136.9368,32000,4800,8000,0,34.001086632665576,4656,4656,PASS
2025-12-05T12:44:59.480Z,FXSUSD,mean_reversion,0.805805,32000,4800,8000,0,0,87360.00000000052,4656,MAX_POSITION
2025-12-05T12:45:00.319Z,NANOEUR,mean_reversion,0.707725018,32000,4800,8000,0,0,87360.00000000016,4656,MAX_POSITION
2025-12-05T12:45:00.755Z,XRP/CAD,vwap_pullback,2.89274986,32000,4800,8000,0,1609.5411720113264,4656,4656,PASS
2025-12-05T12:45:00.788Z,KSMUSD,mean_reversion,8.448439999999998,32000,4800,8000,0,0,87360.00000000099,4656,MAX_POSITION
2025-12-05T12:45:01.622Z,NANOUSD,mean_reversion,0.8161333179999999,32000,4800,8000,0,0,87360.00000000115,4656,MAX_POSITION
2025-12-05T12:45:01.908Z,LINKEUR,vwap_pullback,12.04458255,32000,4800,8000,0,0,51021.940889794765,4656,MAX_POSITION
2025-12-05T12:45:02.819Z,LINKUSD,vwap_pullback,14.014,32000,4800,8000,0,0,107292.0191738309,4656,MAX_POSITION
2025-12-05T12:45:02.962Z,NOSUSD,mean_reversion,0.266266,32000,4800,8000,0,0,87360.00000000048,4656,MAX_POSITION
2025-12-05T12:45:03.961Z,LINKUSDC,vwap_pullback,14.026122109999998,32000,4800,8000,0,0,94345.84036607294,4656,MAX_POSITION
2025-12-05T12:45:04.024Z,OPEUR,mean_reversion,0.27357329999999996,32000,4800,8000,0,0,87360.00000000109,4656,MAX_POSITION
2025-12-05T12:45:04.025Z,ICP/USD,vwap_pullback,3.5585549999999997,32000,4800,8000,0,1308.396245105106,4656,4656,PASS
2025-12-05T12:45:05.286Z,LINKUSDT,vwap_pullback,14.049485449999999,32000,4800,8000,0,0,86031.85022101317,4656,MAX_POSITION
2025-12-05T12:45:05.366Z,OPUSD,mean_reversion,0.31791759999999997,32000,4800,8000,0,0,87360.00000000035,4656,MAX_POSITION
2025-12-05T12:45:06.097Z,TIA/EUR,vwap_pullback,0.5282276999999999,32000,4800,8000,0,8814.380616540937,4656,4656,PASS
2025-12-05T12:45:06.701Z,PROVEEUR,mean_reversion,0.39519479999999996,32000,4800,8000,0,0,87360.0000000004,4656,MAX_POSITION
2025-12-05T12:45:06.929Z,XLTCZEUR,mean_reversion,70.88081,32000,4800,8000,0,0,87360.00000000042,4656,MAX_POSITION
2025-12-05T12:45:07.772Z,RUNEEUR,mean_reversion,0.5685679999999999,32000,4800,8000,0,0,87360.00000000109,4656,MAX_POSITION
2025-12-05T12:45:08.286Z,XLTCZUSD,mean_reversion,82.49240999999999,32000,4800,8000,0,0,87360.00000000026,4656,MAX_POSITION
2025-12-05T12:45:08.739Z,RUNEUSD,mean_reversion,0.6606599999999999,32000,4800,8000,0,0,87360.0000000008,4656,MAX_POSITION
2025-12-05T12:45:09.732Z,MASKEUR,mean_reversion,0.5805799999999999,32000,4800,8000,0,0,87360.00000000077,4656,MAX_POSITION
2025-12-05T12:45:09.758Z,XRP/RLUSD,vwap_pullback,2.07519312,32000,4800,8000,0,2243.6466057674675,4656,4656,PASS
2025-12-05T12:45:10.294Z,SOSOUSD,mean_reversion,0.6020014,32000,4800,8000,0,0,87360.00000000083,4656,MAX_POSITION
2025-12-05T12:45:10.811Z,MASKUSD,mean_reversion,0.67067,32000,4800,8000,0,0,87360.00000000015,4656,MAX_POSITION
2025-12-05T12:45:11.853Z,TONEUR,mean_reversion,1.363362,32000,4800,8000,0,0,87360.00000000099,4656,MAX_POSITION
2025-12-05T12:45:12.060Z,MEUSD,mean_reversion,0.3322318999999999,32000,4800,8000,0,0,87360.00000000102,4656,MAX_POSITION
2025-12-05T12:45:13.145Z,TONUSD,mean_reversion,1.5855839999999999,32000,4800,8000,0,0,87360.00000000058,4656,MAX_POSITION
2025-12-05T12:45:13.874Z,NANOEUR,mean_reversion,0.707725018,32000,4800,8000,0,0,87360.00000000016,4656,MAX_POSITION
2025-12-05T12:45:14.496Z,TRUMPUSD,mean_reversion,5.879873999999999,32000,4800,8000,0,0,87360.00000000035,4656,MAX_POSITION
2025-12-05T12:45:15.259Z,NANOUSD,mean_reversion,0.8161333179999999,32000,4800,8000,0,0,87360.00000000115,4656,MAX_POSITION
2025-12-05T12:45:16.356Z,NOSUSD,mean_reversion,0.266266,32000,4800,8000,0,0,87360.00000000048,4656,MAX_POSITION
2025-12-05T12:45:16.827Z,DOT/USD,vwap_pullback,2.2395372999999994,32000,4800,8000,0,2079.000872189091,4656,4656,PASS
2025-12-05T12:45:17.445Z,USDCHF,vwap_pullback,0.8043135099999998,32000,4800,8000,0,0,183659.4285714289,4656,MAX_POSITION
2025-12-05T12:45:17.509Z,OPEUR,mean_reversion,0.27357329999999996,32000,4800,8000,0,0,87360.00000000109,4656,MAX_POSITION
2025-12-05T12:45:18.791Z,OPUSD,mean_reversion,0.31791759999999997,32000,4800,8000,0,0,87360.00000000035,4656,MAX_POSITION
2025-12-05T12:45:18.925Z,XXRPZCAD,mean_reversion,2.89274986,32000,4800,8000,0,0,87359.99999999996,4656,MAX_POSITION
2025-12-05T12:45:18.962Z,XTZ/USD,vwap_pullback,0.48888839999999995,32000,4800,8000,0,9523.645887282251,4656,4656,PASS
2025-12-05T12:45:20.041Z,XXRPZEUR,mean_reversion,1.7791173399999998,32000,4800,8000,0,0,87360.00000000044,4656,MAX_POSITION
2025-12-05T12:45:21.060Z,XRPGBP,mean_reversion,1.55210055,32000,4800,8000,0,0,87360.00000000063,4656,MAX_POSITION
2025-12-05T12:45:21.258Z,SOL/USD,vwap_pullback,136.9368,32000,4800,8000,0,34.001086632665576,4656,4656,PASS
2025-12-05T12:45:22.025Z,PROVEEUR,mean_reversion,0.39519479999999996,32000,4800,8000,0,0,87360.0000000004,4656,MAX_POSITION
2025-12-05T12:45:22.329Z,XRPRLUSD,mean_reversion,2.07519312,32000,4800,8000,0,0,87359.9999999996,4656,MAX_POSITION
2025-12-05T12:45:23.145Z,RUNEEUR,mean_reversion,0.5685679999999999,32000,4800,8000,0,0,87360.00000000109,4656,MAX_POSITION
2025-12-05T12:45:23.897Z,XRPUSDT,mean_reversion,2.0707887199999995,32000,4800,8000,0,0,87360.00000000068,4656,MAX_POSITION
2025-12-05T12:45:24.512Z,XRP/CAD,vwap_pullback,2.89274986,32000,4800,8000,0,1609.5411720113264,4656,4656,PASS
2025-12-05T12:45:24.583Z,RUNEUSD,mean_reversion,0.6606599999999999,32000,4800,8000,0,0,87360.0000000008,4656,MAX_POSITION
2025-12-05T12:45:25.047Z,XTZEUR,mean_reversion,0.41901859999999996,32000,4800,8000,0,0,87360.00000000077,4656,MAX_POSITION
2025-12-05T12:45:25.834Z,SOSOUSD,mean_reversion,0.6020014,32000,4800,8000,0,0,87360.00000000083,4656,MAX_POSITION
2025-12-05T12:45:26.096Z,XTZUSD,mean_reversion,0.48888839999999995,32000,4800,8000,0,0,87360.0000000009,4656,MAX_POSITION
2025-12-05T12:45:26.922Z,TONEUR,mean_reversion,1.363362,32000,4800,8000,0,0,87360.00000000099,4656,MAX_POSITION
2025-12-05T12:45:27.324Z,ICP/USD,vwap_pullback,3.5585549999999997,32000,4800,8000,0,1308.396245105106,4656,4656,PASS
2025-12-05T12:45:28.292Z,TONUSD,mean_reversion,1.5855839999999999,32000,4800,8000,0,0,87360.00000000058,4656,MAX_POSITION
2025-12-05T12:45:28.811Z,ADAAUD,mean_reversion,0.6494087599999999,32000,4800,8000,0,0,87360.00000000057,4656,MAX_POSITION
2025-12-05T12:45:29.464Z,TRUMPUSD,mean_reversion,5.879873999999999,32000,4800,8000,0,0,87360.00000000035,4656,MAX_POSITION
2025-12-05T12:45:30.402Z,AKTEUR,mean_reversion,0.3914911,32000,4800,8000,0,0,87360.0000000005,4656,MAX_POSITION
2025-12-05T12:45:30.856Z,TIA/EUR,vwap_pullback,0.5282276999999999,32000,4800,8000,0,8814.380616540937,4656,4656,PASS
2025-12-05T12:45:31.513Z,AUDUSD,vwap_pullback,0.6644337699999999,32000,4800,8000,0,0,43994.10395738556,4656,MAX_POSITION
2025-12-05T12:45:32.176Z,AUDUSD,sma_trend_ride,0.66509754,32000,4800,8000,0,0,99369.48204406176,4656,MAX_POSITION
2025-12-05T12:45:32.391Z,USDCHF,vwap_pullback,0.8045137099999999,32000,4800,8000,0,0,175354.90909090565,4656,MAX_POSITION
2025-12-05T12:45:33.525Z,CVXUSD,mean_reversion,1.8248229999999999,32000,4800,8000,0,0,87360.00000000054,4656,MAX_POSITION
2025-12-05T12:45:34.047Z,XXRPZCAD,mean_reversion,2.89274986,32000,4800,8000,0,0,87359.99999999996,4656,MAX_POSITION
2025-12-05T12:45:34.517Z,DOTEUR,mean_reversion,1.9258238999999997,32000,4800,8000,0,0,87360.00000000096,4656,MAX_POSITION
2025-12-05T12:45:34.586Z,XRP/RLUSD,vwap_pullback,2.07519312,32000,4800,8000,0,2243.6466057674675,4656,4656,PASS
2025-12-05T12:45:35.394Z,XXRPZEUR,mean_reversion,1.7791173399999998,32000,4800,8000,0,0,87360.00000000044,4656,MAX_POSITION
2025-12-05T12:45:36.028Z,WLD/USD,vwap_pullback,0.605605,32000,4800,8000,0,7688.179589006036,4656,4656,PASS
2025-12-05T12:45:36.122Z,DOTGBP,mean_reversion,1.6788771999999998,32000,4800,8000,0,0,87360.00000000079,4656,MAX_POSITION
2025-12-05T12:45:36.497Z,XRPGBP,mean_reversion,1.5520605099999998,32000,4800,8000,0,0,87360.0000000017,4656,MAX_POSITION
2025-12-05T12:45:37.436Z,DOTUSDC,mean_reversion,2.2393370999999997,32000,4800,8000,0,0,87359.99999999991,4656,MAX_POSITION
2025-12-05T12:45:37.789Z,XRPRLUSD,mean_reversion,2.07519312,32000,4800,8000,0,0,87359.9999999996,4656,MAX_POSITION
2025-12-05T12:45:37.904Z,APT/USD,vwap_pullback,1.85185,32000,4800,8000,0,2514.242514242514,4656,4656,PASS
2025-12-05T12:45:38.440Z,DOTUSDT,mean_reversion,2.2396374,32000,4800,8000,0,0,87360.00000000017,4656,MAX_POSITION
2025-12-05T12:45:39.316Z,XRPUSDT,mean_reversion,2.0707887199999995,32000,4800,8000,0,0,87360.00000000068,4656,MAX_POSITION
2025-12-05T12:45:39.704Z,XETCZUSD,mean_reversion,13.497483999999998,32000,4800,8000,0,0,87360.0000000007,4656,MAX_POSITION
2025-12-05T12:45:40.880Z,XTZEUR,mean_reversion,0.41901859999999996,32000,4800,8000,0,0,87360.00000000077,4656,MAX_POSITION
2025-12-05T12:45:41.192Z,ETHFIEUR,mean_reversion,0.6906899999999999,32000,4800,8000,0,0,87360.00000000016,4656,MAX_POSITION
2025-12-05T12:45:41.583Z,DOT/USD,vwap_pullback,2.2395372999999994,32000,4800,8000,0,2079.000872189091,4656,4656,PASS
2025-12-05T12:45:42.386Z,XTZUSD,mean_reversion,0.48888839999999995,32000,4800,8000,0,0,87360.0000000009,4656,MAX_POSITION
2025-12-05T12:45:42.674Z,ADAAUD,mean_reversion,0.6494087599999999,32000,4800,8000,0,0,87360.00000000057,4656,MAX_POSITION
2025-12-05T12:45:43.114Z,XTZ/USD,vwap_pullback,0.48888839999999995,32000,4800,8000,0,9523.645887282251,4656,4656,PASS
2025-12-05T12:45:43.116Z,EWTUSD,mean_reversion,0.6936929999999999,32000,4800,8000,0,0,87360.00000000073,4656,MAX_POSITION
2025-12-05T12:45:43.979Z,AKTEUR,mean_reversion,0.3914911,32000,4800,8000,0,0,87360.0000000005,4656,MAX_POSITION
2025-12-05T12:45:45.044Z,AUDUSD,vwap_pullback,0.6644337699999999,32000,4800,8000,0,0,43994.10395738556,4656,MAX_POSITION
2025-12-05T12:45:45.296Z,FORTHUSD,mean_reversion,1.7327309999999998,32000,4800,8000,0,0,87360.00000000163,4656,MAX_POSITION
2025-12-05T12:45:45.465Z,SOL/USD,vwap_pullback,136.90677,32000,4800,8000,0,34.00854464684252,4656,4656,PASS
2025-12-05T12:45:45.665Z,AUDUSD,sma_trend_ride,0.66509754,32000,4800,8000,0,0,99369.48204406176,4656,MAX_POSITION
2025-12-05T12:45:46.612Z,CVXUSD,mean_reversion,1.8248229999999999,32000,4800,8000,0,0,87360.00000000054,4656,MAX_POSITION
2025-12-05T12:45:46.641Z,FXSUSD,mean_reversion,0.805805,32000,4800,8000,0,0,87360.00000000052,4656,MAX_POSITION
2025-12-05T12:45:47.374Z,XRP/CAD,vwap_pullback,2.89274986,32000,4800,8000,0,1609.5411720113264,4656,4656,PASS
2025-12-05T12:45:48.017Z,DOTEUR,mean_reversion,1.9258238999999997,32000,4800,8000,0,0,87360.00000000096,4656,MAX_POSITION
2025-12-05T12:45:48.085Z,KSMUSD,mean_reversion,8.448439999999998,32000,4800,8000,0,0,87360.00000000099,4656,MAX_POSITION
2025-12-05T12:45:49.137Z,LINKEUR,vwap_pullback,12.04458255,32000,4800,8000,0,0,51021.940889794765,4656,MAX_POSITION
2025-12-05T12:45:49.292Z,DOTGBP,mean_reversion,1.6788771999999998,32000,4800,8000,0,0,87360.00000000079,4656,MAX_POSITION
2025-12-05T12:45:50.462Z,ICP/USD,vwap_pullback,3.5585549999999997,32000,4800,8000,0,1308.396245105106,4656,4656,PASS
2025-12-05T12:45:50.667Z,LINKUSD,vwap_pullback,14.014850849999998,32000,4800,8000,0,0,106575.35755015431,4656,MAX_POSITION
2025-12-05T12:45:50.801Z,DOTUSDC,mean_reversion,2.2393370999999997,32000,4800,8000,0,0,87359.99999999991,4656,MAX_POSITION
2025-12-05T12:45:51.823Z,DOTUSDT,mean_reversion,2.2396374,32000,4800,8000,0,0,87360.00000000017,4656,MAX_POSITION
2025-12-05T12:45:52.456Z,LINKUSDC,vwap_pullback,14.026122109999998,32000,4800,8000,0,0,94345.84036607294,4656,MAX_POSITION
2025-12-05T12:45:53.227Z,XETCZUSD,mean_reversion,13.497483999999998,32000,4800,8000,0,0,87360.0000000007,4656,MAX_POSITION
2025-12-05T12:45:53.596Z,TIA/EUR,vwap_pullback,0.5282276999999999,32000,4800,8000,0,8814.380616540937,4656,4656,PASS
2025-12-05T12:45:54.063Z,LINKUSDT,vwap_pullback,14.049485449999999,32000,4800,8000,0,0,86031.85022101317,4656,MAX_POSITION
2025-12-05T12:45:54.194Z,ETHFIEUR,mean_reversion,0.6906899999999999,32000,4800,8000,0,0,87360.00000000016,4656,MAX_POSITION
2025-12-05T12:45:55.643Z,XLTCZEUR,mean_reversion,70.88081,32000,4800,8000,0,0,87360.00000000042,4656,MAX_POSITION
2025-12-05T12:45:56.809Z,EWTUSD,mean_reversion,0.6936929999999999,32000,4800,8000,0,0,87360.00000000073,4656,MAX_POSITION
2025-12-05T12:45:57.007Z,XRP/RLUSD,vwap_pullback,2.07519312,32000,4800,8000,0,2243.6466057674675,4656,4656,PASS
2025-12-05T12:45:57.248Z,XLTCZUSD,mean_reversion,82.56248,32000,4800,8000,0,0,87360.00000000135,4656,MAX_POSITION
2025-12-05T12:45:58.061Z,FORTHUSD,mean_reversion,1.7327309999999998,32000,4800,8000,0,0,87360.00000000163,4656,MAX_POSITION
2025-12-05T12:45:58.329Z,WLD/USD,vwap_pullback,0.605605,32000,4800,8000,0,7688.179589006036,4656,4656,PASS
2025-12-05T12:45:58.514Z,MASKEUR,mean_reversion,0.5805799999999999,32000,4800,8000,0,0,87360.00000000077,4656,MAX_POSITION
2025-12-05T12:45:59.384Z,FXSUSD,mean_reversion,0.805805,32000,4800,8000,0,0,87360.00000000052,4656,MAX_POSITION
2025-12-05T12:45:59.802Z,MASKUSD,mean_reversion,0.669669,32000,4800,8000,0,0,87360.00000000125,4656,MAX_POSITION
2025-12-05T12:45:59.902Z,APT/USD,vwap_pullback,1.85185,32000,4800,8000,0,2514.242514242514,4656,4656,PASS
2025-12-05T12:46:00.667Z,KSMUSD,mean_reversion,8.448439999999998,32000,4800,8000,0,0,87360.00000000099,4656,MAX_POSITION
2025-12-05T12:46:01.345Z,MEUSD,mean_reversion,0.3322318999999999,32000,4800,8000,0,0,87360.00000000102,4656,MAX_POSITION
2025-12-05T12:46:02.375Z,LINKEUR,vwap_pullback,12.04458255,32000,4800,8000,0,0,51021.940889794765,4656,MAX_POSITION
2025-12-05T12:46:03.055Z,NANOEUR,mean_reversion,0.707725018,32000,4800,8000,0,0,87360.00000000016,4656,MAX_POSITION
2025-12-05T12:46:03.680Z,LINKUSD,vwap_pullback,14.015941939999998,32000,4800,8000,0,0,105670.64747001811,4656,MAX_POSITION
2025-12-05T12:46:04.682Z,NANOUSD,mean_reversion,0.8161333179999999,32000,4800,8000,0,0,87360.00000000115,4656,MAX_POSITION
2025-12-05T12:46:04.897Z,LINKUSDC,vwap_pullback,14.026122109999998,32000,4800,8000,0,0,94345.84036607294,4656,MAX_POSITION
2025-12-05T12:46:05.619Z,ICP/USD,vwap_pullback,3.5585549999999997,32000,4800,8000,0,1308.396245105106,4656,4656,PASS
2025-12-05T12:46:06.374Z,NOSUSD,mean_reversion,0.266266,32000,4800,8000,0,0,87360.00000000048,4656,MAX_POSITION
2025-12-05T12:46:06.553Z,LINKUSDT,vwap_pullback,14.049485449999999,32000,4800,8000,0,0,86031.85022101317,4656,MAX_POSITION
2025-12-05T12:46:07.613Z,XLTCZEUR,mean_reversion,70.88081,32000,4800,8000,0,0,87360.00000000042,4656,MAX_POSITION
2025-12-05T12:46:07.940Z,TIA/EUR,vwap_pullback,0.5282276999999999,32000,4800,8000,0,8814.380616540937,4656,4656,PASS
2025-12-05T12:46:08.619Z,OPEUR,mean_reversion,0.27357329999999996,32000,4800,8000,0,0,87360.00000000109,4656,MAX_POSITION
2025-12-05T12:46:09.115Z,XLTCZUSD,mean_reversion,82.55246999999999,32000,4800,8000,0,0,87360.0000000006,4656,MAX_POSITION
2025-12-05T12:46:09.983Z,OPUSD,mean_reversion,0.31791759999999997,32000,4800,8000,0,0,87360.00000000035,4656,MAX_POSITION
2025-12-05T12:46:10.368Z,MASKEUR,mean_reversion,0.5805799999999999,32000,4800,8000,0,0,87360.00000000077,4656,MAX_POSITION
2025-12-05T12:46:11.594Z,PROVEEUR,mean_reversion,0.39519479999999996,32000,4800,8000,0,0,87360.0000000004,4656,MAX_POSITION
2025-12-05T12:46:12.059Z,MASKUSD,mean_reversion,0.669669,32000,4800,8000,0,0,87360.00000000125,4656,MAX_POSITION
2025-12-05T12:46:12.403Z,XRP/RLUSD,vwap_pullback,2.07519312,32000,4800,8000,0,2243.6466057674675,4656,4656,PASS
2025-12-05T12:46:12.636Z,ADAAUD,mean_reversion,0.6494087599999999,32000,4800,8000,0,0,87360.00000000057,4656,MAX_POSITION
2025-12-05T12:46:13.072Z,MEUSD,mean_reversion,0.3322318999999999,32000,4800,8000,0,0,87360.00000000102,4656,MAX_POSITION
2025-12-05T12:46:13.200Z,RUNEEUR,mean_reversion,0.5685679999999999,32000,4800,8000,0,0,87360.00000000109,4656,MAX_POSITION
2025-12-05T12:46:13.970Z,WLD/USD,vwap_pullback,0.605605,32000,4800,8000,0,7688.179589006036,4656,4656,PASS
2025-12-05T12:46:14.241Z,AKTEUR,mean_reversion,0.3914911,32000,4800,8000,0,0,87360.0000000005,4656,MAX_POSITION
2025-12-05T12:46:14.585Z,RUNEUSD,mean_reversion,0.6606599999999999,32000,4800,8000,0,0,87360.0000000008,4656,MAX_POSITION
2025-12-05T12:46:14.808Z,NANOEUR,mean_reversion,0.707725018,32000,4800,8000,0,0,87360.00000000016,4656,MAX_POSITION
2025-12-05T12:46:15.252Z,AUDUSD,vwap_pullback,0.6644337699999999,32000,4800,8000,0,0,43994.10395738556,4656,MAX_POSITION
2025-12-05T12:46:15.809Z,APT/USD,vwap_pullback,1.85185,32000,4800,8000,0,2514.242514242514,4656,4656,PASS
2025-12-05T12:46:15.863Z,AUDUSD,sma_trend_ride,0.66509754,32000,4800,8000,0,0,99369.48204406176,4656,MAX_POSITION
2025-12-05T12:46:16.258Z,SOSOUSD,mean_reversion,0.6020014,32000,4800,8000,0,0,87360.00000000083,4656,MAX_POSITION
2025-12-05T12:46:16.956Z,CVXUSD,mean_reversion,1.8248229999999999,32000,4800,8000,0,0,87360.00000000054,4656,MAX_POSITION
2025-12-05T12:46:17.802Z,NANOUSD,mean_reversion,0.8161333179999999,32000,4800,8000,0,0,87360.00000000115,4656,MAX_POSITION
2025-12-05T12:46:18.087Z,DOTEUR,mean_reversion,1.9258238999999997,32000,4800,8000,0,0,87360.00000000096,4656,MAX_POSITION
2025-12-05T12:46:18.173Z,TONEUR,mean_reversion,1.363362,32000,4800,8000,0,0,87360.00000000099,4656,MAX_POSITION
2025-12-05T12:46:19.216Z,NOSUSD,mean_reversion,0.266266,32000,4800,8000,0,0,87360.00000000048,4656,MAX_POSITION
2025-12-05T12:46:19.605Z,TONUSD,mean_reversion,1.5845829999999999,32000,4800,8000,0,0,87360.0000000005,4656,MAX_POSITION
2025-12-05T12:46:19.623Z,GOMINING/USD,vwap_bounce,0.37077039999999994,32000,4800,8000,0,12557.636747701545,4656,4656,PASS
2025-12-05T12:46:19.624Z,DOTGBP,mean_reversion,1.6788771999999998,32000,4800,8000,0,0,87360.00000000079,4656,MAX_POSITION
2025-12-05T12:46:20.488Z,OPEUR,mean_reversion,0.27357329999999996,32000,4800,8000,0,0,87360.00000000109,4656,MAX_POSITION
2025-12-05T12:46:20.925Z,TRUMPUSD,mean_reversion,5.879873999999999,32000,4800,8000,0,0,87360.00000000035,4656,MAX_POSITION
2025-12-05T12:46:21.038Z,DOTUSDC,mean_reversion,2.2393370999999997,32000,4800,8000,0,0,87359.99999999991,4656,MAX_POSITION
2025-12-05T12:46:21.780Z,OPUSD,mean_reversion,0.31791759999999997,32000,4800,8000,0,0,87360.00000000035,4656,MAX_POSITION
2025-12-05T12:46:21.966Z,NANO/USD,vwap_pullback,0.8161333179999999,32000,4800,8000,0,5704.950278723948,4656,4656,PASS
2025-12-05T12:46:22.777Z,DOTUSDT,mean_reversion,2.2396374,32000,4800,8000,0,0,87360.00000000017,4656,MAX_POSITION
2025-12-05T12:46:23.390Z,PROVEEUR,mean_reversion,0.39519479999999996,32000,4800,8000,0,0,87360.0000000004,4656,MAX_POSITION
2025-12-05T12:46:23.761Z,ONDO/EUR,vwap_pullback,0.4116412299999999,32000,4800,8000,0,11310.820347126066,4656,4656,PASS
2025-12-05T12:46:23.763Z,USDCHF,vwap_pullback,0.8045137099999999,32000,4800,8000,0,0,175354.90909090565,4656,MAX_POSITION
2025-12-05T12:46:24.251Z,XETCZUSD,mean_reversion,13.497483999999998,32000,4800,8000,0,0,87360.0000000007,4656,MAX_POSITION
2025-12-05T12:46:24.386Z,RUNEEUR,mean_reversion,0.5685679999999999,32000,4800,8000,0,0,87360.00000000109,4656,MAX_POSITION
2025-12-05T12:46:25.149Z,XXRPZCAD,mean_reversion,2.8883854999999996,32000,4800,8000,0,0,87360.00000000074,4656,MAX_POSITION
2025-12-05T12:46:25.388Z,JTO/USD,vwap_pullback,0.44904859999999996,32000,4800,8000,0,10368.588166180676,4656,4656,PASS
2025-12-05T12:46:25.517Z,ETHFIEUR,mean_reversion,0.6906899999999999,32000,4800,8000,0,0,87360.00000000016,4656,MAX_POSITION
2025-12-05T12:46:26.187Z,RUNEUSD,mean_reversion,0.6606599999999999,32000,4800,8000,0,0,87360.0000000008,4656,MAX_POSITION
2025-12-05T12:46:26.514Z,XXRPZEUR,mean_reversion,1.7764246499999998,32000,4800,8000,0,0,87360.00000000055,4656,MAX_POSITION
2025-12-05T12:46:27.223Z,SOSOUSD,mean_reversion,0.6020014,32000,4800,8000,0,0,87360.00000000083,4656,MAX_POSITION
2025-12-05T12:46:27.872Z,EWTUSD,mean_reversion,0.6936929999999999,32000,4800,8000,0,0,87360.00000000073,4656,MAX_POSITION
2025-12-05T12:46:27.875Z,XRPGBP,mean_reversion,1.5520605099999998,32000,4800,8000,0,0,87360.0000000017,4656,MAX_POSITION
2025-12-05T12:46:28.294Z,TONEUR,mean_reversion,1.363362,32000,4800,8000,0,0,87360.00000000099,4656,MAX_POSITION
2025-12-05T12:46:28.666Z,XRPRLUSD,mean_reversion,2.07519312,32000,4800,8000,0,0,87359.9999999996,4656,MAX_POSITION
2025-12-05T12:46:29.034Z,FORTHUSD,mean_reversion,1.7327309999999998,32000,4800,8000,0,0,87360.00000000163,4656,MAX_POSITION
2025-12-05T12:46:29.275Z,ICP/USD,vwap_pullback,3.5585549999999997,32000,4800,8000,0,1308.396245105106,4656,4656,PASS
2025-12-05T12:46:29.558Z,TONUSD,mean_reversion,1.5845829999999999,32000,4800,8000,0,0,87360.0000000005,4656,MAX_POSITION
2025-12-05T12:46:30.069Z,XRPUSDT,mean_reversion,2.0707887199999995,32000,4800,8000,0,0,87360.00000000068,4656,MAX_POSITION
2025-12-05T12:46:30.337Z,FXSUSD,mean_reversion,0.805805,32000,4800,8000,0,0,87360.00000000052,4656,MAX_POSITION
2025-12-05T12:46:30.576Z,TRUMPUSD,mean_reversion,5.879873999999999,32000,4800,8000,0,0,87360.00000000035,4656,MAX_POSITION
2025-12-05T12:46:31.091Z,XTZEUR,mean_reversion,0.41901859999999996,32000,4800,8000,0,0,87360.00000000077,4656,MAX_POSITION
2025-12-05T12:46:31.359Z,TIA/EUR,vwap_pullback,0.5282276999999999,32000,4800,8000,0,8814.380616540937,4656,4656,PASS
2025-12-05T12:46:31.850Z,KSMUSD,mean_reversion,8.448439999999998,32000,4800,8000,0,0,87360.00000000099,4656,MAX_POSITION
2025-12-05T12:46:32.617Z,XTZUSD,mean_reversion,0.48888839999999995,32000,4800,8000,0,0,87360.0000000009,4656,MAX_POSITION
2025-12-05T12:46:33.211Z,LINKEUR,vwap_pullback,12.025703689999999,32000,4800,8000,0,0,55570.94912770329,4656,MAX_POSITION
2025-12-05T12:46:33.657Z,USDCHF,vwap_pullback,0.8045137099999999,32000,4800,8000,0,0,175354.90909090565,4656,MAX_POSITION
2025-12-05T12:46:34.599Z,LINKUSD,vwap_pullback,13.997903919999997,32000,4800,8000,0,0,122952.15444612419,4656,MAX_POSITION
2025-12-05T12:46:34.730Z,XRP/RLUSD,vwap_pullback,2.07519312,32000,4800,8000,0,2243.6466057674675,4656,4656,PASS
2025-12-05T12:46:35.225Z,XXRPZCAD,mean_reversion,2.8883854999999996,32000,4800,8000,0,0,87360.00000000074,4656,MAX_POSITION
2025-12-05T12:46:35.626Z,LINKUSDC,vwap_pullback,14.025461449999998,32000,4800,8000,0,0,94780.29419928997,4656,MAX_POSITION
2025-12-05T12:46:36.168Z,XXRPZEUR,mean_reversion,1.7764046299999998,32000,4800,8000,0,0,87360.00000000052,4656,MAX_POSITION
2025-12-05T12:46:36.954Z,WLD/USD,vwap_pullback,0.605605,32000,4800,8000,0,7688.179589006036,4656,4656,PASS
2025-12-05T12:46:37.007Z,LINKUSDT,vwap_pullback,14.049485449999999,32000,4800,8000,0,0,86031.85022101317,4656,MAX_POSITION
2025-12-05T12:46:37.432Z,XRPGBP,mean_reversion,1.5520605099999998,32000,4800,8000,0,0,87360.0000000017,4656,MAX_POSITION
2025-12-05T12:46:38.421Z,XLTCZEUR,mean_reversion,70.88081,32000,4800,8000,0,0,87360.00000000042,4656,MAX_POSITION
2025-12-05T12:46:38.613Z,APT/USD,vwap_pullback,1.85185,32000,4800,8000,0,2514.242514242514,4656,4656,PASS
2025-12-05T12:46:38.683Z,XRPRLUSD,mean_reversion,2.07519312,32000,4800,8000,0,0,87359.9999999996,4656,MAX_POSITION
2025-12-05T12:46:39.667Z,XLTCZUSD,mean_reversion,82.55246999999999,32000,4800,8000,0,0,87360.0000000006,4656,MAX_POSITION
2025-12-05T12:46:39.747Z,XRPUSDT,mean_reversion,2.0707887199999995,32000,4800,8000,0,0,87360.00000000068,4656,MAX_POSITION
2025-12-05T12:46:41.004Z,XTZEUR,mean_reversion,0.41901859999999996,32000,4800,8000,0,0,87360.00000000077,4656,MAX_POSITION
2025-12-05T12:46:41.197Z,MASKEUR,mean_reversion,0.5805799999999999,32000,4800,8000,0,0,87360.00000000077,4656,MAX_POSITION
2025-12-05T12:46:42.404Z,GOMINING/USD,vwap_bounce,0.37077039999999994,32000,4800,8000,0,12557.636747701545,4656,4656,PASS
2025-12-05T12:46:42.609Z,MASKUSD,mean_reversion,0.669669,32000,4800,8000,0,0,87360.00000000125,4656,MAX_POSITION
2025-12-05T12:46:42.705Z,XTZUSD,mean_reversion,0.48888839999999995,32000,4800,8000,0,0,87360.0000000009,4656,MAX_POSITION
2025-12-05T12:46:44.180Z,MEUSD,mean_reversion,0.3322318999999999,32000,4800,8000,0,0,87360.00000000102,4656,MAX_POSITION
2025-12-05T12:46:44.775Z,NANO/USD,vwap_pullback,0.8161333179999999,32000,4800,8000,0,5704.950278723948,4656,4656,PASS