timestamp,symbol,strategy,stage,block_reason
2025-12-05T12:24:34.881Z,LINKUSD,vwap_pullback,attempt,MAX_POSITION
2025-12-05T12:24:34.976Z,NANOEUR,mean_reversion,attempt,
2025-12-05T12:24:34.991Z,USD/CHF,vwap_pullback,attempt,MAX_TOTAL_EXPOSURE
2025-12-05T12:24:35.302Z,NANOEUR,mean_reversion,attempt,MAX_POSITION
2025-12-05T12:24:35.804Z,ENA/USD,vwap_pullback,attempt,
2025-12-05T12:24:35.911Z,LINKUSDC,vwap_pullback,attempt,
2025-12-05T12:24:36.063Z,NANOUSD,mean_reversion,attempt,
2025-12-05T12:24:36.235Z,LINKUSDC,vwap_pullback,attempt,MAX_POSITION
2025-12-05T12:24:36.366Z,ENA/USD,vwap_pullback,attempt,MAX_TOTAL_EXPOSURE
2025-12-05T12:24:36.391Z,NANOUSD,mean_reversion,attempt,MAX_POSITION
2025-12-05T12:24:37.123Z,NOSUSD,mean_reversion,attempt,
2025-12-05T12:24:37.221Z,LINKUSDT,vwap_pullback,attempt,
2025-12-05T12:24:37.453Z,NOSUSD,mean_reversion,attempt,MAX_POSITION
2025-12-05T12:24:37.492Z,BAT/USD,vwap_pullback,attempt,
2025-12-05T12:24:37.551Z,LINKUSDT,vwap_pullback,attempt,MAX_POSITION
2025-12-05T12:24:38.023Z,BAT/USD,vwap_pullback,attempt,MAX_TOTAL_EXPOSURE
2025-12-05T12:24:38.122Z,OPEUR,mean_reversion,attempt,
2025-12-05T12:24:38.453Z,OPEUR,mean_reversion,attempt,MAX_POSITION
2025-12-05T12:24:38.473Z,XLTCZEUR,mean_reversion,attempt,
2025-12-05T12:24:38.799Z,XLTCZEUR,mean_reversion,attempt,MAX_POSITION
2025-12-05T12:24:39.394Z,OPUSD,mean_reversion,attempt,
2025-12-05T12:24:39.723Z,OPUSD,mean_reversion,attempt,MAX_POSITION
2025-12-05T12:24:39.786Z,XLTCZUSD,mean_reversion,attempt,
2025-12-05T12:24:40.110Z,XLTCZUSD,mean_reversion,attempt,MAX_POSITION
2025-12-05T12:24:40.683Z,PROVEEUR,mean_reversion,attempt,
2025-12-05T12:24:40.764Z,MASKEUR,mean_reversion,attempt,
2025-12-05T12:24:41.013Z,PROVEEUR,mean_reversion,attempt,MAX_POSITION
2025-12-05T12:24:41.089Z,MASKEUR,mean_reversion,attempt,MAX_POSITION
2025-12-05T12:24:41.346Z,XRP/USD,vwap_pullback,attempt,
2025-12-05T12:24:41.605Z,ADAAUD,mean_reversion,attempt,
2025-12-05T12:24:41.865Z,XRP/USD,vwap_pullback,attempt,MAX_TOTAL_EXPOSURE
2025-12-05T12:24:41.931Z,ADAAUD,mean_reversion,attempt,MAX_POSITION
2025-12-05T12:24:42.264Z,RUNEEUR,mean_reversion,attempt,
2025-12-05T12:24:42.589Z,RUNEEUR,mean_reversion,attempt,MAX_POSITION
2025-12-05T12:24:43.029Z,AKTEUR,mean_reversion,attempt,
2025-12-05T12:24:43.052Z,XRP/EUR,vwap_pullback,attempt,
2025-12-05T12:24:43.252Z,MEUSD,mean_reversion,attempt,
2025-12-05T12:24:43.355Z,AKTEUR,mean_reversion,attempt,MAX_POSITION
2025-12-05T12:24:43.576Z,MEUSD,mean_reversion,attempt,MAX_POSITION
2025-12-05T12:24:43.579Z,XRP/EUR,vwap_pullback,attempt,MAX_TOTAL_EXPOSURE
2025-12-05T12:24:43.845Z,RUNEUSD,mean_reversion,attempt,
2025-12-05T12:24:44.014Z,AUDUSD,vwap_pullback,attempt,
2025-12-05T12:24:44.181Z,RUNEUSD,mean_reversion,attempt,MAX_POSITION
2025-12-05T12:24:44.337Z,AUDUSD,vwap_pullback,attempt,MAX_POSITION
2025-12-05T12:24:44.597Z,AUDUSD,sma_trend_ride,attempt,
2025-12-05T12:24:44.662Z,USD/CHF,vwap_pullback,attempt,
2025-12-05T12:24:44.872Z,SOSOUSD,mean_reversion,attempt,
2025-12-05T12:24:44.951Z,AUDUSD,sma_trend_ride,attempt,MAX_POSITION
2025-12-05T12:24:44.960Z,NANOEUR,mean_reversion,attempt,
2025-12-05T12:24:45.197Z,SOSOUSD,mean_reversion,attempt,MAX_POSITION
2025-12-05T12:24:45.199Z,USD/CHF,vwap_pullback,attempt,MAX_TOTAL_EXPOSURE
2025-12-05T12:24:45.326Z,NANOEUR,mean_reversion,attempt,MAX_POSITION
2025-12-05T12:24:45.871Z,CAKEUSD,mean_reversion,attempt,
2025-12-05T12:24:46.002Z,ENA/USD,vwap_pullback,attempt,
2025-12-05T12:24:46.137Z,TONEUR,mean_reversion,attempt,
2025-12-05T12:24:46.194Z,CAKEUSD,mean_reversion,attempt,MAX_POSITION
2025-12-05T12:24:46.467Z,TONEUR,mean_reversion,attempt,MAX_POSITION
2025-12-05T12:24:46.520Z,ENA/USD,vwap_pullback,attempt,MAX_TOTAL_EXPOSURE
2025-12-05T12:24:46.538Z,NANOUSD,mean_reversion,attempt,
2025-12-05T12:24:46.864Z,NANOUSD,mean_reversion,attempt,MAX_POSITION
2025-12-05T12:24:47.422Z,BAT/USD,vwap_pullback,attempt,
2025-12-05T12:24:47.685Z,CVXUSD,mean_reversion,attempt,
2025-12-05T12:24:47.833Z,TONUSD,mean_reversion,attempt,
2025-12-05T12:24:47.949Z,BAT/USD,vwap_pullback,attempt,MAX_TOTAL_EXPOSURE
2025-12-05T12:24:48.013Z,CVXUSD,mean_reversion,attempt,MAX_POSITION
2025-12-05T12:24:48.448Z,TONUSD,mean_reversion,attempt,MAX_POSITION
2025-12-05T12:24:48.477Z,NOSUSD,mean_reversion,attempt,
2025-12-05T12:24:48.823Z,NOSUSD,mean_reversion,attempt,MAX_POSITION
2025-12-05T12:24:48.970Z,DOTEUR,mean_reversion,attempt,
2025-12-05T12:24:49.314Z,DOTEUR,mean_reversion,attempt,MAX_POSITION
2025-12-05T12:24:49.646Z,TRUMPUSD,mean_reversion,attempt,
2025-12-05T12:24:49.754Z,OPEUR,mean_reversion,attempt,
2025-12-05T12:24:49.974Z,TRUMPUSD,mean_reversion,attempt,MAX_POSITION
2025-12-05T12:24:50.082Z,OPEUR,mean_reversion,attempt,MAX_POSITION
2025-12-05T12:24:50.190Z,XRP/USD,vwap_pullback,attempt,
2025-12-05T12:24:50.511Z,DOTGBP,mean_reversion,attempt,
2025-12-05T12:24:50.711Z,XRP/USD,vwap_pullback,attempt,MAX_TOTAL_EXPOSURE
2025-12-05T12:24:50.850Z,DOTGBP,mean_reversion,attempt,MAX_POSITION
2025-12-05T12:24:51.078Z,OPUSD,mean_reversion,attempt,
2025-12-05T12:24:51.169Z,TRXUSD,vwap_pullback,attempt,
2025-12-05T12:24:51.364Z,TRXUSD,vwap_pullback,attempt,POSITION_LIMIT
2025-12-05T12:24:51.401Z,OPUSD,mean_reversion,attempt,MAX_POSITION
2025-12-05T12:24:51.709Z,XRP/EUR,vwap_pullback,attempt,
2025-12-05T12:24:51.788Z,DOTUSDC,mean_reversion,attempt,
2025-12-05T12:24:52.112Z,DOTUSDC,mean_reversion,attempt,MAX_POSITION
2025-12-05T12:24:52.242Z,XRP/EUR,vwap_pullback,attempt,MAX_TOTAL_EXPOSURE
2025-12-05T12:24:52.440Z,PROVEEUR,mean_reversion,attempt,
2025-12-05T12:24:52.760Z,USDCHF,vwap_pullback,attempt,
2025-12-05T12:24:52.768Z,PROVEEUR,mean_reversion,attempt,MAX_POSITION
2025-12-05T12:24:52.817Z,DOTUSDT,mean_reversion,attempt,
2025-12-05T12:24:53.084Z,USDCHF,vwap_pullback,attempt,MAX_POSITION
2025-12-05T12:24:53.150Z,DOTUSDT,mean_reversion,attempt,MAX_POSITION
2025-12-05T12:24:53.694Z,RUNEEUR,mean_reversion,attempt,
2025-12-05T12:24:54.024Z,RUNEEUR,mean_reversion,attempt,MAX_POSITION
2025-12-05T12:24:54.169Z,XETCZUSD,mean_reversion,attempt,
2025-12-05T12:24:54.379Z,XXRPZCAD,mean_reversion,attempt,
2025-12-05T12:24:54.498Z,XETCZUSD,mean_reversion,attempt,MAX_POSITION
2025-12-05T12:24:54.711Z,XXRPZCAD,mean_reversion,attempt,MAX_POSITION
2025-12-05T12:24:54.940Z,ENA/USD,vwap_pullback,attempt,
2025-12-05T12:24:55.362Z,RUNEUSD,mean_reversion,attempt,
2025-12-05T12:24:55.457Z,ENA/USD,vwap_pullback,attempt,MAX_TOTAL_EXPOSURE
2025-12-05T12:24:55.507Z,ETHFIEUR,mean_reversion,attempt,
2025-12-05T12:24:55.652Z,XXRPZEUR,mean_reversion,attempt,
2025-12-05T12:24:55.702Z,RUNEUSD,mean_reversion,attempt,MAX_POSITION
2025-12-05T12:24:55.838Z,ETHFIEUR,mean_reversion,attempt,MAX_POSITION
2025-12-05T12:24:55.977Z,XXRPZEUR,mean_reversion,attempt,MAX_POSITION
2025-12-05T12:24:56.648Z,SOSOUSD,mean_reversion,attempt,
2025-12-05T12:24:56.846Z,BAT/USD,vwap_pullback,attempt,
2025-12-05T12:24:56.909Z,EULEUR,mean_reversion,attempt,
2025-12-05T12:24:56.977Z,SOSOUSD,mean_reversion,attempt,MAX_POSITION
2025-12-05T12:24:57.225Z,XRPGBP,mean_reversion,attempt,
2025-12-05T12:24:57.238Z,EULEUR,mean_reversion,attempt,MAX_POSITION
2025-12-05T12:24:57.365Z,BAT/USD,vwap_pullback,attempt,MAX_TOTAL_EXPOSURE
2025-12-05T12:24:57.548Z,XRPGBP,mean_reversion,attempt,MAX_POSITION
2025-12-05T12:24:58.164Z,TONEUR,mean_reversion,attempt,
2025-12-05T12:24:58.200Z,CRV/USD,vwap_pullback,attempt,
2025-12-05T12:24:58.493Z,TONEUR,mean_reversion,attempt,MAX_POSITION
2025-12-05T12:24:58.502Z,XRPRLUSD,mean_reversion,attempt,
2025-12-05T12:24:58.720Z,CRV/USD,vwap_pullback,attempt,MAX_TOTAL_EXPOSURE
2025-12-05T12:24:58.831Z,XRPRLUSD,mean_reversion,attempt,MAX_POSITION
2025-12-05T12:24:58.932Z,EWTUSD,mean_reversion,attempt,
2025-12-05T12:24:59.256Z,EWTUSD,mean_reversion,attempt,MAX_POSITION
2025-12-05T12:24:59.414Z,TONUSD,mean_reversion,attempt,
2025-12-05T12:24:59.494Z,XRPUSDT,mean_reversion,attempt,
2025-12-05T12:24:59.738Z,TONUSD,mean_reversion,attempt,MAX_POSITION
2025-12-05T12:24:59.827Z,XRPUSDT,mean_reversion,attempt,MAX_POSITION
2025-12-05T12:25:00.262Z,FORTHUSD,mean_reversion,attempt,
2025-12-05T12:25:00.415Z,TRUMPUSD,mean_reversion,attempt,
2025-12-05T12:25:00.588Z,FORTHUSD,mean_reversion,attempt,MAX_POSITION
2025-12-05T12:25:00.738Z,TRUMPUSD,mean_reversion,attempt,MAX_POSITION
2025-12-05T12:25:01.000Z,XTZEUR,mean_reversion,attempt,
2025-12-05T12:25:01.326Z,XTZEUR,mean_reversion,attempt,MAX_POSITION
2025-12-05T12:25:01.543Z,FXSUSD,mean_reversion,attempt,
2025-12-05T12:25:01.870Z,FXSUSD,mean_reversion,attempt,MAX_POSITION
2025-12-05T12:25:02.053Z,XTZUSD,mean_reversion,attempt,
2025-12-05T12:25:02.380Z,XTZUSD,mean_reversion,attempt,MAX_POSITION
2025-12-05T12:25:02.602Z,TRXUSD,vwap_pullback,attempt,
2025-12-05T12:25:02.603Z,XRP/EUR,vwap_pullback,attempt,
2025-12-05T12:25:02.796Z,TRXUSD,vwap_pullback,attempt,POSITION_LIMIT
2025-12-05T12:25:02.889Z,KSMUSD,mean_reversion,attempt,
2025-12-05T12:25:03.364Z,XRP/EUR,vwap_pullback,attempt,MAX_TOTAL_EXPOSURE
2025-12-05T12:25:03.426Z,KSMUSD,mean_reversion,attempt,MAX_POSITION
2025-12-05T12:25:03.490Z,USDCHF,vwap_pullback,attempt,
2025-12-05T12:25:03.823Z,USDCHF,vwap_pullback,attempt,MAX_POSITION
2025-12-05T12:25:04.125Z,LINKEUR,vwap_pullback,attempt,
2025-12-05T12:25:04.455Z,LINKEUR,vwap_pullback,attempt,MAX_POSITION
2025-12-05T12:25:04.847Z,XXRPZCAD,mean_reversion,attempt,
2025-12-05T12:25:05.173Z,XXRPZCAD,mean_reversion,attempt,MAX_POSITION
2025-12-05T12:25:05.302Z,ENA/USD,vwap_pullback,attempt,
2025-12-05T12:25:05.631Z,LINKUSD,vwap_pullback,attempt,
2025-12-05T12:25:05.823Z,ENA/USD,vwap_pullback,attempt,MAX_TOTAL_EXPOSURE
2025-12-05T12:25:05.959Z,LINKUSD,vwap_pullback,attempt,MAX_POSITION
2025-12-05T12:25:06.070Z,XXRPZEUR,mean_reversion,attempt,
2025-12-05T12:25:06.395Z,XXRPZEUR,mean_reversion,attempt,MAX_POSITION
2025-12-05T12:25:06.894Z,BAT/USD,vwap_pullback,attempt,
2025-12-05T12:25:07.121Z,LINKUSDC,vwap_pullback,attempt,
2025-12-05T12:25:07.408Z,XRPGBP,mean_reversion,attempt,
2025-12-05T12:25:07.412Z,BAT/USD,vwap_pullback,attempt,MAX_TOTAL_EXPOSURE
2025-12-05T12:25:07.447Z,LINKUSDC,vwap_pullback,attempt,MAX_POSITION
2025-12-05T12:25:07.735Z,XRPGBP,mean_reversion,attempt,MAX_POSITION
2025-12-05T12:25:08.110Z,LINKUSDT,vwap_pullback,attempt,
2025-12-05T12:25:08.435Z,LINKUSDT,vwap_pullback,attempt,MAX_POSITION
2025-12-05T12:25:08.740Z,XRPRLUSD,mean_reversion,attempt,
2025-12-05T12:25:09.065Z,XRPRLUSD,mean_reversion,attempt,MAX_POSITION
2025-12-05T12:25:09.328Z,CRV/USD,vwap_pullback,attempt,
2025-12-05T12:25:09.366Z,XLTCZEUR,mean_reversion,attempt,
2025-12-05T12:25:09.694Z,XLTCZEUR,mean_reversion,attempt,MAX_POSITION
2025-12-05T12:25:09.851Z,CRV/USD,vwap_pullback,attempt,MAX_TOTAL_EXPOSURE
2025-12-05T12:25:10.026Z,XRPUSDT,mean_reversion,attempt,
2025-12-05T12:25:10.361Z,XRPUSDT,mean_reversion,attempt,MAX_POSITION
2025-12-05T12:25:10.586Z,XLTCZUSD,mean_reversion,attempt,
2025-12-05T12:25:10.913Z,XLTCZUSD,mean_reversion,attempt,MAX_POSITION
2025-12-05T12:25:11.315Z,XTZEUR,mean_reversion,attempt,
2025-12-05T12:25:11.649Z,XTZEUR,mean_reversion,attempt,MAX_POSITION
2025-12-05T12:25:12.017Z,MASKEUR,mean_reversion,attempt,
2025-12-05T12:25:12.343Z,XTZUSD,mean_reversion,attempt,
2025-12-05T12:25:12.360Z,MASKEUR,mean_reversion,attempt,MAX_POSITION
2025-12-05T12:25:12.667Z,XTZUSD,mean_reversion,attempt,MAX_POSITION
2025-12-05T12:25:13.737Z,MEUSD,mean_reversion,attempt,
2025-12-05T12:25:13.933Z,XRP/EUR,vwap_pullback,attempt,
2025-12-05T12:25:14.059Z,MEUSD,mean_reversion,attempt,MAX_POSITION
2025-12-05T12:25:14.452Z,XRP/EUR,vwap_pullback,attempt,MAX_TOTAL_EXPOSURE
2025-12-05T12:25:15.656Z,NANOEUR,mean_reversion,attempt,
2025-12-05T12:25:15.979Z,NANOEUR,mean_reversion,attempt,MAX_POSITION
2025-12-05T12:25:16.347Z,ENA/USD,vwap_pullback,attempt,
2025-12-05T12:25:16.870Z,ENA/USD,vwap_pullback,attempt,MAX_TOTAL_EXPOSURE
2025-12-05T12:25:17.195Z,NANOUSD,mean_reversion,attempt,
2025-12-05T12:25:17.522Z,NANOUSD,mean_reversion,attempt,MAX_POSITION
2025-12-05T12:25:17.656Z,BAT/USD,vwap_pullback,attempt,
2025-12-05T12:25:18.422Z,BAT/USD,vwap_pullback,attempt,MAX_TOTAL_EXPOSURE
2025-12-05T12:25:18.783Z,NOSUSD,mean_reversion,attempt,
2025-12-05T12:25:19.109Z,NOSUSD,mean_reversion,attempt,MAX_POSITION
2025-12-05T12:25:19.483Z,CRV/USD,vwap_pullback,attempt,
2025-12-05T12:25:20.004Z,CRV/USD,vwap_pullback,attempt,MAX_TOTAL_EXPOSURE
2025-12-05T12:25:20.158Z,OPEUR,mean_reversion,attempt,
2025-12-05T12:25:20.498Z,OPEUR,mean_reversion,attempt,MAX_POSITION
2025-12-05T12:25:21.224Z,OPUSD,mean_reversion,attempt,
2025-12-05T12:25:21.647Z,OPUSD,mean_reversion,attempt,MAX_POSITION
2025-12-05T12:25:22.594Z,PROVEEUR,mean_reversion,attempt,
2025-12-05T12:25:22.926Z,PROVEEUR,mean_reversion,attempt,MAX_POSITION
2025-12-05T12:25:23.936Z,RUNEEUR,mean_reversion,attempt,
2025-12-05T12:25:24.270Z,RUNEEUR,mean_reversion,attempt,MAX_POSITION
2025-12-05T12:25:24.948Z,RUNEUSD,mean_reversion,attempt,
2025-12-05T12:25:25.280Z,RUNEUSD,mean_reversion,attempt,MAX_POSITION
2025-12-05T12:25:25.674Z,ENA/USD,vwap_pullback,attempt,
2025-12-05T12:25:26.193Z,ENA/USD,vwap_pullback,attempt,MAX_TOTAL_EXPOSURE
2025-12-05T12:25:26.368Z,SOSOUSD,mean_reversion,attempt,
2025-12-05T12:25:26.699Z,SOSOUSD,mean_reversion,attempt,MAX_POSITION
2025-12-05T12:25:26.934Z,BAT/USD,vwap_pullback,attempt,
2025-12-05T12:25:27.387Z,TONEUR,mean_reversion,attempt,
2025-12-05T12:25:27.454Z,BAT/USD,vwap_pullback,attempt,MAX_TOTAL_EXPOSURE
2025-12-05T12:25:27.713Z,TONEUR,mean_reversion,attempt,MAX_POSITION
2025-12-05T12:25:28.403Z,TONUSD,mean_reversion,attempt,
2025-12-05T12:25:28.625Z,CRV/USD,vwap_pullback,attempt,
2025-12-05T12:25:28.744Z,TONUSD,mean_reversion,attempt,MAX_POSITION
2025-12-05T12:25:29.144Z,CRV/USD,vwap_pullback,attempt,MAX_TOTAL_EXPOSURE
2025-12-05T12:25:29.919Z,ADAAUD,mean_reversion,attempt,
2025-12-05T12:25:30.000Z,TRUMPUSD,mean_reversion,attempt,
2025-12-05T12:25:30.255Z,ADAAUD,mean_reversion,attempt,MAX_POSITION
2025-12-05T12:25:30.326Z,TRUMPUSD,mean_reversion,attempt,MAX_POSITION
2025-12-05T12:25:30.754Z,SUI/EUR,vwap_pullback,attempt,
2025-12-05T12:25:31.290Z,SUI/EUR,vwap_pullback,attempt,MAX_TOTAL_EXPOSURE
2025-12-05T12:25:31.413Z,AKTEUR,mean_reversion,attempt,
2025-12-05T12:25:31.693Z,TRXUSD,vwap_pullback,attempt,
2025-12-05T12:25:31.735Z,AKTEUR,mean_reversion,attempt,MAX_POSITION
2025-12-05T12:25:31.889Z,TRXUSD,vwap_pullback,attempt,POSITION_LIMIT
2025-12-05T12:25:32.737Z,AUDUSD,vwap_pullback,attempt,
2025-12-05T12:25:32.820Z,USDCHF,vwap_pullback,attempt,
2025-12-05T12:25:33.066Z,AUDUSD,vwap_pullback,attempt,MAX_POSITION
2025-12-05T12:25:33.360Z,USDCHF,vwap_pullback,attempt,MAX_POSITION
2025-12-05T12:25:33.570Z,AUDUSD,sma_trend_ride,attempt,
2025-12-05T12:25:33.895Z,AUDUSD,sma_trend_ride,attempt,MAX_POSITION
2025-12-05T12:25:34.305Z,XXRPZCAD,mean_reversion,attempt,
2025-12-05T12:25:34.631Z,XXRPZCAD,mean_reversion,attempt,MAX_POSITION
2025-12-05T12:25:34.873Z,CAKEUSD,mean_reversion,attempt,
2025-12-05T12:25:35.163Z,XRP/EUR,vwap_pullback,attempt,
2025-12-05T12:25:35.193Z,CAKEUSD,mean_reversion,attempt,MAX_POSITION
2025-12-05T12:25:35.581Z,XXRPZEUR,mean_reversion,attempt,
2025-12-05T12:25:35.684Z,XRP/EUR,vwap_pullback,attempt,MAX_TOTAL_EXPOSURE
2025-12-05T12:25:35.909Z,XXRPZEUR,mean_reversion,attempt,MAX_POSITION
2025-12-05T12:25:36.660Z,CVXUSD,mean_reversion,attempt,
2025-12-05T12:25:36.695Z,XRPGBP,mean_reversion,attempt,
2025-12-05T12:25:36.929Z,USD/CHF,vwap_pullback,attempt,
2025-12-05T12:25:37.000Z,CVXUSD,mean_reversion,attempt,MAX_POSITION
2025-12-05T12:25:37.020Z,XRPGBP,mean_reversion,attempt,MAX_POSITION
2025-12-05T12:25:37.449Z,USD/CHF,vwap_pullback,attempt,MAX_TOTAL_EXPOSURE
2025-12-05T12:25:38.030Z,XRPRLUSD,mean_reversion,attempt,
2025-12-05T12:25:38.265Z,ENA/USD,vwap_pullback,attempt,
2025-12-05T12:25:38.330Z,DOTEUR,mean_reversion,attempt,
2025-12-05T12:25:38.356Z,XRPRLUSD,mean_reversion,attempt,MAX_POSITION
2025-12-05T12:25:38.654Z,DOTEUR,mean_reversion,attempt,MAX_POSITION
2025-12-05T12:25:38.791Z,ENA/USD,vwap_pullback,attempt,MAX_TOTAL_EXPOSURE
2025-12-05T12:25:39.062Z,XRPUSDT,mean_reversion,attempt,
2025-12-05T12:25:39.392Z,XRPUSDT,mean_reversion,attempt,MAX_POSITION
2025-12-05T12:25:39.540Z,BAT/USD,vwap_pullback,attempt,
2025-12-05T12:25:39.606Z,DOTGBP,mean_reversion,attempt,
2025-12-05T12:25:39.932Z,DOTGBP,mean_reversion,attempt,MAX_POSITION
2025-12-05T12:25:40.061Z,BAT/USD,vwap_pullback,attempt,MAX_TOTAL_EXPOSURE
2025-12-05T12:25:40.352Z,XTZEUR,mean_reversion,attempt,
2025-12-05T12:25:40.676Z,XTZEUR,mean_reversion,attempt,MAX_POSITION
2025-12-05T12:25:41.192Z,CRV/USD,vwap_pullback,attempt,
2025-12-05T12:25:41.338Z,DOTUSDC,mean_reversion,attempt,
2025-12-05T12:25:41.672Z,DOTUSDC,mean_reversion,attempt,MAX_POSITION
2025-12-05T12:25:41.688Z,XTZUSD,mean_reversion,attempt,
2025-12-05T12:25:41.723Z,CRV/USD,vwap_pullback,attempt,MAX_TOTAL_EXPOSURE
2025-12-05T12:25:41.889Z,ADAAUD,mean_reversion,attempt,
2025-12-05T12:25:42.015Z,XTZUSD,mean_reversion,attempt,MAX_POSITION
2025-12-05T12:25:42.215Z,ADAAUD,mean_reversion,attempt,MAX_POSITION
2025-12-05T12:25:42.370Z,DOTUSDT,mean_reversion,attempt,
2025-12-05T12:25:42.695Z,DOTUSDT,mean_reversion,attempt,MAX_POSITION
2025-12-05T12:25:43.314Z,SUI/EUR,vwap_pullback,attempt,
2025-12-05T12:25:43.388Z,AKTEUR,mean_reversion,attempt,
2025-12-05T12:25:43.710Z,AKTEUR,mean_reversion,attempt,MAX_POSITION
2025-12-05T12:25:43.842Z,SUI/EUR,vwap_pullback,attempt,MAX_TOTAL_EXPOSURE
2025-12-05T12:25:43.922Z,XETCZUSD,mean_reversion,attempt,
2025-12-05T12:25:44.248Z,XETCZUSD,mean_reversion,attempt,MAX_POSITION
2025-12-05T12:25:44.340Z,AUDUSD,vwap_pullback,attempt,
2025-12-05T12:25:44.665Z,AUDUSD,vwap_pullback,attempt,MAX_POSITION
2025-12-05T12:25:44.926Z,AUDUSD,sma_trend_ride,attempt,
2025-12-05T12:25:45.251Z,AUDUSD,sma_trend_ride,attempt,MAX_POSITION
2025-12-05T12:25:45.443Z,ETHFIEUR,mean_reversion,attempt,
2025-12-05T12:25:45.788Z,ETHFIEUR,mean_reversion,attempt,MAX_POSITION
2025-12-05T12:25:45.915Z,CAKEUSD,mean_reversion,attempt,
2025-12-05T12:25:46.242Z,CAKEUSD,mean_reversion,attempt,MAX_POSITION
2025-12-05T12:25:46.730Z,EULEUR,mean_reversion,attempt,
2025-12-05T12:25:47.061Z,EULEUR,mean_reversion,attempt,MAX_POSITION
2025-12-05T12:25:47.199Z,CVXUSD,mean_reversion,attempt,
2025-12-05T12:25:47.556Z,CVXUSD,mean_reversion,attempt,MAX_POSITION
2025-12-05T12:25:47.583Z,XRP/EUR,vwap_pullback,attempt,
2025-12-05T12:25:48.377Z,XRP/EUR,vwap_pullback,rtb,
2025-12-05T12:25:48.443Z,XRP/EUR,vwap_pullback,opened,
2025-12-05T12:25:48.559Z,EWTUSD,mean_reversion,attempt,
2025-12-05T12:25:48.720Z,DOTEUR,mean_reversion,attempt,
2025-12-05T12:25:48.885Z,EWTUSD,mean_reversion,attempt,MAX_POSITION
2025-12-05T12:25:49.045Z,DOTEUR,mean_reversion,attempt,MAX_POSITION
2025-12-05T12:25:49.729Z,USD/CHF,vwap_pullback,attempt,
2025-12-05T12:25:49.838Z,FORTHUSD,mean_reversion,attempt,
2025-12-05T12:25:50.164Z,FORTHUSD,mean_reversion,attempt,MAX_POSITION
2025-12-05T12:25:50.249Z,USD/CHF,vwap_pullback,attempt,MAX_TOTAL_EXPOSURE
2025-12-05T12:25:50.620Z,DOTGBP,mean_reversion,attempt,
2025-12-05T12:25:50.947Z,DOTGBP,mean_reversion,attempt,MAX_POSITION
2025-12-05T12:25:51.051Z,ENA/USD,vwap_pullback,attempt,
2025-12-05T12:25:51.214Z,FXSUSD,mean_reversion,attempt,
2025-12-05T12:25:51.540Z,FXSUSD,mean_reversion,attempt,MAX_POSITION
2025-12-05T12:25:51.573Z,ENA/USD,vwap_pullback,attempt,MAX_TOTAL_EXPOSURE
2025-12-05T12:25:52.138Z,DOTUSDC,mean_reversion,attempt,
2025-12-05T12:25:52.462Z,KSMUSD,mean_reversion,attempt,
2025-12-05T12:25:52.464Z,DOTUSDC,mean_reversion,attempt,MAX_POSITION
2025-12-05T12:25:52.587Z,BAT/USD,vwap_pullback,attempt,
2025-12-05T12:25:52.798Z,KSMUSD,mean_reversion,attempt,MAX_POSITION
2025-12-05T12:25:53.120Z,BAT/USD,vwap_pullback,attempt,MAX_TOTAL_EXPOSURE
2025-12-05T12:25:53.158Z,DOTUSDT,mean_reversion,attempt,
2025-12-05T12:25:53.444Z,LINKEUR,vwap_pullback,attempt,
2025-12-05T12:25:53.489Z,DOTUSDT,mean_reversion,attempt,MAX_POSITION
2025-12-05T12:25:53.768Z,LINKEUR,vwap_pullback,attempt,MAX_POSITION
2025-12-05T12:25:54.127Z,XETCZUSD,mean_reversion,attempt,
2025-12-05T12:25:54.448Z,CRV/USD,vwap_pullback,attempt,
2025-12-05T12:25:54.452Z,XETCZUSD,mean_reversion,attempt,MAX_POSITION
2025-12-05T12:25:54.476Z,LINKUSD,vwap_pullback,attempt,
2025-12-05T12:25:54.800Z,LINKUSD,vwap_pullback,attempt,MAX_POSITION
2025-12-05T12:25:54.979Z,CRV/USD,vwap_pullback,attempt,MAX_TOTAL_EXPOSURE
2025-12-05T12:25:55.371Z,ETHFIEUR,mean_reversion,attempt,
2025-12-05T12:25:55.698Z,ETHFIEUR,mean_reversion,attempt,MAX_POSITION
2025-12-05T12:25:55.942Z,LINKUSDC,vwap_pullback,attempt,
2025-12-05T12:25:56.273Z,LINKUSDC,vwap_pullback,attempt,MAX_POSITION
2025-12-05T12:25:56.317Z,SUI/EUR,vwap_pullback,attempt,
2025-12-05T12:25:56.842Z,SUI/EUR,vwap_pullback,attempt,MAX_TOTAL_EXPOSURE
2025-12-05T12:25:56.892Z,EULEUR,mean_reversion,attempt,
2025-12-05T12:25:56.971Z,LINKUSDT,vwap_pullback,attempt,
2025-12-05T12:25:57.222Z,EULEUR,mean_reversion,attempt,MAX_POSITION
2025-12-05T12:25:57.300Z,LINKUSDT,vwap_pullback,attempt,MAX_POSITION
2025-12-05T12:25:57.947Z,XLTCZEUR,mean_reversion,attempt,
2025-12-05T12:25:58.244Z,EWTUSD,mean_reversion,attempt,
2025-12-05T12:25:58.278Z,XLTCZEUR,mean_reversion,attempt,MAX_POSITION
2025-12-05T12:25:58.571Z,EWTUSD,mean_reversion,attempt,MAX_POSITION
2025-12-05T12:25:59.161Z,XLTCZUSD,mean_reversion,attempt,
2025-12-05T12:25:59.485Z,XLTCZUSD,mean_reversion,attempt,MAX_POSITION
2025-12-05T12:25:59.541Z,FORTHUSD,mean_reversion,attempt,
2025-12-05T12:25:59.863Z,FORTHUSD,mean_reversion,attempt,MAX_POSITION
2025-12-05T12:26:00.221Z,USD/CHF,vwap_pullback,attempt,
2025-12-05T12:26:00.412Z,MASKEUR,mean_reversion,attempt,
2025-12-05T12:26:00.478Z,FXSUSD,mean_reversion,attempt,
2025-12-05T12:26:00.737Z,MASKEUR,mean_reversion,attempt,MAX_POSITION
2025-12-05T12:26:00.739Z,USD/CHF,vwap_pullback,attempt,MAX_TOTAL_EXPOSURE
2025-12-05T12:26:00.825Z,FXSUSD,mean_reversion,attempt,MAX_POSITION
2025-12-05T12:26:01.548Z,ENA/USD,vwap_pullback,attempt,
2025-12-05T12:26:01.822Z,KSMUSD,mean_reversion,attempt,
2025-12-05T12:26:02.065Z,ENA/USD,vwap_pullback,attempt,MAX_TOTAL_EXPOSURE
2025-12-05T12:26:02.151Z,KSMUSD,mean_reversion,attempt,MAX_POSITION
2025-12-05T12:26:02.769Z,MEUSD,mean_reversion,attempt,
2025-12-05T12:26:03.390Z,BAT/USD,vwap_pullback,attempt,
2025-12-05T12:26:03.398Z,MEUSD,mean_reversion,attempt,MAX_POSITION
2025-12-05T12:26:03.583Z,LINKEUR,vwap_pullback,attempt,
2025-12-05T12:26:03.912Z,BAT/USD,vwap_pullback,attempt,MAX_TOTAL_EXPOSURE
2025-12-05T12:26:03.913Z,LINKEUR,vwap_pullback,attempt,MAX_POSITION
2025-12-05T12:26:04.371Z,LINKUSD,vwap_pullback,attempt,
2025-12-05T12:26:04.699Z,LINKUSD,vwap_pullback,attempt,MAX_POSITION
2025-12-05T12:26:04.811Z,NANOEUR,mean_reversion,attempt,
2025-12-05T12:26:05.137Z,NANOEUR,mean_reversion,attempt,MAX_POSITION
2025-12-05T12:26:05.174Z,CRV/USD,vwap_pullback,attempt,
2025-12-05T12:26:05.695Z,CRV/USD,vwap_pullback,attempt,MAX_TOTAL_EXPOSURE
2025-12-05T12:26:05.851Z,LINKUSDC,vwap_pullback,attempt,
2025-12-05T12:26:06.183Z,LINKUSDC,vwap_pullback,attempt,MAX_POSITION
2025-12-05T12:26:06.354Z,NANOUSD,mean_reversion,attempt,
2025-12-05T12:26:06.680Z,NANOUSD,mean_reversion,attempt,MAX_POSITION
2025-12-05T12:26:07.143Z,LINKUSDT,vwap_pullback,attempt,
2025-12-05T12:26:07.477Z,LINKUSDT,vwap_pullback,attempt,MAX_POSITION
2025-12-05T12:26:07.483Z,NOSUSD,mean_reversion,attempt,
2025-12-05T12:26:07.806Z,NOSUSD,mean_reversion,attempt,MAX_POSITION
2025-12-05T12:26:08.156Z,SUI/EUR,vwap_pullback,attempt,
2025-12-05T12:26:08.446Z,XLTCZEUR,mean_reversion,attempt,
2025-12-05T12:26:08.700Z,SUI/EUR,vwap_pullback,attempt,MAX_TOTAL_EXPOSURE
2025-12-05T12:26:08.768Z,XLTCZEUR,mean_reversion,attempt,MAX_POSITION
2025-12-05T12:26:08.831Z,OPEUR,mean_reversion,attempt,
2025-12-05T12:26:09.157Z,OPEUR,mean_reversion,attempt,MAX_POSITION
2025-12-05T12:26:09.761Z,ADA/USD,vwap_pullback,attempt,
2025-12-05T12:26:09.967Z,XLTCZUSD,mean_reversion,attempt,
2025-12-05T12:26:10.291Z,ADA/USD,vwap_pullback,attempt,MAX_TOTAL_EXPOSURE
2025-12-05T12:26:10.293Z,XLTCZUSD,mean_reversion,attempt,MAX_POSITION
2025-12-05T12:26:10.375Z,OPUSD,mean_reversion,attempt,
2025-12-05T12:26:10.704Z,OPUSD,mean_reversion,attempt,MAX_POSITION
2025-12-05T12:26:11.227Z,MASKEUR,mean_reversion,attempt,
2025-12-05T12:26:11.554Z,MASKEUR,mean_reversion,attempt,MAX_POSITION
2025-12-05T12:26:11.753Z,PROVEEUR,mean_reversion,attempt,
2025-12-05T12:26:12.084Z,PROVEEUR,mean_reversion,attempt,MAX_POSITION
2025-12-05T12:26:12.645Z,MEUSD,mean_reversion,attempt,
2025-12-05T12:26:12.764Z,RUNEEUR,mean_reversion,attempt,
2025-12-05T12:26:12.969Z,MEUSD,mean_reversion,attempt,MAX_POSITION
2025-12-05T12:26:13.088Z,RUNEEUR,mean_reversion,attempt,MAX_POSITION
2025-12-05T12:26:14.135Z,EURC/USDC,vwap_pullback,attempt,
2025-12-05T12:26:14.421Z,NANOEUR,mean_reversion,attempt,
2025-12-05T12:26:14.665Z,EURC/USDC,vwap_pullback,attempt,MAX_TOTAL_EXPOSURE
2025-12-05T12:26:14.755Z,NANOEUR,mean_reversion,attempt,MAX_POSITION
2025-12-05T12:26:15.442Z,RUNEUSD,mean_reversion,attempt,
2025-12-05T12:26:15.774Z,RUNEUSD,mean_reversion,attempt,MAX_POSITION
2025-12-05T12:26:15.966Z,NANOUSD,mean_reversion,attempt,
2025-12-05T12:26:16.296Z,NANOUSD,mean_reversion,attempt,MAX_POSITION
2025-12-05T12:26:16.698Z,SOSOUSD,mean_reversion,attempt,
2025-12-05T12:26:17.024Z,SOSOUSD,mean_reversion,attempt,MAX_POSITION
2025-12-05T12:26:17.240Z,NOSUSD,mean_reversion,attempt,
2025-12-05T12:26:17.532Z,XRP/USD,vwap_pullback,attempt,
2025-12-05T12:26:17.563Z,NOSUSD,mean_reversion,attempt,MAX_POSITION
2025-12-05T12:26:17.741Z,TONEUR,mean_reversion,attempt,
2025-12-05T12:26:18.438Z,TONEUR,mean_reversion,attempt,MAX_POSITION
2025-12-05T12:26:18.439Z,XRP/USD,vwap_pullback,attempt,MAX_TOTAL_EXPOSURE
2025-12-05T12:26:18.569Z,OPEUR,mean_reversion,attempt,
2025-12-05T12:26:18.893Z,OPEUR,mean_reversion,attempt,MAX_POSITION
2025-12-05T12:26:19.371Z,USD/CHF,vwap_pullback,attempt,
2025-12-05T12:26:19.372Z,TONUSD,mean_reversion,attempt,
2025-12-05T12:26:19.423Z,OPUSD,mean_reversion,attempt,
2025-12-05T12:26:19.693Z,TONUSD,mean_reversion,attempt,MAX_POSITION
2025-12-05T12:26:19.746Z,OPUSD,mean_reversion,attempt,MAX_POSITION
2025-12-05T12:26:19.888Z,USD/CHF,vwap_pullback,attempt,MAX_TOTAL_EXPOSURE
2025-12-05T12:26:20.681Z,PROVEEUR,mean_reversion,attempt,
2025-12-05T12:26:20.887Z,ENA/USD,vwap_pullback,attempt,
2025-12-05T12:26:20.954Z,TRUMPUSD,mean_reversion,attempt,
2025-12-05T12:26:21.005Z,PROVEEUR,mean_reversion,attempt,MAX_POSITION
2025-12-05T12:26:21.277Z,TRUMPUSD,mean_reversion,attempt,MAX_POSITION
2025-12-05T12:26:21.411Z,ENA/USD,vwap_pullback,attempt,MAX_TOTAL_EXPOSURE
2025-12-05T12:26:21.657Z,RUNEEUR,mean_reversion,attempt,
2025-12-05T12:26:21.983Z,RUNEEUR,mean_reversion,attempt,MAX_POSITION
2025-12-05T12:26:22.171Z,TRXUSD,vwap_pullback,attempt,
2025-12-05T12:26:22.182Z,BAT/USD,vwap_pullback,attempt,
2025-12-05T12:26:22.365Z,TRXUSD,vwap_pullback,attempt,POSITION_LIMIT
2025-12-05T12:26:22.667Z,RUNEUSD,mean_reversion,attempt,
2025-12-05T12:26:22.699Z,BAT/USD,vwap_pullback,attempt,MAX_TOTAL_EXPOSURE
2025-12-05T12:26:22.993Z,RUNEUSD,mean_reversion,attempt,MAX_POSITION
2025-12-05T12:26:23.476Z,USDCHF,vwap_pullback,attempt,
2025-12-05T12:26:23.780Z,CRV/USD,vwap_pullback,attempt,
2025-12-05T12:26:23.807Z,USDCHF,vwap_pullback,attempt,MAX_POSITION
2025-12-05T12:26:24.028Z,SOSOUSD,mean_reversion,attempt,
2025-12-05T12:26:24.299Z,CRV/USD,vwap_pullback,attempt,MAX_TOTAL_EXPOSURE
2025-12-05T12:26:24.364Z,SOSOUSD,mean_reversion,attempt,MAX_POSITION
2025-12-05T12:26:24.824Z,XXRPZCAD,mean_reversion,attempt,
2025-12-05T12:26:25.026Z,TONEUR,mean_reversion,attempt,
2025-12-05T12:26:25.163Z,XXRPZCAD,mean_reversion,attempt,MAX_POSITION
2025-12-05T12:26:25.352Z,TONEUR,mean_reversion,attempt,MAX_POSITION
2025-12-05T12:26:26.069Z,SUI/EUR,vwap_pullback,attempt,
2025-12-05T12:26:26.206Z,XXRPZEUR,mean_reversion,attempt,
2025-12-05T12:26:26.303Z,TONUSD,mean_reversion,attempt,
2025-12-05T12:26:26.527Z,XXRPZEUR,mean_reversion,attempt,MAX_POSITION
2025-12-05T12:26:26.592Z,SUI/EUR,vwap_pullback,attempt,MAX_TOTAL_EXPOSURE
2025-12-05T12:26:26.636Z,TONUSD,mean_reversion,attempt,MAX_POSITION
2025-12-05T12:26:27.203Z,XRPGBP,mean_reversion,attempt,
2025-12-05T12:26:27.480Z,ADA/USD,vwap_pullback,attempt,
2025-12-05T12:26:27.540Z,XRPGBP,mean_reversion,attempt,MAX_POSITION
2025-12-05T12:26:27.744Z,TRUMPUSD,mean_reversion,attempt,
2025-12-05T12:26:28.017Z,ADA/USD,vwap_pullback,attempt,MAX_TOTAL_EXPOSURE
2025-12-05T12:26:28.074Z,TRUMPUSD,mean_reversion,attempt,MAX_POSITION
2025-12-05T12:26:28.480Z,XRPRLUSD,mean_reversion,attempt,
2025-12-05T12:26:28.808Z,XRPRLUSD,mean_reversion,attempt,MAX_POSITION
2025-12-05T12:26:28.927Z,ADAAUD,mean_reversion,attempt,
2025-12-05T12:26:29.263Z,ADAAUD,mean_reversion,attempt,MAX_POSITION
2025-12-05T12:26:29.289Z,TRXUSD,vwap_pullback,attempt,
2025-12-05T12:26:29.488Z,TRXUSD,vwap_pullback,attempt,POSITION_LIMIT
2025-12-05T12:26:29.758Z,XRPUSDT,mean_reversion,attempt,
2025-12-05T12:26:30.079Z,XRPUSDT,mean_reversion,attempt,MAX_POSITION
2025-12-05T12:26:30.200Z,AKTEUR,mean_reversion,attempt,
2025-12-05T12:26:30.418Z,USDCHF,vwap_pullback,attempt,
2025-12-05T12:26:30.568Z,AKTEUR,mean_reversion,attempt,MAX_POSITION
2025-12-05T12:26:30.744Z,USDCHF,vwap_pullback,attempt,MAX_POSITION
2025-12-05T12:26:30.771Z,XTZEUR,mean_reversion,attempt,
2025-12-05T12:26:31.107Z,XTZEUR,mean_reversion,attempt,MAX_POSITION
2025-12-05T12:26:31.192Z,AUDUSD,vwap_pullback,attempt,
2025-12-05T12:26:31.486Z,XXRPZCAD,mean_reversion,attempt,
2025-12-05T12:26:31.514Z,AUDUSD,vwap_pullback,attempt,MAX_POSITION
2025-12-05T12:26:31.781Z,AUDUSD,sma_trend_ride,attempt,
2025-12-05T12:26:31.804Z,XTZUSD,mean_reversion,attempt,
2025-12-05T12:26:31.820Z,XXRPZCAD,mean_reversion,attempt,MAX_POSITION
2025-12-05T12:26:31.863Z,EURC/USDC,vwap_pullback,attempt,
2025-12-05T12:26:32.114Z,AUDUSD,sma_trend_ride,attempt,MAX_POSITION
2025-12-05T12:26:32.130Z,XTZUSD,mean_reversion,attempt,MAX_POSITION
2025-12-05T12:26:32.382Z,EURC/USDC,vwap_pullback,attempt,MAX_TOTAL_EXPOSURE
2025-12-05T12:26:32.446Z,XXRPZEUR,mean_reversion,attempt,
2025-12-05T12:26:32.771Z,XXRPZEUR,mean_reversion,attempt,MAX_POSITION
2025-12-05T12:26:33.059Z,CAKEUSD,mean_reversion,attempt,
2025-12-05T12:26:33.572Z,XRPGBP,mean_reversion,attempt,
2025-12-05T12:26:33.701Z,CAKEUSD,mean_reversion,attempt,MAX_POSITION
2025-12-05T12:26:33.895Z,XRPGBP,mean_reversion,attempt,MAX_POSITION
2025-12-05T12:26:34.391Z,CVXUSD,mean_reversion,attempt,
2025-12-05T12:26:34.715Z,CVXUSD,mean_reversion,attempt,MAX_POSITION
2025-12-05T12:26:35.091Z,XRP/USD,vwap_pullback,attempt,
2025-12-05T12:26:35.092Z,XRPRLUSD,mean_reversion,attempt,
2025-12-05T12:26:35.418Z,XRPRLUSD,mean_reversion,attempt,MAX_POSITION
2025-12-05T12:26:35.616Z,XRP/USD,vwap_pullback,attempt,MAX_TOTAL_EXPOSURE
2025-12-05T12:26:35.713Z,DOTEUR,mean_reversion,attempt,
2025-12-05T12:26:36.050Z,DOTEUR,mean_reversion,attempt,MAX_POSITION
2025-12-05T12:26:36.364Z,XRPUSDT,mean_reversion,attempt,
2025-12-05T12:26:36.690Z,XRPUSDT,mean_reversion,attempt,MAX_POSITION
2025-12-05T12:26:36.787Z,DOTGBP,mean_reversion,attempt,
2025-12-05T12:26:37.115Z,DOTGBP,mean_reversion,attempt,MAX_POSITION
2025-12-05T12:26:37.415Z,XTZEUR,mean_reversion,attempt,
2025-12-05T12:26:37.468Z,ENA/USD,vwap_pullback,attempt,
2025-12-05T12:26:37.747Z,XTZEUR,mean_reversion,attempt,MAX_POSITION
2025-12-05T12:26:37.996Z,ENA/USD,vwap_pullback,attempt,MAX_TOTAL_EXPOSURE
2025-12-05T12:26:38.026Z,DOTUSDC,mean_reversion,attempt,
2025-12-05T12:26:38.360Z,DOTUSDC,mean_reversion,attempt,MAX_POSITION
2025-12-05T12:26:38.468Z,XTZUSD,mean_reversion,attempt,
2025-12-05T12:26:38.802Z,XTZUSD,mean_reversion,attempt,MAX_POSITION
2025-12-05T12:26:39.174Z,BAT/USD,vwap_pullback,attempt,
2025-12-05T12:26:39.298Z,DOTUSDT,mean_reversion,attempt,
2025-12-05T12:26:39.711Z,BAT/USD,vwap_pullback,attempt,MAX_TOTAL_EXPOSURE
2025-12-05T12:26:39.712Z,DOTUSDT,mean_reversion,attempt,MAX_POSITION
2025-12-05T12:26:40.790Z,XETCZUSD,mean_reversion,attempt,
2025-12-05T12:26:40.852Z,CRV/USD,vwap_pullback,attempt,
2025-12-05T12:26:41.123Z,XETCZUSD,mean_reversion,attempt,MAX_POSITION
2025-12-05T12:26:41.380Z,CRV/USD,vwap_pullback,attempt,MAX_TOTAL_EXPOSURE
2025-12-05T12:26:41.783Z,ETHFIEUR,mean_reversion,attempt,
2025-12-05T12:26:42.117Z,ETHFIEUR,mean_reversion,attempt,MAX_POSITION
2025-12-05T12:26:42.187Z,ADAAUD,mean_reversion,attempt,
2025-12-05T12:26:42.519Z,ADAAUD,mean_reversion,attempt,MAX_POSITION
2025-12-05T12:26:43.002Z,SUI/EUR,vwap_pullback,attempt,
2025-12-05T12:26:43.320Z,EULEUR,mean_reversion,attempt,
2025-12-05T12:26:43.533Z,SUI/EUR,vwap_pullback,attempt,MAX_TOTAL_EXPOSURE
2025-12-05T12:26:43.685Z,EULEUR,mean_reversion,attempt,MAX_POSITION
2025-12-05T12:26:44.657Z,ADA/USD,vwap_pullback,attempt,
2025-12-05T12:26:44.850Z,AKTEUR,mean_reversion,attempt,
2025-12-05T12:26:45.177Z,AKTEUR,mean_reversion,attempt,MAX_POSITION
2025-12-05T12:26:45.178Z,ADA/USD,vwap_pullback,attempt,MAX_TOTAL_EXPOSURE
2025-12-05T12:26:45.218Z,EWTUSD,mean_reversion,attempt,
2025-12-05T12:26:45.543Z,EWTUSD,mean_reversion,attempt,MAX_POSITION
2025-12-05T12:26:46.130Z,AUDUSD,vwap_pullback,attempt,
2025-12-05T12:26:46.234Z,FORTHUSD,mean_reversion,attempt,
2025-12-05T12:26:46.457Z,AUDUSD,vwap_pullback,attempt,MAX_POSITION
2025-12-05T12:26:46.564Z,FORTHUSD,mean_reversion,attempt,MAX_POSITION
2025-12-05T12:26:46.727Z,AUDUSD,sma_trend_ride,attempt,
2025-12-05T12:26:47.059Z,AUDUSD,sma_trend_ride,attempt,MAX_POSITION
2025-12-05T12:26:47.514Z,FXSUSD,mean_reversion,attempt,
2025-12-05T12:26:47.740Z,CAKEUSD,mean_reversion,attempt,
2025-12-05T12:26:47.861Z,FXSUSD,mean_reversion,attempt,MAX_POSITION
2025-12-05T12:26:48.059Z,CAKEUSD,mean_reversion,attempt,MAX_POSITION
2025-12-05T12:26:48.608Z,KSMUSD,mean_reversion,attempt,
2025-12-05T12:26:48.937Z,KSMUSD,mean_reversion,attempt,MAX_POSITION
2025-12-05T12:26:49.028Z,CVXUSD,mean_reversion,attempt,
2025-12-05T12:26:49.232Z,EURC/USDC,vwap_pullback,attempt,
2025-12-05T12:26:49.357Z,CVXUSD,mean_reversion,attempt,MAX_POSITION
2025-12-05T12:26:49.753Z,EURC/USDC,vwap_pullback,attempt,MAX_TOTAL_EXPOSURE
2025-12-05T12:26:50.051Z,DOTEUR,mean_reversion,attempt,
2025-12-05T12:26:50.197Z,LINKEUR,vwap_pullback,attempt,
2025-12-05T12:26:50.380Z,DOTEUR,mean_reversion,attempt,MAX_POSITION
2025-12-05T12:26:50.528Z,LINKEUR,vwap_pullback,attempt,MAX_POSITION
2025-12-05T12:26:51.148Z,LINKUSD,vwap_pullback,attempt,
2025-12-05T12:26:51.475Z,LINKUSD,vwap_pullback,attempt,MAX_POSITION
2025-12-05T12:26:52.638Z,LINKUSDC,vwap_pullback,attempt,
2025-12-05T12:26:52.710Z,DOTGBP,mean_reversion,attempt,
2025-12-05T12:26:52.969Z,LINKUSDC,vwap_pullback,attempt,MAX_POSITION
2025-12-05T12:26:53.036Z,DOTGBP,mean_reversion,attempt,MAX_POSITION
2025-12-05T12:26:53.906Z,LINKUSDT,vwap_pullback,attempt,
2025-12-05T12:26:54.230Z,LINKUSDT,vwap_pullback,attempt,MAX_POSITION
2025-12-05T12:26:54.285Z,DOTUSDC,mean_reversion,attempt,
2025-12-05T12:26:54.613Z,DOTUSDC,mean_reversion,attempt,MAX_POSITION
2025-12-05T12:26:55.242Z,XRP/USD,vwap_pullback,attempt,
2025-12-05T12:26:55.276Z,XLTCZEUR,mean_reversion,attempt,
2025-12-05T12:26:55.611Z,XLTCZEUR,mean_reversion,attempt,MAX_POSITION
2025-12-05T12:26:55.762Z,XRP/USD,vwap_pullback,attempt,MAX_TOTAL_EXPOSURE
2025-12-05T12:26:55.867Z,DOTUSDT,mean_reversion,attempt,
2025-12-05T12:26:56.193Z,DOTUSDT,mean_reversion,attempt,MAX_POSITION
2025-12-05T12:26:56.242Z,XLTCZUSD,mean_reversion,attempt,
2025-12-05T12:26:56.569Z,XLTCZUSD,mean_reversion,attempt,MAX_POSITION
2025-12-05T12:26:56.571Z,USD/CHF,vwap_pullback,attempt,
2025-12-05T12:26:57.101Z,USD/CHF,vwap_pullback,attempt,MAX_TOTAL_EXPOSURE
2025-12-05T12:26:57.481Z,MASKEUR,mean_reversion,attempt,
2025-12-05T12:26:57.582Z,XETCZUSD,mean_reversion,attempt,
2025-12-05T12:26:57.811Z,MASKEUR,mean_reversion,attempt,MAX_POSITION
2025-12-05T12:26:57.906Z,XETCZUSD,mean_reversion,attempt,MAX_POSITION
2025-12-05T12:26:58.162Z,ENA/USD,vwap_pullback,attempt,
2025-12-05T12:26:58.563Z,ETHFIEUR,mean_reversion,attempt,
2025-12-05T12:26:58.691Z,ENA/USD,vwap_pullback,attempt,MAX_TOTAL_EXPOSURE
2025-12-05T12:26:58.890Z,ETHFIEUR,mean_reversion,attempt,MAX_POSITION
2025-12-05T12:26:59.185Z,MEUSD,mean_reversion,attempt,
2025-12-05T12:26:59.452Z,BAT/USD,vwap_pullback,attempt,
2025-12-05T12:26:59.514Z,MEUSD,mean_reversion,attempt,MAX_POSITION
2025-12-05T12:26:59.845Z,EULEUR,mean_reversion,attempt,
2025-12-05T12:26:59.973Z,BAT/USD,vwap_pullback,attempt,MAX_TOTAL_EXPOSURE
2025-12-05T12:27:00.167Z,EULEUR,mean_reversion,attempt,MAX_POSITION
2025-12-05T12:27:00.763Z,CRV/USD,vwap_pullback,attempt,
2025-12-05T12:27:01.196Z,NANOEUR,mean_reversion,attempt,
2025-12-05T12:27:01.289Z,CRV/USD,vwap_pullback,attempt,MAX_TOTAL_EXPOSURE
2025-12-05T12:27:01.523Z,EWTUSD,mean_reversion,attempt,
2025-12-05T12:27:01.528Z,NANOEUR,mean_reversion,attempt,MAX_POSITION
2025-12-05T12:27:01.851Z,EWTUSD,mean_reversion,attempt,MAX_POSITION
2025-12-05T12:27:02.484Z,NANOUSD,mean_reversion,attempt,
2025-12-05T12:27:02.811Z,NANOUSD,mean_reversion,attempt,MAX_POSITION
2025-12-05T12:27:02.932Z,FORTHUSD,mean_reversion,attempt,
2025-12-05T12:27:03.057Z,SUI/EUR,vwap_pullback,attempt,
2025-12-05T12:27:03.521Z,FORTHUSD,mean_reversion,attempt,MAX_POSITION
2025-12-05T12:27:03.623Z,NOSUSD,mean_reversion,attempt,
2025-12-05T12:27:03.869Z,SUI/EUR,vwap_pullback,attempt,MAX_TOTAL_EXPOSURE
2025-12-05T12:27:03.948Z,NOSUSD,mean_reversion,attempt,MAX_POSITION
2025-12-05T12:27:04.456Z,FXSUSD,mean_reversion,attempt,
2025-12-05T12:27:04.790Z,FXSUSD,mean_reversion,attempt,MAX_POSITION
2025-12-05T12:27:04.972Z,OPEUR,mean_reversion,attempt,
2025-12-05T12:27:05.285Z,ADA/USD,vwap_pullback,attempt,
2025-12-05T12:27:05.305Z,OPEUR,mean_reversion,attempt,MAX_POSITION
2025-12-05T12:27:05.820Z,ADA/USD,vwap_pullback,attempt,MAX_TOTAL_EXPOSURE
2025-12-05T12:27:05.977Z,KSMUSD,mean_reversion,attempt,
2025-12-05T12:27:05.980Z,OPUSD,mean_reversion,attempt,
2025-12-05T12:27:06.303Z,KSMUSD,mean_reversion,attempt,MAX_POSITION
2025-12-05T12:27:06.304Z,OPUSD,mean_reversion,attempt,MAX_POSITION
2025-12-05T12:27:07.202Z,LINKEUR,vwap_pullback,attempt,
2025-12-05T12:27:07.311Z,PROVEEUR,mean_reversion,attempt,
2025-12-05T12:27:07.536Z,LINKEUR,vwap_pullback,attempt,MAX_POSITION
2025-12-05T12:27:07.640Z,PROVEEUR,mean_reversion,attempt,MAX_POSITION
2025-12-05T12:27:08.167Z,LINKUSD,vwap_pullback,attempt,
2025-12-05T12:27:08.489Z,LINKUSD,vwap_pullback,attempt,MAX_POSITION
2025-12-05T12:27:08.556Z,RUNEEUR,mean_reversion,attempt,
2025-12-05T12:27:08.869Z,EURC/USDC,vwap_pullback,attempt,
2025-12-05T12:27:08.879Z,RUNEEUR,mean_reversion,attempt,MAX_POSITION
2025-12-05T12:27:09.386Z,EURC/USDC,vwap_pullback,attempt,MAX_TOTAL_EXPOSURE
2025-12-05T12:27:09.698Z,LINKUSDC,vwap_pullback,attempt,
2025-12-05T12:27:10.026Z,LINKUSDC,vwap_pullback,attempt,MAX_POSITION
2025-12-05T12:27:10.083Z,RUNEUSD,mean_reversion,attempt,
2025-12-05T12:27:10.414Z,RUNEUSD,mean_reversion,attempt,MAX_POSITION
2025-12-05T12:27:11.078Z,LINKUSDT,vwap_pullback,attempt,
2025-12-05T12:27:11.412Z,LINKUSDT,vwap_pullback,attempt,MAX_POSITION
2025-12-05T12:27:11.493Z,SOSOUSD,mean_reversion,attempt,
2025-12-05T12:27:11.821Z,SOSOUSD,mean_reversion,attempt,MAX_POSITION
2025-12-05T12:27:12.679Z,XLTCZEUR,mean_reversion,attempt,
2025-12-05T12:27:12.869Z,TONEUR,mean_reversion,attempt,
2025-12-05T12:27:13.028Z,XLTCZEUR,mean_reversion,attempt,MAX_POSITION
2025-12-05T12:27:13.197Z,TONEUR,mean_reversion,attempt,MAX_POSITION
2025-12-05T12:27:14.014Z,XLTCZUSD,mean_reversion,attempt,
2025-12-05T12:27:14.197Z,TONUSD,mean_reversion,attempt,
2025-12-05T12:27:14.349Z,XLTCZUSD,mean_reversion,attempt,MAX_POSITION
2025-12-05T12:27:14.528Z,TONUSD,mean_reversion,attempt,MAX_POSITION
2025-12-05T12:27:15.086Z,MASKEUR,mean_reversion,attempt,
2025-12-05T12:27:15.417Z,MASKEUR,mean_reversion,attempt,MAX_POSITION
2025-12-05T12:27:15.655Z,TRUMPUSD,mean_reversion,attempt,
2025-12-05T12:27:15.982Z,TRUMPUSD,mean_reversion,attempt,MAX_POSITION
2025-12-05T12:27:16.729Z,TRXUSD,vwap_pullback,attempt,
2025-12-05T12:27:16.807Z,MEUSD,mean_reversion,attempt,
2025-12-05T12:27:16.924Z,TRXUSD,vwap_pullback,attempt,POSITION_LIMIT
2025-12-05T12:27:17.137Z,MEUSD,mean_reversion,attempt,MAX_POSITION
2025-12-05T12:27:17.921Z,USDCHF,vwap_pullback,attempt,
2025-12-05T12:27:18.499Z,USDCHF,vwap_pullback,attempt,MAX_POSITION
2025-12-05T12:27:18.516Z,USD/CHF,vwap_pullback,attempt,
2025-12-05T12:27:18.733Z,NANOEUR,mean_reversion,attempt,
2025-12-05T12:27:19.033Z,XXRPZCAD,mean_reversion,attempt,
2025-12-05T12:27:19.049Z,USD/CHF,vwap_pullback,attempt,MAX_TOTAL_EXPOSURE
2025-12-05T12:27:19.059Z,NANOEUR,mean_reversion,attempt,MAX_POSITION
2025-12-05T12:27:19.376Z,XXRPZCAD,mean_reversion,attempt,MAX_POSITION
2025-12-05T12:27:20.172Z,ENA/USD,vwap_pullback,attempt,
2025-12-05T12:27:20.297Z,NANOUSD,mean_reversion,attempt,
2025-12-05T12:27:20.577Z,XXRPZEUR,mean_reversion,attempt,
2025-12-05T12:27:20.622Z,NANOUSD,mean_reversion,attempt,MAX_POSITION
2025-12-05T12:27:20.688Z,ENA/USD,vwap_pullback,attempt,MAX_TOTAL_EXPOSURE
2025-12-05T12:27:20.908Z,XXRPZEUR,mean_reversion,attempt,MAX_POSITION
2025-12-05T12:27:21.628Z,NOSUSD,mean_reversion,attempt,
2025-12-05T12:27:21.958Z,NOSUSD,mean_reversion,attempt,MAX_POSITION
2025-12-05T12:27:22.019Z,XRPGBP,mean_reversion,attempt,
2025-12-05T12:27:22.204Z,BAT/USD,vwap_pullback,attempt,
2025-12-05T12:27:22.342Z,XRPGBP,mean_reversion,attempt,MAX_POSITION
2025-12-05T12:27:22.726Z,BAT/USD,vwap_pullback,attempt,MAX_TOTAL_EXPOSURE
2025-12-05T12:27:22.955Z,OPEUR,mean_reversion,attempt,
2025-12-05T12:27:23.286Z,OPEUR,mean_reversion,attempt,MAX_POSITION
2025-12-05T12:27:23.459Z,XRPRLUSD,mean_reversion,attempt,
2025-12-05T12:27:23.571Z,CRV/USD,vwap_pullback,attempt,
2025-12-05T12:27:23.786Z,XRPRLUSD,mean_reversion,attempt,MAX_POSITION
2025-12-05T12:27:24.090Z,CRV/USD,vwap_pullback,attempt,MAX_TOTAL_EXPOSURE
2025-12-05T12:27:24.426Z,XRPUSDT,mean_reversion,attempt,
2025-12-05T12:27:24.592Z,OPUSD,mean_reversion,attempt,
2025-12-05T12:27:24.753Z,XRPUSDT,mean_reversion,attempt,MAX_POSITION
2025-12-05T12:27:24.926Z,OPUSD,mean_reversion,attempt,MAX_POSITION
2025-12-05T12:27:25.429Z,XTZEUR,mean_reversion,attempt,
2025-12-05T12:27:25.663Z,PROVEEUR,mean_reversion,attempt,
2025-12-05T12:27:25.756Z,XTZEUR,mean_reversion,attempt,MAX_POSITION
2025-12-05T12:27:25.993Z,PROVEEUR,mean_reversion,attempt,MAX_POSITION
2025-12-05T12:27:26.113Z,SUI/EUR,vwap_pullback,attempt,
2025-12-05T12:27:26.637Z,XTZUSD,mean_reversion,attempt,
2025-12-05T12:27:26.639Z,SUI/EUR,vwap_pullback,attempt,MAX_TOTAL_EXPOSURE
2025-12-05T12:27:26.701Z,RUNEEUR,mean_reversion,attempt,
2025-12-05T12:27:26.962Z,XTZUSD,mean_reversion,attempt,MAX_POSITION
2025-12-05T12:27:27.030Z,RUNEEUR,mean_reversion,attempt,MAX_POSITION
2025-12-05T12:27:27.956Z,RUNEUSD,mean_reversion,attempt,
2025-12-05T12:27:28.034Z,ADA/USD,vwap_pullback,attempt,
2025-12-05T12:27:28.279Z,RUNEUSD,mean_reversion,attempt,MAX_POSITION
2025-12-05T12:27:28.563Z,ADA/USD,vwap_pullback,attempt,MAX_TOTAL_EXPOSURE
2025-12-05T12:27:28.905Z,ADAAUD,mean_reversion,attempt,
2025-12-05T12:27:29.190Z,SOSOUSD,mean_reversion,attempt,
2025-12-05T12:27:29.233Z,ADAAUD,mean_reversion,attempt,MAX_POSITION
2025-12-05T12:27:29.544Z,SOSOUSD,mean_reversion,attempt,MAX_POSITION
2025-12-05T12:27:30.408Z,AKTEUR,mean_reversion,attempt,
2025-12-05T12:27:30.756Z,AKTEUR,mean_reversion,attempt,MAX_POSITION
2025-12-05T12:27:30.891Z,TONEUR,mean_reversion,attempt,
2025-12-05T12:27:31.227Z,TONEUR,mean_reversion,attempt,MAX_POSITION
2025-12-05T12:27:31.758Z,AUDUSD,vwap_pullback,attempt,
2025-12-05T12:27:32.099Z,TONUSD,mean_reversion,attempt,
2025-12-05T12:27:32.100Z,AUDUSD,vwap_pullback,attempt,MAX_POSITION
2025-12-05T12:27:32.179Z,EURC/USDC,vwap_pullback,attempt,
2025-12-05T12:27:32.363Z,AUDUSD,sma_trend_ride,attempt,
2025-12-05T12:27:32.432Z,TONUSD,mean_reversion,attempt,MAX_POSITION
2025-12-05T12:27:32.705Z,AUDUSD,sma_trend_ride,attempt,MAX_POSITION
2025-12-05T12:27:32.711Z,EURC/USDC,vwap_pullback,attempt,MAX_TOTAL_EXPOSURE
2025-12-05T12:27:33.083Z,TRUMPUSD,mean_reversion,attempt,
2025-12-05T12:27:33.583Z,CAKEUSD,mean_reversion,attempt,
2025-12-05T12:27:33.725Z,TRUMPUSD,mean_reversion,attempt,MAX_POSITION
2025-12-05T12:27:33.920Z,CAKEUSD,mean_reversion,attempt,MAX_POSITION
2025-12-05T12:27:34.482Z,TRXUSD,vwap_pullback,attempt,
2025-12-05T12:27:34.659Z,CVXUSD,mean_reversion,attempt,
2025-12-05T12:27:34.682Z,TRXUSD,vwap_pullback,attempt,POSITION_LIMIT
2025-12-05T12:27:34.990Z,CVXUSD,mean_reversion,attempt,MAX_POSITION
2025-12-05T12:27:35.491Z,USDCHF,vwap_pullback,attempt,
2025-12-05T12:27:35.796Z,DOTEUR,mean_reversion,attempt,
2025-12-05T12:27:35.816Z,USDCHF,vwap_pullback,attempt,MAX_POSITION
2025-12-05T12:27:36.124Z,DOTEUR,mean_reversion,attempt,MAX_POSITION
2025-12-05T12:27:37.178Z,XXRPZCAD,mean_reversion,attempt,
2025-12-05T12:27:37.184Z,DOTGBP,mean_reversion,attempt,
2025-12-05T12:27:37.511Z,XXRPZCAD,mean_reversion,attempt,MAX_POSITION
2025-12-05T12:27:37.514Z,DOTGBP,mean_reversion,attempt,MAX_POSITION
2025-12-05T12:27:38.523Z,XXRPZEUR,mean_reversion,attempt,
2025-12-05T12:27:38.805Z,DOTUSDC,mean_reversion,attempt,
2025-12-05T12:27:38.858Z,XXRPZEUR,mean_reversion,attempt,MAX_POSITION
2025-12-05T12:27:39.155Z,DOTUSDC,mean_reversion,attempt,MAX_POSITION
2025-12-05T12:27:39.577Z,XRPGBP,mean_reversion,attempt,
2025-12-05T12:27:39.932Z,XRPGBP,mean_reversion,attempt,MAX_POSITION
2025-12-05T12:27:40.095Z,DOTUSDT,mean_reversion,attempt,
2025-12-05T12:27:40.464Z,DOTUSDT,mean_reversion,attempt,MAX_POSITION
2025-12-05T12:27:40.604Z,XRP/USD,vwap_pullback,attempt,
2025-12-05T12:27:40.666Z,XRPRLUSD,mean_reversion,attempt,
2025-12-05T12:27:40.995Z,XRPRLUSD,mean_reversion,attempt,MAX_POSITION
2025-12-05T12:27:41.123Z,XRP/USD,vwap_pullback,attempt,MAX_TOTAL_EXPOSURE
2025-12-05T12:27:41.188Z,XETCZUSD,mean_reversion,attempt,
2025-12-05T12:27:41.651Z,XETCZUSD,mean_reversion,attempt,MAX_POSITION
2025-12-05T12:27:41.916Z,ADAAUD,mean_reversion,attempt,
2025-12-05T12:27:42.055Z,XRPUSDT,mean_reversion,attempt,
2025-12-05T12:27:42.254Z,ADAAUD,mean_reversion,attempt,MAX_POSITION
2025-12-05T12:27:42.385Z,XRPUSDT,mean_reversion,attempt,MAX_POSITION
2025-12-05T12:27:42.397Z,USD/CHF,vwap_pullback,attempt,
2025-12-05T12:27:42.433Z,ETHFIEUR,mean_reversion,attempt,
2025-12-05T12:27:42.834Z,ETHFIEUR,mean_reversion,attempt,MAX_POSITION
2025-12-05T12:27:43.030Z,USD/CHF,vwap_pullback,attempt,MAX_TOTAL_EXPOSURE
2025-12-05T12:27:43.194Z,XTZEUR,mean_reversion,attempt,
2025-12-05T12:27:43.221Z,AKTEUR,mean_reversion,attempt,
2025-12-05T12:27:43.536Z,XTZEUR,mean_reversion,attempt,MAX_POSITION
2025-12-05T12:27:43.551Z,AKTEUR,mean_reversion,attempt,MAX_POSITION
2025-12-05T12:27:43.929Z,ENA/USD,vwap_pullback,attempt,
2025-12-05T12:27:44.179Z,EULEUR,mean_reversion,attempt,
2025-12-05T12:27:44.476Z,ENA/USD,vwap_pullback,attempt,MAX_TOTAL_EXPOSURE
2025-12-05T12:27:44.511Z,EULEUR,mean_reversion,attempt,MAX_POSITION
2025-12-05T12:27:44.610Z,XTZUSD,mean_reversion,attempt,
2025-12-05T12:27:44.706Z,AUDUSD,vwap_pullback,attempt,
2025-12-05T12:27:44.935Z,XTZUSD,mean_reversion,attempt,MAX_POSITION
2025-12-05T12:27:45.035Z,AUDUSD,vwap_pullback,attempt,MAX_POSITION
2025-12-05T12:27:45.305Z,AUDUSD,sma_trend_ride,attempt,
2025-12-05T12:27:45.503Z,BAT/USD,vwap_pullback,attempt,
2025-12-05T12:27:45.601Z,EWTUSD,mean_reversion,attempt,
2025-12-05T12:27:45.633Z,AUDUSD,sma_trend_ride,attempt,MAX_POSITION
2025-12-05T12:27:45.929Z,EWTUSD,mean_reversion,attempt,MAX_POSITION
2025-12-05T12:27:46.032Z,BAT/USD,vwap_pullback,attempt,MAX_TOTAL_EXPOSURE
2025-12-05T12:27:46.621Z,CAKEUSD,mean_reversion,attempt,
2025-12-05T12:27:46.909Z,FORTHUSD,mean_reversion,attempt,
2025-12-05T12:27:46.977Z,CAKEUSD,mean_reversion,attempt,MAX_POSITION
2025-12-05T12:27:47.114Z,CRV/USD,vwap_pullback,attempt,
2025-12-05T12:27:47.252Z,FORTHUSD,mean_reversion,attempt,MAX_POSITION
2025-12-05T12:27:47.655Z,CRV/USD,vwap_pullback,attempt,MAX_TOTAL_EXPOSURE
2025-12-05T12:27:48.637Z,CVXUSD,mean_reversion,attempt,
2025-12-05T12:27:48.873Z,FXSUSD,mean_reversion,attempt,
2025-12-05T12:27:48.989Z,CVXUSD,mean_reversion,attempt,MAX_POSITION
2025-12-05T12:27:49.274Z,FXSUSD,mean_reversion,attempt,MAX_POSITION
2025-12-05T12:27:49.672Z,SUI/EUR,vwap_pullback,attempt,
2025-12-05T12:27:49.771Z,DOTEUR,mean_reversion,attempt,
2025-12-05T12:27:49.942Z,KSMUSD,mean_reversion,attempt,
2025-12-05T12:27:50.106Z,DOTEUR,mean_reversion,attempt,MAX_POSITION
2025-12-05T12:27:50.216Z,SUI/EUR,vwap_pullback,attempt,MAX_TOTAL_EXPOSURE
2025-12-05T12:27:50.282Z,KSMUSD,mean_reversion,attempt,MAX_POSITION
2025-12-05T12:27:51.020Z,LINKEUR,vwap_pullback,attempt,
2025-12-05T12:27:51.283Z,DOTGBP,mean_reversion,attempt,
2025-12-05T12:27:51.284Z,ADA/USD,vwap_pullback,attempt,
2025-12-05T12:27:51.354Z,LINKEUR,vwap_pullback,attempt,MAX_POSITION
2025-12-05T12:27:51.622Z,DOTGBP,mean_reversion,attempt,MAX_POSITION
2025-12-05T12:27:51.820Z,ADA/USD,vwap_pullback,attempt,MAX_TOTAL_EXPOSURE
2025-12-05T12:27:52.132Z,LINKUSD,vwap_pullback,attempt,
2025-12-05T12:27:52.391Z,DOTUSDC,mean_reversion,attempt,
2025-12-05T12:27:52.536Z,LINKUSD,vwap_pullback,attempt,MAX_POSITION
2025-12-05T12:27:52.715Z,DOTUSDC,mean_reversion,attempt,MAX_POSITION
2025-12-05T12:27:53.224Z,LINKUSDC,vwap_pullback,attempt,
2025-12-05T12:27:53.553Z,LINKUSDC,vwap_pullback,attempt,MAX_POSITION
2025-12-05T12:27:54.018Z,DOTUSDT,mean_reversion,attempt,
2025-12-05T12:27:54.321Z,LINKUSDT,vwap_pullback,attempt,
2025-12-05T12:27:54.347Z,DOTUSDT,mean_reversion,attempt,MAX_POSITION
2025-12-05T12:27:54.650Z,LINKUSDT,vwap_pullback,attempt,MAX_POSITION
2025-12-05T12:27:55.238Z,EURC/USDC,vwap_pullback,attempt,
2025-12-05T12:27:55.306Z,XETCZUSD,mean_reversion,attempt,
2025-12-05T12:27:55.609Z,XLTCZEUR,mean_reversion,attempt,
2025-12-05T12:27:55.642Z,XETCZUSD,mean_reversion,attempt,MAX_POSITION
2025-12-05T12:27:55.777Z,EURC/USDC,vwap_pullback,attempt,MAX_TOTAL_EXPOSURE
2025-12-05T12:27:55.969Z,XLTCZEUR,mean_reversion,attempt,MAX_POSITION
2025-12-05T12:27:56.595Z,ETHFIEUR,mean_reversion,attempt,
2025-12-05T12:27:56.946Z,ETHFIEUR,mean_reversion,attempt,MAX_POSITION
2025-12-05T12:27:57.013Z,XLTCZUSD,mean_reversion,attempt,
2025-12-05T12:27:57.336Z,XLTCZUSD,mean_reversion,attempt,MAX_POSITION
2025-12-05T12:27:58.343Z,EULEUR,mean_reversion,attempt,
2025-12-05T12:27:58.417Z,MASKEUR,mean_reversion,attempt,
2025-12-05T12:27:58.679Z,EULEUR,mean_reversion,attempt,MAX_POSITION
2025-12-05T12:27:58.751Z,MASKEUR,mean_reversion,attempt,MAX_POSITION
2025-12-05T12:27:59.920Z,EWTUSD,mean_reversion,attempt,
2025-12-05T12:28:00.290Z,EWTUSD,mean_reversion,attempt,MAX_POSITION
2025-12-05T12:28:00.474Z,MEUSD,mean_reversion,attempt,
2025-12-05T12:28:00.806Z,MEUSD,mean_reversion,attempt,MAX_POSITION
2025-12-05T12:28:01.248Z,FORTHUSD,mean_reversion,attempt,
2025-12-05T12:28:01.601Z,FORTHUSD,mean_reversion,attempt,MAX_POSITION
2025-12-05T12:28:02.133Z,NANOEUR,mean_reversion,attempt,
2025-12-05T12:28:02.288Z,FXSUSD,mean_reversion,attempt,
2025-12-05T12:28:02.467Z,NANOEUR,mean_reversion,attempt,MAX_POSITION
2025-12-05T12:28:02.620Z,FXSUSD,mean_reversion,attempt,MAX_POSITION
2025-12-05T12:28:03.691Z,NANOUSD,mean_reversion,attempt,
2025-12-05T12:28:03.726Z,KSMUSD,mean_reversion,attempt,
2025-12-05T12:28:04.030Z,NANOUSD,mean_reversion,attempt,MAX_POSITION
2025-12-05T12:28:04.063Z,KSMUSD,mean_reversion,attempt,MAX_POSITION
2025-12-05T12:28:04.394Z,SOL/USD,vwap_pullback,attempt,
2025-12-05T12:28:04.825Z,LINKEUR,vwap_pullback,attempt,
2025-12-05T12:28:04.928Z,SOL/USD,vwap_pullback,attempt,MAX_TOTAL_EXPOSURE
2025-12-05T12:28:04.999Z,NOSUSD,mean_reversion,attempt,
2025-12-05T12:28:05.155Z,LINKEUR,vwap_pullback,attempt,MAX_POSITION
2025-12-05T12:28:05.323Z,NOSUSD,mean_reversion,attempt,MAX_POSITION
2025-12-05T12:28:05.981Z,LINKUSD,vwap_pullback,attempt,
2025-12-05T12:28:06.307Z,LINKUSD,vwap_pullback,attempt,MAX_POSITION
2025-12-05T12:28:06.500Z,OPEUR,mean_reversion,attempt,
2025-12-05T12:28:06.827Z,OPEUR,mean_reversion,attempt,MAX_POSITION
2025-12-05T12:28:07.301Z,LINKUSDC,vwap_pullback,attempt,
2025-12-05T12:28:07.632Z,LINKUSDC,vwap_pullback,attempt,MAX_POSITION
2025-12-05T12:28:07.769Z,OPUSD,mean_reversion,attempt,
2025-12-05T12:28:08.092Z,OPUSD,mean_reversion,attempt,MAX_POSITION
2025-12-05T12:28:08.382Z,LINKUSDT,vwap_pullback,attempt,
2025-12-05T12:28:08.711Z,LINKUSDT,vwap_pullback,attempt,MAX_POSITION
2025-12-05T12:28:08.920Z,ENA/USD,vwap_pullback,attempt,
2025-12-05T12:28:09.041Z,PROVEEUR,mean_reversion,attempt,
2025-12-05T12:28:09.369Z,PROVEEUR,mean_reversion,attempt,MAX_POSITION
2025-12-05T12:28:09.441Z,ENA/USD,vwap_pullback,attempt,MAX_TOTAL_EXPOSURE
2025-12-05T12:28:09.492Z,XLTCZEUR,mean_reversion,attempt,
2025-12-05T12:28:09.828Z,XLTCZEUR,mean_reversion,attempt,MAX_POSITION
2025-12-05T12:28:10.516Z,BAT/USD,vwap_pullback,attempt,
2025-12-05T12:28:10.622Z,RUNEEUR,mean_reversion,attempt,
2025-12-05T12:28:10.951Z,RUNEEUR,mean_reversion,attempt,MAX_POSITION
2025-12-05T12:28:11.054Z,BAT/USD,vwap_pullback,attempt,MAX_TOTAL_EXPOSURE
2025-12-05T12:28:11.304Z,XLTCZUSD,mean_reversion,attempt,
2025-12-05T12:28:11.634Z,XLTCZUSD,mean_reversion,attempt,MAX_POSITION
2025-12-05T12:28:11.828Z,RUNEUSD,mean_reversion,attempt,
2025-12-05T12:28:11.883Z,ADAAUD,mean_reversion,attempt,
2025-12-05T12:28:11.890Z,CRV/USD,vwap_pullback,attempt,
2025-12-05T12:28:12.156Z,RUNEUSD,mean_reversion,attempt,MAX_POSITION
2025-12-05T12:28:12.210Z,ADAAUD,mean_reversion,attempt,MAX_POSITION
2025-12-05T12:28:12.426Z,CRV/USD,vwap_pullback,attempt,MAX_TOTAL_EXPOSURE
2025-12-05T12:28:12.562Z,MASKEUR,mean_reversion,attempt,
2025-12-05T12:28:12.829Z,SOSOUSD,mean_reversion,attempt,
2025-12-05T12:28:12.889Z,MASKEUR,mean_reversion,attempt,MAX_POSITION
2025-12-05T12:28:13.157Z,SOSOUSD,mean_reversion,attempt,MAX_POSITION
2025-12-05T12:28:13.418Z,AKTEUR,mean_reversion,attempt,
2025-12-05T12:28:13.744Z,AKTEUR,mean_reversion,attempt,MAX_POSITION
2025-12-05T12:28:13.851Z,TONEUR,mean_reversion,attempt,
2025-12-05T12:28:14.139Z,SUI/EUR,vwap_pullback,attempt,
2025-12-05T12:28:14.178Z,TONEUR,mean_reversion,attempt,MAX_POSITION
2025-12-05T12:28:14.430Z,MEUSD,mean_reversion,attempt,
2025-12-05T12:28:14.672Z,SUI/EUR,vwap_pullback,attempt,MAX_TOTAL_EXPOSURE
2025-12-05T12:28:14.730Z,AUDUSD,vwap_pullback,attempt,
2025-12-05T12:28:14.761Z,MEUSD,mean_reversion,attempt,MAX_POSITION
2025-12-05T12:28:15.054Z,AUDUSD,vwap_pullback,attempt,MAX_POSITION
2025-12-05T12:28:15.116Z,TONUSD,mean_reversion,attempt,
2025-12-05T12:28:15.319Z,AUDUSD,sma_trend_ride,attempt,
2025-12-05T12:28:15.446Z,TONUSD,mean_reversion,attempt,MAX_POSITION
2025-12-05T12:28:15.647Z,AUDUSD,sma_trend_ride,attempt,MAX_POSITION
2025-12-05T12:28:15.828Z,ADA/USD,vwap_pullback,attempt,
2025-12-05T12:28:15.882Z,NANOEUR,mean_reversion,attempt,
2025-12-05T12:28:16.184Z,TRUMPUSD,mean_reversion,attempt,
2025-12-05T12:28:16.208Z,NANOEUR,mean_reversion,attempt,MAX_POSITION
2025-12-05T12:28:16.237Z,CAKEUSD,mean_reversion,attempt,
2025-12-05T12:28:16.350Z,ADA/USD,vwap_pullback,attempt,MAX_TOTAL_EXPOSURE
2025-12-05T12:28:16.508Z,TRUMPUSD,mean_reversion,attempt,MAX_POSITION
2025-12-05T12:28:16.563Z,CAKEUSD,mean_reversion,attempt,MAX_POSITION
2025-12-05T12:28:17.281Z,NANOUSD,mean_reversion,attempt,
2025-12-05T12:28:17.544Z,CVXUSD,mean_reversion,attempt,
2025-12-05T12:28:17.595Z,TRXUSD,vwap_pullback,attempt,
2025-12-05T12:28:17.655Z,NANOUSD,mean_reversion,attempt,MAX_POSITION
2025-12-05T12:28:17.791Z,TRXUSD,vwap_pullback,attempt,POSITION_LIMIT
2025-12-05T12:28:17.896Z,CVXUSD,mean_reversion,attempt,MAX_POSITION
2025-12-05T12:28:18.724Z,NOSUSD,mean_reversion,attempt,
2025-12-05T12:28:18.900Z,USDCHF,vwap_pullback,attempt,
2025-12-05T12:28:18.942Z,DOTEUR,mean_reversion,attempt,
2025-12-05T12:28:19.058Z,NOSUSD,mean_reversion,attempt,MAX_POSITION
2025-12-05T12:28:19.242Z,USDCHF,vwap_pullback,attempt,MAX_POSITION
2025-12-05T12:28:19.269Z,DOTEUR,mean_reversion,attempt,MAX_POSITION
2025-12-05T12:28:19.644Z,EURC/USDC,vwap_pullback,attempt,
2025-12-05T12:28:20.047Z,XXRPZCAD,mean_reversion,attempt,
2025-12-05T12:28:20.168Z,EURC/USDC,vwap_pullback,attempt,MAX_TOTAL_EXPOSURE
2025-12-05T12:28:20.311Z,OPEUR,mean_reversion,attempt,
2025-12-05T12:28:20.342Z,DOTGBP,mean_reversion,attempt,
2025-12-05T12:28:20.401Z,XXRPZCAD,mean_reversion,attempt,MAX_POSITION
2025-12-05T12:28:20.643Z,OPEUR,mean_reversion,attempt,MAX_POSITION
2025-12-05T12:28:20.664Z,DOTGBP,mean_reversion,attempt,MAX_POSITION
2025-12-05T12:28:21.635Z,XXRPZEUR,mean_reversion,attempt,
2025-12-05T12:28:21.657Z,OPUSD,mean_reversion,attempt,
2025-12-05T12:28:21.858Z,DOTUSDC,mean_reversion,attempt,
2025-12-05T12:28:21.986Z,XXRPZEUR,mean_reversion,attempt,MAX_POSITION
2025-12-05T12:28:21.987Z,OPUSD,mean_reversion,attempt,MAX_POSITION
2025-12-05T12:28:22.185Z,DOTUSDC,mean_reversion,attempt,MAX_POSITION
2025-12-05T12:28:23.063Z,XRPGBP,mean_reversion,attempt,
2025-12-05T12:28:23.262Z,PROVEEUR,mean_reversion,attempt,
2025-12-05T12:28:23.401Z,XRPGBP,mean_reversion,attempt,MAX_POSITION
2025-12-05T12:28:23.494Z,DOTUSDT,mean_reversion,attempt,
2025-12-05T12:28:23.597Z,PROVEEUR,mean_reversion,attempt,MAX_POSITION
2025-12-05T12:28:23.827Z,DOTUSDT,mean_reversion,attempt,MAX_POSITION
2025-12-05T12:28:24.096Z,XRPRLUSD,mean_reversion,attempt,
2025-12-05T12:28:24.430Z,XRPRLUSD,mean_reversion,attempt,MAX_POSITION
2025-12-05T12:28:24.532Z,RUNEEUR,mean_reversion,attempt,
2025-12-05T12:28:24.723Z,XETCZUSD,mean_reversion,attempt,
2025-12-05T12:28:24.863Z,RUNEEUR,mean_reversion,attempt,MAX_POSITION
2025-12-05T12:28:25.048Z,XETCZUSD,mean_reversion,attempt,MAX_POSITION
2025-12-05T12:28:25.107Z,XRPUSDT,mean_reversion,attempt,
2025-12-05T12:28:25.437Z,XRPUSDT,mean_reversion,attempt,MAX_POSITION
2025-12-05T12:28:25.871Z,RUNEUSD,mean_reversion,attempt,
2025-12-05T12:28:26.042Z,ETHFIEUR,mean_reversion,attempt,
2025-12-05T12:28:26.102Z,XTZEUR,mean_reversion,attempt,
2025-12-05T12:28:26.200Z,RUNEUSD,mean_reversion,attempt,MAX_POSITION
2025-12-05T12:28:26.448Z,ETHFIEUR,mean_reversion,attempt,MAX_POSITION
2025-12-05T12:28:26.511Z,XTZEUR,mean_reversion,attempt,MAX_POSITION
2025-12-05T12:28:26.975Z,SOSOUSD,mean_reversion,attempt,
2025-12-05T12:28:27.202Z,EULEUR,mean_reversion,attempt,
2025-12-05T12:28:27.304Z,SOSOUSD,mean_reversion,attempt,MAX_POSITION
2025-12-05T12:28:27.492Z,XTZUSD,mean_reversion,attempt,
2025-12-05T12:28:27.525Z,EULEUR,mean_reversion,attempt,MAX_POSITION
2025-12-05T12:28:27.831Z,XTZUSD,mean_reversion,attempt,MAX_POSITION
2025-12-05T12:28:28.485Z,TONEUR,mean_reversion,attempt,
2025-12-05T12:28:28.812Z,TONEUR,mean_reversion,attempt,MAX_POSITION
2025-12-05T12:28:29.198Z,SOL/USD,vwap_pullback,attempt,
2025-12-05T12:28:29.717Z,SOL/USD,vwap_pullback,attempt,MAX_TOTAL_EXPOSURE
2025-12-05T12:28:29.806Z,TONUSD,mean_reversion,attempt,
2025-12-05T12:28:29.849Z,EWTUSD,mean_reversion,attempt,
2025-12-05T12:28:30.136Z,TONUSD,mean_reversion,attempt,MAX_POSITION
2025-12-05T12:28:30.175Z,EWTUSD,mean_reversion,attempt,MAX_POSITION
2025-12-05T12:28:30.901Z,TRUMPUSD,mean_reversion,attempt,
2025-12-05T12:28:31.100Z,FORTHUSD,mean_reversion,attempt,
2025-12-05T12:28:31.229Z,TRUMPUSD,mean_reversion,attempt,MAX_POSITION
2025-12-05T12:28:31.425Z,FORTHUSD,mean_reversion,attempt,MAX_POSITION
2025-12-05T12:28:32.231Z,FXSUSD,mean_reversion,attempt,
2025-12-05T12:28:32.553Z,TRXUSD,vwap_pullback,attempt,
2025-12-05T12:28:32.553Z,FXSUSD,mean_reversion,attempt,MAX_POSITION
2025-12-05T12:28:32.749Z,TRXUSD,vwap_pullback,attempt,POSITION_LIMIT
2025-12-05T12:28:33.517Z,KSMUSD,mean_reversion,attempt,
2025-12-05T12:28:33.844Z,KSMUSD,mean_reversion,attempt,MAX_POSITION
2025-12-05T12:28:34.541Z,LINKEUR,vwap_pullback,attempt,
2025-12-05T12:28:34.639Z,USDCHF,vwap_pullback,attempt,
2025-12-05T12:28:34.866Z,LINKEUR,vwap_pullback,attempt,MAX_POSITION
2025-12-05T12:28:34.964Z,USDCHF,vwap_pullback,attempt,MAX_POSITION
2025-12-05T12:28:35.571Z,USD/CHF,vwap_pullback,attempt,
2025-12-05T12:28:35.765Z,XXRPZCAD,mean_reversion,attempt,
2025-12-05T12:28:35.821Z,LINKUSD,vwap_pullback,attempt,
2025-12-05T12:28:36.089Z,USD/CHF,vwap_pullback,attempt,MAX_TOTAL_EXPOSURE
2025-12-05T12:28:36.095Z,XXRPZCAD,mean_reversion,attempt,MAX_POSITION
2025-12-05T12:28:36.151Z,LINKUSD,vwap_pullback,attempt,MAX_POSITION
2025-12-05T12:28:37.074Z,XXRPZEUR,mean_reversion,attempt,
2025-12-05T12:28:37.089Z,LINKUSDC,vwap_pullback,attempt,
2025-12-05T12:28:37.260Z,ENA/USD,vwap_pullback,attempt,
2025-12-05T12:28:37.404Z,XXRPZEUR,mean_reversion,attempt,MAX_POSITION
2025-12-05T12:28:37.421Z,LINKUSDC,vwap_pullback,attempt,MAX_POSITION
2025-12-05T12:28:37.782Z,ENA/USD,vwap_pullback,attempt,MAX_TOTAL_EXPOSURE
2025-12-05T12:28:38.083Z,XRPGBP,mean_reversion,attempt,
2025-12-05T12:28:38.408Z,XRPGBP,mean_reversion,attempt,MAX_POSITION
2025-12-05T12:28:38.617Z,LINKUSDT,vwap_pullback,attempt,
2025-12-05T12:28:38.874Z,BAT/USD,vwap_pullback,attempt,
2025-12-05T12:28:38.982Z,LINKUSDT,vwap_pullback,attempt,MAX_POSITION
2025-12-05T12:28:39.169Z,XRPRLUSD,mean_reversion,attempt,
2025-12-05T12:28:39.454Z,BAT/USD,vwap_pullback,attempt,MAX_TOTAL_EXPOSURE
2025-12-05T12:28:39.500Z,XRPRLUSD,mean_reversion,attempt,MAX_POSITION
2025-12-05T12:28:40.122Z,XLTCZEUR,mean_reversion,attempt,
2025-12-05T12:28:40.450Z,XRPUSDT,mean_reversion,attempt,
2025-12-05T12:28:40.458Z,XLTCZEUR,mean_reversion,attempt,MAX_POSITION
2025-12-05T12:28:40.526Z,CRV/USD,vwap_pullback,attempt,
2025-12-05T12:28:40.780Z,XRPUSDT,mean_reversion,attempt,MAX_POSITION
2025-12-05T12:28:41.045Z,CRV/USD,vwap_pullback,attempt,MAX_TOTAL_EXPOSURE
2025-12-05T12:28:41.611Z,XLTCZUSD,mean_reversion,attempt,
2025-12-05T12:28:41.941Z,XLTCZUSD,mean_reversion,attempt,MAX_POSITION
2025-12-05T12:28:41.974Z,XTZEUR,mean_reversion,attempt,
2025-12-05T12:28:42.299Z,XTZEUR,mean_reversion,attempt,MAX_POSITION
2025-12-05T12:28:42.845Z,SUI/EUR,vwap_pullback,attempt,
2025-12-05T12:28:43.114Z,XTZUSD,mean_reversion,attempt,
2025-12-05T12:28:43.132Z,MASKEUR,mean_reversion,attempt,
2025-12-05T12:28:43.367Z,SUI/EUR,vwap_pullback,attempt,MAX_TOTAL_EXPOSURE
2025-12-05T12:28:43.437Z,XTZUSD,mean_reversion,attempt,MAX_POSITION
2025-12-05T12:28:43.462Z,MASKEUR,mean_reversion,attempt,MAX_POSITION
2025-12-05T12:28:44.236Z,ADA/USD,vwap_pullback,attempt,
2025-12-05T12:28:44.762Z,ADA/USD,vwap_pullback,attempt,MAX_TOTAL_EXPOSURE
2025-12-05T12:28:44.798Z,MEUSD,mean_reversion,attempt,
2025-12-05T12:28:45.131Z,MEUSD,mean_reversion,attempt,MAX_POSITION
2025-12-05T12:28:46.750Z,NANOEUR,mean_reversion,attempt,
2025-12-05T12:28:47.081Z,NANOEUR,mean_reversion,attempt,MAX_POSITION
2025-12-05T12:28:47.645Z,EURC/USDC,vwap_pullback,attempt,
2025-12-05T12:28:48.430Z,EURC/USDC,vwap_pullback,attempt,MAX_TOTAL_EXPOSURE
2025-12-05T12:28:48.546Z,NANOUSD,mean_reversion,attempt,
2025-12-05T12:28:48.876Z,NANOUSD,mean_reversion,attempt,MAX_POSITION
2025-12-05T12:28:49.517Z,NOSUSD,mean_reversion,attempt,
2025-12-05T12:28:49.847Z,NOSUSD,mean_reversion,attempt,MAX_POSITION
2025-12-05T12:28:51.046Z,OPEUR,mean_reversion,attempt,
2025-12-05T12:28:51.372Z,OPEUR,mean_reversion,attempt,MAX_POSITION
2025-12-05T12:28:52.041Z,OPUSD,mean_reversion,attempt,
2025-12-05T12:28:52.369Z,OPUSD,mean_reversion,attempt,MAX_POSITION
2025-12-05T12:28:53.115Z,PROVEEUR,mean_reversion,attempt,
2025-12-05T12:28:53.441Z,PROVEEUR,mean_reversion,attempt,MAX_POSITION
2025-12-05T12:28:54.559Z,RUNEEUR,mean_reversion,attempt,
2025-12-05T12:28:54.891Z,RUNEEUR,mean_reversion,attempt,MAX_POSITION
2025-12-05T12:28:56.261Z,RUNEUSD,mean_reversion,attempt,
2025-12-05T12:28:56.587Z,RUNEUSD,mean_reversion,attempt,MAX_POSITION
2025-12-05T12:28:57.135Z,SOL/USD,vwap_pullback,attempt,
2025-12-05T12:28:57.303Z,SOSOUSD,mean_reversion,attempt,
2025-12-05T12:28:57.634Z,SOSOUSD,mean_reversion,attempt,MAX_POSITION
2025-12-05T12:28:57.666Z,SOL/USD,vwap_pullback,attempt,MAX_TOTAL_EXPOSURE
2025-12-05T12:28:58.629Z,TONEUR,mean_reversion,attempt,
2025-12-05T12:28:58.962Z,TONEUR,mean_reversion,attempt,MAX_POSITION
2025-12-05T12:28:59.966Z,TONUSD,mean_reversion,attempt,
2025-12-05T12:29:00.299Z,TONUSD,mean_reversion,attempt,MAX_POSITION
2025-12-05T12:29:01.172Z,TRUMPUSD,mean_reversion,attempt,
2025-12-05T12:29:01.511Z,TRUMPUSD,mean_reversion,attempt,MAX_POSITION
2025-12-05T12:29:01.611Z,ADAAUD,mean_reversion,attempt,
2025-12-05T12:29:01.944Z,ADAAUD,mean_reversion,attempt,MAX_POSITION
2025-12-05T12:29:02.063Z,ICP/USD,vwap_pullback,attempt,
2025-12-05T12:29:02.228Z,TRXUSD,vwap_pullback,attempt,
2025-12-05T12:29:02.424Z,TRXUSD,vwap_pullback,attempt,POSITION_LIMIT
2025-12-05T12:29:02.588Z,ICP/USD,vwap_pullback,attempt,MAX_TOTAL_EXPOSURE
2025-12-05T12:29:02.979Z,AKTEUR,mean_reversion,attempt,
2025-12-05T12:29:03.575Z,AKTEUR,mean_reversion,attempt,MAX_POSITION
2025-12-05T12:29:03.588Z,USDCHF,vwap_pullback,attempt,
2025-12-05T12:29:03.914Z,USDCHF,vwap_pullback,attempt,MAX_POSITION
2025-12-05T12:29:04.774Z,AUDUSD,vwap_pullback,attempt,
2025-12-05T12:29:04.825Z,XXRPZCAD,mean_reversion,attempt,
2025-12-05T12:29:05.108Z,AUDUSD,vwap_pullback,attempt,MAX_POSITION
2025-12-05T12:29:05.154Z,XXRPZCAD,mean_reversion,attempt,MAX_POSITION
2025-12-05T12:29:05.250Z,BAT/USD,vwap_pullback,attempt,
2025-12-05T12:29:05.376Z,AUDUSD,sma_trend_ride,attempt,
2025-12-05T12:29:05.703Z,AUDUSD,sma_trend_ride,attempt,MAX_POSITION
2025-12-05T12:29:05.778Z,BAT/USD,vwap_pullback,attempt,MAX_TOTAL_EXPOSURE
2025-12-05T12:29:06.301Z,XXRPZEUR,mean_reversion,attempt,
2025-12-05T12:29:06.482Z,CAKEUSD,mean_reversion,attempt,
2025-12-05T12:29:06.722Z,XXRPZEUR,mean_reversion,attempt,MAX_POSITION
2025-12-05T12:29:06.815Z,CAKEUSD,mean_reversion,attempt,MAX_POSITION
2025-12-05T12:29:07.169Z,CRV/USD,vwap_pullback,attempt,
2025-12-05T12:29:07.510Z,CVXUSD,mean_reversion,attempt,
2025-12-05T12:29:07.614Z,XRPGBP,mean_reversion,attempt,
2025-12-05T12:29:07.693Z,CRV/USD,vwap_pullback,attempt,MAX_TOTAL_EXPOSURE
2025-12-05T12:29:07.874Z,CVXUSD,mean_reversion,attempt,MAX_POSITION
2025-12-05T12:29:07.944Z,XRPGBP,mean_reversion,attempt,MAX_POSITION
2025-12-05T12:29:08.683Z,XRPRLUSD,mean_reversion,attempt,
2025-12-05T12:29:08.906Z,DOTEUR,mean_reversion,attempt,
2025-12-05T12:29:09.011Z,XRPRLUSD,mean_reversion,attempt,MAX_POSITION
2025-12-05T12:29:09.230Z,DOTEUR,mean_reversion,attempt,MAX_POSITION
2025-12-05T12:29:09.742Z,XRPUSDT,mean_reversion,attempt,
2025-12-05T12:29:09.808Z,SUI/EUR,vwap_pullback,attempt,
2025-12-05T12:29:09.936Z,DOTGBP,mean_reversion,attempt,
2025-12-05T12:29:10.086Z,XRPUSDT,mean_reversion,attempt,MAX_POSITION
2025-12-05T12:29:10.264Z,DOTGBP,mean_reversion,attempt,MAX_POSITION
2025-12-05T12:29:10.338Z,SUI/EUR,vwap_pullback,attempt,MAX_TOTAL_EXPOSURE
2025-12-05T12:29:11.064Z,XTZEUR,mean_reversion,attempt,
2025-12-05T12:29:11.208Z,DOTUSDC,mean_reversion,attempt,
2025-12-05T12:29:11.397Z,XTZEUR,mean_reversion,attempt,MAX_POSITION
2025-12-05T12:29:11.536Z,DOTUSDC,mean_reversion,attempt,MAX_POSITION
2025-12-05T12:29:11.781Z,ADAAUD,mean_reversion,attempt,
2025-12-05T12:29:12.005Z,ADA/USD,vwap_pullback,attempt,
2025-12-05T12:29:12.105Z,ADAAUD,mean_reversion,attempt,MAX_POSITION
2025-12-05T12:29:12.222Z,DOTUSDT,mean_reversion,attempt,
2025-12-05T12:29:12.527Z,ADA/USD,vwap_pullback,attempt,MAX_TOTAL_EXPOSURE
2025-12-05T12:29:12.546Z,DOTUSDT,mean_reversion,attempt,MAX_POSITION
2025-12-05T12:29:12.601Z,XTZUSD,mean_reversion,attempt,
2025-12-05T12:29:12.932Z,XTZUSD,mean_reversion,attempt,MAX_POSITION
2025-12-05T12:29:13.046Z,AKTEUR,mean_reversion,attempt,
2025-12-05T12:29:13.331Z,XETCZUSD,mean_reversion,attempt,
2025-12-05T12:29:13.372Z,AKTEUR,mean_reversion,attempt,MAX_POSITION
2025-12-05T12:29:13.655Z,XETCZUSD,mean_reversion,attempt,MAX_POSITION
2025-12-05T12:29:14.317Z,AUDUSD,vwap_pullback,attempt,
2025-12-05T12:29:14.643Z,AUDUSD,vwap_pullback,attempt,MAX_POSITION
2025-12-05T12:29:14.846Z,ETHFIEUR,mean_reversion,attempt,
2025-12-05T12:29:14.912Z,AUDUSD,sma_trend_ride,attempt,
2025-12-05T12:29:15.184Z,ETHFIEUR,mean_reversion,attempt,MAX_POSITION
2025-12-05T12:29:15.248Z,AUDUSD,sma_trend_ride,attempt,MAX_POSITION
2025-12-05T12:29:15.924Z,EULEUR,mean_reversion,attempt,
2025-12-05T12:29:16.246Z,EULEUR,mean_reversion,attempt,MAX_POSITION
2025-12-05T12:29:16.300Z,EURC/USDC,vwap_pullback,attempt,
2025-12-05T12:29:16.435Z,CAKEUSD,mean_reversion,attempt,
2025-12-05T12:29:16.771Z,CAKEUSD,mean_reversion,attempt,MAX_POSITION
2025-12-05T12:29:16.819Z,EURC/USDC,vwap_pullback,attempt,MAX_TOTAL_EXPOSURE
2025-12-05T12:29:17.682Z,CVXUSD,mean_reversion,attempt,
2025-12-05T12:29:17.910Z,EWTUSD,mean_reversion,attempt,
2025-12-05T12:29:18.045Z,CVXUSD,mean_reversion,attempt,MAX_POSITION
2025-12-05T12:29:18.505Z,EWTUSD,mean_reversion,attempt,MAX_POSITION
2025-12-05T12:29:18.585Z,DOTEUR,mean_reversion,attempt,
2025-12-05T12:29:18.909Z,DOTEUR,mean_reversion,attempt,MAX_POSITION
2025-12-05T12:29:19.196Z,FORTHUSD,mean_reversion,attempt,
2025-12-05T12:29:19.521Z,FORTHUSD,mean_reversion,attempt,MAX_POSITION
2025-12-05T12:29:20.132Z,DOTGBP,mean_reversion,attempt,
2025-12-05T12:29:20.448Z,FXSUSD,mean_reversion,attempt,
2025-12-05T12:29:20.455Z,DOTGBP,mean_reversion,attempt,MAX_POSITION
2025-12-05T12:29:20.774Z,FXSUSD,mean_reversion,attempt,MAX_POSITION
2025-12-05T12:29:21.665Z,DOTUSDC,mean_reversion,attempt,
2025-12-05T12:29:21.787Z,KSMUSD,mean_reversion,attempt,
2025-12-05T12:29:21.990Z,DOTUSDC,mean_reversion,attempt,MAX_POSITION
2025-12-05T12:29:22.117Z,KSMUSD,mean_reversion,attempt,MAX_POSITION
2025-12-05T12:29:22.764Z,LINKEUR,vwap_pullback,attempt,
2025-12-05T12:29:22.980Z,DOTUSDT,mean_reversion,attempt,
2025-12-05T12:29:23.094Z,LINKEUR,vwap_pullback,attempt,MAX_POSITION
2025-12-05T12:29:23.323Z,DOTUSDT,mean_reversion,attempt,MAX_POSITION
2025-12-05T12:29:24.030Z,LINKUSD,vwap_pullback,attempt,
2025-12-05T12:29:24.327Z,XETCZUSD,mean_reversion,attempt,
2025-12-05T12:29:24.354Z,LINKUSD,vwap_pullback,attempt,MAX_POSITION
2025-12-05T12:29:24.652Z,XETCZUSD,mean_reversion,attempt,MAX_POSITION
2025-12-05T12:29:24.677Z,SOL/USD,vwap_pullback,attempt,
2025-12-05T12:29:24.979Z,LINKUSDC,vwap_pullback,attempt,
2025-12-05T12:29:25.207Z,SOL/USD,vwap_pullback,attempt,MAX_TOTAL_EXPOSURE
2025-12-05T12:29:25.312Z,LINKUSDC,vwap_pullback,attempt,MAX_POSITION
2025-12-05T12:29:25.839Z,ETHFIEUR,mean_reversion,attempt,
2025-12-05T12:29:26.163Z,ETHFIEUR,mean_reversion,attempt,MAX_POSITION
2025-12-05T12:29:26.247Z,LINKUSDT,vwap_pullback,attempt,
2025-12-05T12:29:26.586Z,LINKUSDT,vwap_pullback,attempt,MAX_POSITION
2025-12-05T12:29:26.817Z,EULEUR,mean_reversion,attempt,
2025-12-05T12:29:27.149Z,EULEUR,mean_reversion,attempt,MAX_POSITION
2025-12-05T12:29:27.272Z,XLTCZEUR,mean_reversion,attempt,
2025-12-05T12:29:27.600Z,XLTCZEUR,mean_reversion,attempt,MAX_POSITION
2025-12-05T12:29:28.636Z,EWTUSD,mean_reversion,attempt,
2025-12-05T12:29:28.644Z,XLTCZUSD,mean_reversion,attempt,
2025-12-05T12:29:28.958Z,EWTUSD,mean_reversion,attempt,MAX_POSITION
2025-12-05T12:29:28.971Z,XLTCZUSD,mean_reversion,attempt,MAX_POSITION
2025-12-05T12:29:29.642Z,FORTHUSD,mean_reversion,attempt,
2025-12-05T12:29:29.768Z,ICP/USD,vwap_pullback,attempt,
2025-12-05T12:29:29.979Z,FORTHUSD,mean_reversion,attempt,MAX_POSITION
2025-12-05T12:29:30.181Z,MASKEUR,mean_reversion,attempt,
2025-12-05T12:29:30.293Z,ICP/USD,vwap_pullback,attempt,MAX_TOTAL_EXPOSURE
2025-12-05T12:29:30.511Z,MASKEUR,mean_reversion,attempt,MAX_POSITION
2025-12-05T12:29:31.174Z,FXSUSD,mean_reversion,attempt,
2025-12-05T12:29:31.509Z,FXSUSD,mean_reversion,attempt,MAX_POSITION
2025-12-05T12:29:31.908Z,MEUSD,mean_reversion,attempt,
2025-12-05T12:29:32.235Z,MEUSD,mean_reversion,attempt,MAX_POSITION
2025-12-05T12:29:32.446Z,KSMUSD,mean_reversion,attempt,
2025-12-05T12:29:32.789Z,KSMUSD,mean_reversion,attempt,MAX_POSITION
2025-12-05T12:29:33.530Z,LINKEUR,vwap_pullback,attempt,
2025-12-05T12:29:33.841Z,NANOEUR,mean_reversion,attempt,
2025-12-05T12:29:33.856Z,LINKEUR,vwap_pullback,attempt,MAX_POSITION
2025-12-05T12:29:34.167Z,NANOEUR,mean_reversion,attempt,MAX_POSITION
2025-12-05T12:29:34.598Z,LINKUSD,vwap_pullback,attempt,
2025-12-05T12:29:34.924Z,LINKUSD,vwap_pullback,attempt,MAX_POSITION
2025-12-05T12:29:35.132Z,NANOUSD,mean_reversion,attempt,
2025-12-05T12:29:35.459Z,NANOUSD,mean_reversion,attempt,MAX_POSITION
2025-12-05T12:29:36.127Z,NOSUSD,mean_reversion,attempt,
2025-12-05T12:29:36.315Z,LINKUSDC,vwap_pullback,attempt,
2025-12-05T12:29:36.448Z,NOSUSD,mean_reversion,attempt,MAX_POSITION
2025-12-05T12:29:36.640Z,LINKUSDC,vwap_pullback,attempt,MAX_POSITION
2025-12-05T12:29:37.130Z,WLD/USD,vwap_pullback,attempt,
2025-12-05T12:29:37.442Z,OPEUR,mean_reversion,attempt,
2025-12-05T12:29:37.576Z,LINKUSDT,vwap_pullback,attempt,
2025-12-05T12:29:37.643Z,WLD/USD,vwap_pullback,attempt,MAX_TOTAL_EXPOSURE
2025-12-05T12:29:37.780Z,OPEUR,mean_reversion,attempt,MAX_POSITION
2025-12-05T12:29:37.926Z,LINKUSDT,vwap_pullback,attempt,MAX_POSITION
2025-12-05T12:29:38.754Z,OPUSD,mean_reversion,attempt,
2025-12-05T12:29:39.086Z,OPUSD,mean_reversion,attempt,MAX_POSITION
2025-12-05T12:29:39.185Z,XLTCZEUR,mean_reversion,attempt,
2025-12-05T12:29:39.509Z,XLTCZEUR,mean_reversion,attempt,MAX_POSITION
2025-12-05T12:29:39.784Z,PROVEEUR,mean_reversion,attempt,
2025-12-05T12:29:40.121Z,PROVEEUR,mean_reversion,attempt,MAX_POSITION
2025-12-05T12:29:40.444Z,XLTCZUSD,mean_reversion,attempt,
2025-12-05T12:29:40.767Z,XLTCZUSD,mean_reversion,attempt,MAX_POSITION
2025-12-05T12:29:40.787Z,RUNEEUR,mean_reversion,attempt,
2025-12-05T12:29:41.111Z,RUNEEUR,mean_reversion,attempt,MAX_POSITION
2025-12-05T12:29:41.539Z,CRV/USD,vwap_pullback,attempt,
2025-12-05T12:29:41.691Z,MASKEUR,mean_reversion,attempt,
2025-12-05T12:29:42.018Z,MASKEUR,mean_reversion,attempt,MAX_POSITION
2025-12-05T12:29:42.073Z,CRV/USD,vwap_pullback,attempt,MAX_TOTAL_EXPOSURE
2025-12-05T12:29:42.306Z,RUNEUSD,mean_reversion,attempt,
2025-12-05T12:29:42.638Z,RUNEUSD,mean_reversion,attempt,MAX_POSITION
2025-12-05T12:29:42.925Z,MEUSD,mean_reversion,attempt,
2025-12-05T12:29:43.248Z,MEUSD,mean_reversion,attempt,MAX_POSITION
2025-12-05T12:29:43.702Z,SUI/EUR,vwap_pullback,attempt,
2025-12-05T12:29:43.772Z,SOSOUSD,mean_reversion,attempt,
2025-12-05T12:29:44.104Z,SOSOUSD,mean_reversion,attempt,MAX_POSITION
2025-12-05T12:29:44.233Z,SUI/EUR,vwap_pullback,attempt,MAX_TOTAL_EXPOSURE
2025-12-05T12:29:44.785Z,TONEUR,mean_reversion,attempt,
2025-12-05T12:29:45.110Z,TONEUR,mean_reversion,attempt,MAX_POSITION
2025-12-05T12:29:45.319Z,ADA/USD,vwap_pullback,attempt,
2025-12-05T12:29:45.760Z,TONUSD,mean_reversion,attempt,
2025-12-05T12:29:45.761Z,NANOEUR,mean_reversion,attempt,
2025-12-05T12:29:45.839Z,ADA/USD,vwap_pullback,attempt,MAX_TOTAL_EXPOSURE
2025-12-05T12:29:46.084Z,NANOEUR,mean_reversion,attempt,MAX_POSITION
2025-12-05T12:29:46.090Z,TONUSD,mean_reversion,attempt,MAX_POSITION
2025-12-05T12:29:46.875Z,TRUMPUSD,mean_reversion,attempt,
2025-12-05T12:29:47.207Z,TRUMPUSD,mean_reversion,attempt,MAX_POSITION
2025-12-05T12:29:47.297Z,NANOUSD,mean_reversion,attempt,
2025-12-05T12:29:47.656Z,NANOUSD,mean_reversion,attempt,MAX_POSITION
2025-12-05T12:29:48.106Z,TRXUSD,vwap_pullback,attempt,
2025-12-05T12:29:48.523Z,TRXUSD,vwap_pullback,attempt,POSITION_LIMIT
2025-12-05T12:29:48.586Z,NOSUSD,mean_reversion,attempt,
2025-12-05T12:29:48.917Z,NOSUSD,mean_reversion,attempt,MAX_POSITION
2025-12-05T12:29:49.301Z,EURC/USDC,vwap_pullback,attempt,
2025-12-05T12:29:49.483Z,USDCHF,vwap_pullback,attempt,
2025-12-05T12:29:49.787Z,OPEUR,mean_reversion,attempt,
2025-12-05T12:29:49.816Z,USDCHF,vwap_pullback,attempt,MAX_POSITION
2025-12-05T12:29:49.829Z,EURC/USDC,vwap_pullback,attempt,MAX_TOTAL_EXPOSURE
2025-12-05T12:29:50.114Z,OPEUR,mean_reversion,attempt,MAX_POSITION
2025-12-05T12:29:50.298Z,XXRPZCAD,mean_reversion,attempt,
2025-12-05T12:29:50.631Z,XXRPZCAD,mean_reversion,attempt,MAX_POSITION
2025-12-05T12:29:50.832Z,OPUSD,mean_reversion,attempt,
2025-12-05T12:29:51.157Z,OPUSD,mean_reversion,attempt,MAX_POSITION
2025-12-05T12:29:51.264Z,XXRPZEUR,mean_reversion,attempt,
2025-12-05T12:29:51.630Z,XXRPZEUR,mean_reversion,attempt,MAX_POSITION
2025-12-05T12:29:52.094Z,PROVEEUR,mean_reversion,attempt,
2025-12-05T12:29:52.422Z,PROVEEUR,mean_reversion,attempt,MAX_POSITION
2025-12-05T12:29:53.266Z,XRPGBP,mean_reversion,attempt,
2025-12-05T12:29:53.431Z,RUNEEUR,mean_reversion,attempt,
2025-12-05T12:29:53.591Z,XRPGBP,mean_reversion,attempt,MAX_POSITION
2025-12-05T12:29:53.765Z,RUNEEUR,mean_reversion,attempt,MAX_POSITION
2025-12-05T12:29:54.475Z,XRPRLUSD,mean_reversion,attempt,
2025-12-05T12:29:54.759Z,RUNEUSD,mean_reversion,attempt,
2025-12-05T12:29:54.801Z,XRPRLUSD,mean_reversion,attempt,MAX_POSITION
2025-12-05T12:29:55.094Z,RUNEUSD,mean_reversion,attempt,MAX_POSITION
2025-12-05T12:29:55.710Z,XRPUSDT,mean_reversion,attempt,
2025-12-05T12:29:56.033Z,XRPUSDT,mean_reversion,attempt,MAX_POSITION
2025-12-05T12:29:56.528Z,SOSOUSD,mean_reversion,attempt,
2025-12-05T12:29:56.740Z,XTZEUR,mean_reversion,attempt,
2025-12-05T12:29:56.851Z,SOSOUSD,mean_reversion,attempt,MAX_POSITION
2025-12-05T12:29:57.065Z,XTZEUR,mean_reversion,attempt,MAX_POSITION
2025-12-05T12:29:58.059Z,XTZUSD,mean_reversion,attempt,
2025-12-05T12:29:58.098Z,TONEUR,mean_reversion,attempt,
2025-12-05T12:29:58.390Z,XTZUSD,mean_reversion,attempt,MAX_POSITION
2025-12-05T12:29:58.422Z,TONEUR,mean_reversion,attempt,MAX_POSITION
2025-12-05T12:29:58.906Z,SOL/USD,vwap_pullback,attempt,
2025-12-05T12:29:59.113Z,TONUSD,mean_reversion,attempt,
2025-12-05T12:29:59.262Z,ADAAUD,mean_reversion,attempt,
2025-12-05T12:29:59.552Z,TONUSD,mean_reversion,attempt,MAX_POSITION
2025-12-05T12:29:59.597Z,ADAAUD,mean_reversion,attempt,MAX_POSITION
2025-12-05T12:29:59.708Z,SOL/USD,vwap_pullback,attempt,MAX_TOTAL_EXPOSURE
2025-12-05T12:30:00.717Z,AKTEUR,mean_reversion,attempt,
2025-12-05T12:30:00.815Z,TRUMPUSD,mean_reversion,attempt,
2025-12-05T12:30:01.048Z,AKTEUR,mean_reversion,attempt,MAX_POSITION
2025-12-05T12:30:01.144Z,TRUMPUSD,mean_reversion,attempt,MAX_POSITION
2025-12-05T12:30:01.727Z,AUDUSD,vwap_pullback,attempt,
2025-12-05T12:30:02.098Z,TRXUSD,vwap_pullback,attempt,
2025-12-05T12:30:02.142Z,AUDUSD,vwap_pullback,attempt,MAX_POSITION
2025-12-05T12:30:02.293Z,TRXUSD,vwap_pullback,attempt,POSITION_LIMIT
2025-12-05T12:30:02.407Z,AUDUSD,sma_trend_ride,attempt,
2025-12-05T12:30:02.733Z,AUDUSD,sma_trend_ride,attempt,MAX_POSITION
2025-12-05T12:30:03.534Z,USDCHF,vwap_pullback,attempt,
2025-12-05T12:30:03.599Z,CAKEUSD,mean_reversion,attempt,
2025-12-05T12:30:03.860Z,USDCHF,vwap_pullback,attempt,MAX_POSITION
2025-12-05T12:30:03.931Z,CAKEUSD,mean_reversion,attempt,MAX_POSITION
2025-12-05T12:30:04.650Z,ICP/USD,vwap_pullback,attempt,
2025-12-05T12:30:04.853Z,CVXUSD,mean_reversion,attempt,
2025-12-05T12:30:05.171Z,ICP/USD,vwap_pullback,attempt,MAX_TOTAL_EXPOSURE
2025-12-05T12:30:05.177Z,CVXUSD,mean_reversion,attempt,MAX_POSITION
2025-12-05T12:30:05.933Z,XXRPZCAD,mean_reversion,attempt,
2025-12-05T12:30:06.065Z,DOTEUR,mean_reversion,attempt,
2025-12-05T12:30:06.256Z,XXRPZCAD,mean_reversion,attempt,MAX_POSITION
2025-12-05T12:30:06.409Z,DOTEUR,mean_reversion,attempt,MAX_POSITION
2025-12-05T12:30:06.923Z,XXRPZEUR,mean_reversion,attempt,
2025-12-05T12:30:07.251Z,XXRPZEUR,mean_reversion,attempt,MAX_POSITION
2025-12-05T12:30:07.349Z,DOTGBP,mean_reversion,attempt,
2025-12-05T12:30:07.674Z,DOTGBP,mean_reversion,attempt,MAX_POSITION
2025-12-05T12:30:07.947Z,XRPGBP,mean_reversion,attempt,
2025-12-05T12:30:08.279Z,XRPGBP,mean_reversion,attempt,MAX_POSITION
2025-12-05T12:30:08.601Z,DOTUSDC,mean_reversion,attempt,
2025-12-05T12:30:08.938Z,DOTUSDC,mean_reversion,attempt,MAX_POSITION
2025-12-05T12:30:09.363Z,XRPRLUSD,mean_reversion,attempt,
2025-12-05T12:30:09.687Z,XRPRLUSD,mean_reversion,attempt,MAX_POSITION
2025-12-05T12:30:09.921Z,DOTUSDT,mean_reversion,attempt,
2025-12-05T12:30:10.264Z,DOTUSDT,mean_reversion,attempt,MAX_POSITION
2025-12-05T12:30:10.396Z,XRPUSDT,mean_reversion,attempt,
2025-12-05T12:30:10.728Z,XRPUSDT,mean_reversion,attempt,MAX_POSITION
2025-12-05T12:30:11.274Z,XETCZUSD,mean_reversion,attempt,
2025-12-05T12:30:11.602Z,XETCZUSD,mean_reversion,attempt,MAX_POSITION
2025-12-05T12:30:11.897Z,XTZEUR,mean_reversion,attempt,
2025-12-05T12:30:12.003Z,ADAAUD,mean_reversion,attempt,
2025-12-05T12:30:12.230Z,XTZEUR,mean_reversion,attempt,MAX_POSITION
2025-12-05T12:30:12.351Z,ADAAUD,mean_reversion,attempt,MAX_POSITION
2025-12-05T12:30:12.369Z,ETHFIEUR,mean_reversion,attempt,
2025-12-05T12:30:12.701Z,ETHFIEUR,mean_reversion,attempt,MAX_POSITION
2025-12-05T12:30:12.912Z,WLD/USD,vwap_pullback,attempt,
2025-12-05T12:30:13.060Z,XTZUSD,mean_reversion,attempt,
2025-12-05T12:30:13.278Z,AKTEUR,mean_reversion,attempt,
2025-12-05T12:30:13.401Z,XTZUSD,mean_reversion,attempt,MAX_POSITION
2025-12-05T12:30:13.442Z,WLD/USD,vwap_pullback,attempt,MAX_TOTAL_EXPOSURE
2025-12-05T12:30:13.610Z,AKTEUR,mean_reversion,attempt,MAX_POSITION
2025-12-05T12:30:13.626Z,EULEUR,mean_reversion,attempt,
2025-12-05T12:30:13.955Z,EULEUR,mean_reversion,attempt,MAX_POSITION
2025-12-05T12:30:14.566Z,AUDUSD,vwap_pullback,attempt,
2025-12-05T12:30:14.893Z,AUDUSD,vwap_pullback,attempt,MAX_POSITION
2025-12-05T12:30:15.148Z,GOMINING/USD,vwap_bounce,attempt,
2025-12-05T12:30:15.155Z,AUDUSD,sma_trend_ride,attempt,
2025-12-05T12:30:15.495Z,AUDUSD,sma_trend_ride,attempt,MAX_POSITION
2025-12-05T12:30:15.607Z,EWTUSD,mean_reversion,attempt,
2025-12-05T12:30:15.683Z,GOMINING/USD,vwap_bounce,attempt,MAX_TOTAL_EXPOSURE
2025-12-05T12:30:15.946Z,EWTUSD,mean_reversion,attempt,MAX_POSITION
2025-12-05T12:30:16.391Z,CAKEUSD,mean_reversion,attempt,
2025-12-05T12:30:16.734Z,CAKEUSD,mean_reversion,attempt,MAX_POSITION
2025-12-05T12:30:16.985Z,FORTHUSD,mean_reversion,attempt,
2025-12-05T12:30:17.346Z,FORTHUSD,mean_reversion,attempt,MAX_POSITION
2025-12-05T12:30:17.666Z,CVXUSD,mean_reversion,attempt,
2025-12-05T12:30:17.994Z,CVXUSD,mean_reversion,attempt,MAX_POSITION
2025-12-05T12:30:18.524Z,DOTEUR,mean_reversion,attempt,
2025-12-05T12:30:18.533Z,FXSUSD,mean_reversion,attempt,
2025-12-05T12:30:18.864Z,DOTEUR,mean_reversion,attempt,MAX_POSITION
2025-12-05T12:30:18.866Z,FXSUSD,mean_reversion,attempt,MAX_POSITION
2025-12-05T12:30:19.558Z,KSMUSD,mean_reversion,attempt,
2025-12-05T12:30:19.793Z,DOTGBP,mean_reversion,attempt,
2025-12-05T12:30:19.889Z,KSMUSD,mean_reversion,attempt,MAX_POSITION
2025-12-05T12:30:20.117Z,DOTGBP,mean_reversion,attempt,MAX_POSITION
2025-12-05T12:30:20.521Z,LINKEUR,vwap_pullback,attempt,
2025-12-05T12:30:20.854Z,LINKEUR,vwap_pullback,attempt,MAX_POSITION
2025-12-05T12:30:21.067Z,DOTUSDC,mean_reversion,attempt,
2025-12-05T12:30:21.406Z,DOTUSDC,mean_reversion,attempt,MAX_POSITION
2025-12-05T12:30:21.783Z,LINKUSD,vwap_pullback,attempt,
2025-12-05T12:30:22.116Z,LINKUSD,vwap_pullback,attempt,MAX_POSITION
2025-12-05T12:30:22.302Z,ADA/USD,vwap_pullback,attempt,
2025-12-05T12:30:22.455Z,DOTUSDT,mean_reversion,attempt,
2025-12-05T12:30:22.782Z,DOTUSDT,mean_reversion,attempt,MAX_POSITION
2025-12-05T12:30:22.828Z,ADA/USD,vwap_pullback,attempt,MAX_TOTAL_EXPOSURE
2025-12-05T12:30:22.932Z,LINKUSDC,vwap_pullback,attempt,
2025-12-05T12:30:23.263Z,LINKUSDC,vwap_pullback,attempt,MAX_POSITION
2025-12-05T12:30:23.679Z,XETCZUSD,mean_reversion,attempt,
2025-12-05T12:30:24.015Z,XETCZUSD,mean_reversion,attempt,MAX_POSITION
2025-12-05T12:30:24.466Z,LINKUSDT,vwap_pullback,attempt,
2025-12-05T12:30:24.790Z,LINKUSDT,vwap_pullback,attempt,MAX_POSITION
2025-12-05T12:30:25.200Z,ETHFIEUR,mean_reversion,attempt,
2025-12-05T12:30:25.412Z,XLTCZEUR,mean_reversion,attempt,
2025-12-05T12:30:25.530Z,ETHFIEUR,mean_reversion,attempt,MAX_POSITION
2025-12-05T12:30:25.754Z,XLTCZEUR,mean_reversion,attempt,MAX_POSITION
2025-12-05T12:30:26.382Z,EURC/USDC,vwap_pullback,attempt,
2025-12-05T12:30:26.457Z,EULEUR,mean_reversion,attempt,
2025-12-05T12:30:26.788Z,EULEUR,mean_reversion,attempt,MAX_POSITION
2025-12-05T12:30:26.902Z,EURC/USDC,vwap_pullback,attempt,MAX_TOTAL_EXPOSURE
2025-12-05T12:30:27.753Z,XLTCZUSD,mean_reversion,attempt,
2025-12-05T12:30:27.881Z,EWTUSD,mean_reversion,attempt,
2025-12-05T12:30:28.075Z,XLTCZUSD,mean_reversion,attempt,MAX_POSITION
2025-12-05T12:30:28.210Z,EWTUSD,mean_reversion,attempt,MAX_POSITION
2025-12-05T12:30:28.963Z,FORTHUSD,mean_reversion,attempt,
2025-12-05T12:30:29.267Z,MASKEUR,mean_reversion,attempt,
2025-12-05T12:30:29.296Z,FORTHUSD,mean_reversion,attempt,MAX_POSITION
2025-12-05T12:30:29.597Z,MASKEUR,mean_reversion,attempt,MAX_POSITION
2025-12-05T12:30:30.233Z,FXSUSD,mean_reversion,attempt,
2025-12-05T12:30:30.564Z,FXSUSD,mean_reversion,attempt,MAX_POSITION
2025-12-05T12:30:30.670Z,MEUSD,mean_reversion,attempt,
2025-12-05T12:30:31.002Z,MEUSD,mean_reversion,attempt,MAX_POSITION
2025-12-05T12:30:31.181Z,KSMUSD,mean_reversion,attempt,
2025-12-05T12:30:31.511Z,KSMUSD,mean_reversion,attempt,MAX_POSITION
2025-12-05T12:30:32.141Z,NANOEUR,mean_reversion,attempt,
2025-12-05T12:30:32.471Z,NANOEUR,mean_reversion,attempt,MAX_POSITION
2025-12-05T12:30:32.669Z,LINKEUR,vwap_pullback,attempt,
2025-12-05T12:30:33.000Z,LINKEUR,vwap_pullback,attempt,MAX_POSITION
2025-12-05T12:30:33.540Z,NANOUSD,mean_reversion,attempt,
2025-12-05T12:30:33.887Z,NANOUSD,mean_reversion,attempt,MAX_POSITION
2025-12-05T12:30:34.028Z,LINKUSD,vwap_pullback,attempt,
2025-12-05T12:30:34.399Z,LINKUSD,vwap_pullback,attempt,MAX_POSITION
2025-12-05T12:30:34.762Z,SOL/USD,vwap_pullback,attempt,
2025-12-05T12:30:35.145Z,NOSUSD,mean_reversion,attempt,
2025-12-05T12:30:35.303Z,SOL/USD,vwap_pullback,attempt,MAX_TOTAL_EXPOSURE
2025-12-05T12:30:35.389Z,LINKUSDC,vwap_pullback,attempt,
2025-12-05T12:30:35.500Z,NOSUSD,mean_reversion,attempt,MAX_POSITION
2025-12-05T12:30:35.717Z,LINKUSDC,vwap_pullback,attempt,MAX_POSITION
2025-12-05T12:30:36.469Z,OPEUR,mean_reversion,attempt,
2025-12-05T12:30:36.798Z,OPEUR,mean_reversion,attempt,MAX_POSITION
2025-12-05T12:30:37.222Z,LINKUSDT,vwap_pullback,attempt,
2025-12-05T12:30:37.549Z,LINKUSDT,vwap_pullback,attempt,MAX_POSITION
2025-12-05T12:30:38.043Z,OPUSD,mean_reversion,attempt,
2025-12-05T12:30:38.372Z,OPUSD,mean_reversion,attempt,MAX_POSITION
2025-12-05T12:30:38.542Z,XLTCZEUR,mean_reversion,attempt,
2025-12-05T12:30:38.869Z,XLTCZEUR,mean_reversion,attempt,MAX_POSITION
2025-12-05T12:30:39.368Z,PROVEEUR,mean_reversion,attempt,
2025-12-05T12:30:39.568Z,XLTCZUSD,mean_reversion,attempt,
2025-12-05T12:30:39.700Z,PROVEEUR,mean_reversion,attempt,MAX_POSITION
2025-12-05T12:30:39.819Z,ICP/USD,vwap_pullback,attempt,
2025-12-05T12:30:39.892Z,XLTCZUSD,mean_reversion,attempt,MAX_POSITION
2025-12-05T12:30:40.352Z,ICP/USD,vwap_pullback,attempt,MAX_TOTAL_EXPOSURE
2025-12-05T12:30:40.537Z,MASKEUR,mean_reversion,attempt,
2025-12-05T12:30:40.863Z,MASKEUR,mean_reversion,attempt,MAX_POSITION
2025-12-05T12:30:40.889Z,RUNEEUR,mean_reversion,attempt,
2025-12-05T12:30:41.216Z,RUNEEUR,mean_reversion,attempt,MAX_POSITION
2025-12-05T12:30:42.096Z,RUNEUSD,mean_reversion,attempt,
2025-12-05T12:30:42.184Z,MEUSD,mean_reversion,attempt,
2025-12-05T12:30:42.422Z,RUNEUSD,mean_reversion,attempt,MAX_POSITION
2025-12-05T12:30:42.507Z,MEUSD,mean_reversion,attempt,MAX_POSITION
2025-12-05T12:30:43.077Z,SOSOUSD,mean_reversion,attempt,
2025-12-05T12:30:43.411Z,SOSOUSD,mean_reversion,attempt,MAX_POSITION
2025-12-05T12:30:44.072Z,NANOEUR,mean_reversion,attempt,
2025-12-05T12:30:44.399Z,NANOEUR,mean_reversion,attempt,MAX_POSITION
2025-12-05T12:30:44.448Z,TONEUR,mean_reversion,attempt,
2025-12-05T12:30:44.773Z,TONEUR,mean_reversion,attempt,MAX_POSITION
2025-12-05T12:30:45.656Z,NANOUSD,mean_reversion,attempt,
2025-12-05T12:30:45.724Z,TONUSD,mean_reversion,attempt,
2025-12-05T12:30:45.989Z,NANOUSD,mean_reversion,attempt,MAX_POSITION
2025-12-05T12:30:46.056Z,TONUSD,mean_reversion,attempt,MAX_POSITION
2025-12-05T12:30:46.690Z,NOSUSD,mean_reversion,attempt,
2025-12-05T12:30:47.021Z,NOSUSD,mean_reversion,attempt,MAX_POSITION
2025-12-05T12:30:47.024Z,TRUMPUSD,mean_reversion,attempt,
2025-12-05T12:30:47.365Z,TRUMPUSD,mean_reversion,attempt,MAX_POSITION
2025-12-05T12:30:47.759Z,OPEUR,mean_reversion,attempt,
2025-12-05T12:30:48.089Z,OPEUR,mean_reversion,attempt,MAX_POSITION
2025-12-05T12:30:48.836Z,TRXUSD,vwap_pullback,attempt,
2025-12-05T12:30:49.028Z,OPUSD,mean_reversion,attempt,
2025-12-05T12:30:49.036Z,TRXUSD,vwap_pullback,attempt,POSITION_LIMIT
2025-12-05T12:30:49.355Z,OPUSD,mean_reversion,attempt,MAX_POSITION
2025-12-05T12:30:49.660Z,GOMINING/USD,vwap_bounce,attempt,
2025-12-05T12:30:49.981Z,USDCHF,vwap_pullback,attempt,
2025-12-05T12:30:50.194Z,GOMINING/USD,vwap_bounce,attempt,MAX_TOTAL_EXPOSURE
2025-12-05T12:30:50.309Z,USDCHF,vwap_pullback,attempt,MAX_POSITION
2025-12-05T12:30:50.622Z,PROVEEUR,mean_reversion,attempt,
2025-12-05T12:30:50.783Z,XXRPZCAD,mean_reversion,attempt,
2025-12-05T12:30:50.952Z,PROVEEUR,mean_reversion,attempt,MAX_POSITION
2025-12-05T12:30:51.109Z,XXRPZCAD,mean_reversion,attempt,MAX_POSITION
2025-12-05T12:30:51.579Z,RUNEEUR,mean_reversion,attempt,
2025-12-05T12:30:51.907Z,RUNEEUR,mean_reversion,attempt,MAX_POSITION
2025-12-05T12:30:52.445Z,XXRPZEUR,mean_reversion,attempt,
2025-12-05T12:30:52.773Z,XXRPZEUR,mean_reversion,attempt,MAX_POSITION
2025-12-05T12:30:53.299Z,RUNEUSD,mean_reversion,attempt,
2025-12-05T12:30:53.625Z,RUNEUSD,mean_reversion,attempt,MAX_POSITION
2025-12-05T12:30:53.729Z,XRPGBP,mean_reversion,attempt,
2025-12-05T12:30:54.052Z,XRPGBP,mean_reversion,attempt,MAX_POSITION
2025-12-05T12:30:54.293Z,SOSOUSD,mean_reversion,attempt,
2025-12-05T12:30:54.551Z,XRPRLUSD,mean_reversion,attempt,
2025-12-05T12:30:54.621Z,SOSOUSD,mean_reversion,attempt,MAX_POSITION
2025-12-05T12:30:54.879Z,XRPRLUSD,mean_reversion,attempt,MAX_POSITION
2025-12-05T12:30:55.773Z,TONEUR,mean_reversion,attempt,
2025-12-05T12:30:55.914Z,XRPUSDT,mean_reversion,attempt,
2025-12-05T12:30:55.942Z,SOL/EUR,vwap_pullback,attempt,
2025-12-05T12:30:56.100Z,TONEUR,mean_reversion,attempt,MAX_POSITION
2025-12-05T12:30:56.239Z,XRPUSDT,mean_reversion,attempt,MAX_POSITION
2025-12-05T12:30:56.464Z,SOL/EUR,vwap_pullback,attempt,MAX_TOTAL_EXPOSURE
2025-12-05T12:30:56.911Z,XTZEUR,mean_reversion,attempt,
2025-12-05T12:30:57.021Z,TONUSD,mean_reversion,attempt,
2025-12-05T12:30:57.245Z,XTZEUR,mean_reversion,attempt,MAX_POSITION
2025-12-05T12:30:57.346Z,TONUSD,mean_reversion,attempt,MAX_POSITION
2025-12-05T12:30:57.902Z,XTZUSD,mean_reversion,attempt,
2025-12-05T12:30:58.226Z,XTZUSD,mean_reversion,attempt,MAX_POSITION
2025-12-05T12:30:58.684Z,TRUMPUSD,mean_reversion,attempt,
2025-12-05T12:30:59.019Z,TRUMPUSD,mean_reversion,attempt,MAX_POSITION
2025-12-05T12:31:00.019Z,TRXUSD,vwap_pullback,attempt,
2025-12-05T12:31:00.215Z,TRXUSD,vwap_pullback,attempt,POSITION_LIMIT
2025-12-05T12:31:01.050Z,XION/USD,vwap_bounce,attempt,
2025-12-05T12:31:01.491Z,USDCHF,vwap_pullback,attempt,
2025-12-05T12:31:01.570Z,XION/USD,vwap_bounce,attempt,MAX_TOTAL_EXPOSURE
2025-12-05T12:31:01.817Z,USDCHF,vwap_pullback,attempt,MAX_POSITION
2025-12-05T12:31:02.166Z,ADAAUD,mean_reversion,attempt,
2025-12-05T12:31:02.494Z,ADAAUD,mean_reversion,attempt,MAX_POSITION
2025-12-05T12:31:02.998Z,XXRPZCAD,mean_reversion,attempt,
2025-12-05T12:31:03.587Z,AKTEUR,mean_reversion,attempt,
2025-12-05T12:31:03.590Z,XXRPZCAD,mean_reversion,attempt,MAX_POSITION
2025-12-05T12:31:03.913Z,AKTEUR,mean_reversion,attempt,MAX_POSITION
2025-12-05T12:31:04.166Z,ATOM/EUR,vwap_pullback,attempt,
2025-12-05T12:31:04.385Z,XXRPZEUR,mean_reversion,attempt,
2025-12-05T12:31:04.691Z,ATOM/EUR,vwap_pullback,attempt,MAX_TOTAL_EXPOSURE
2025-12-05T12:31:04.707Z,XXRPZEUR,mean_reversion,attempt,MAX_POSITION
2025-12-05T12:31:04.847Z,AUDUSD,vwap_pullback,attempt,
2025-12-05T12:31:05.173Z,AUDUSD,vwap_pullback,attempt,MAX_POSITION
2025-12-05T12:31:05.375Z,XRPGBP,mean_reversion,attempt,
2025-12-05T12:31:05.435Z,AUDUSD,sma_trend_ride,attempt,
2025-12-05T12:31:05.704Z,XRPGBP,mean_reversion,attempt,MAX_POSITION
2025-12-05T12:31:05.780Z,AUDUSD,sma_trend_ride,attempt,MAX_POSITION
2025-12-05T12:31:06.369Z,XRPRLUSD,mean_reversion,attempt,
2025-12-05T12:31:06.469Z,CAKEUSD,mean_reversion,attempt,
2025-12-05T12:31:06.703Z,XRPRLUSD,mean_reversion,attempt,MAX_POSITION
2025-12-05T12:31:06.800Z,CAKEUSD,mean_reversion,attempt,MAX_POSITION
2025-12-05T12:31:07.408Z,XRPUSDT,mean_reversion,attempt,
2025-12-05T12:31:07.732Z,CVXUSD,mean_reversion,attempt,
2025-12-05T12:31:07.737Z,XRPUSDT,mean_reversion,attempt,MAX_POSITION
2025-12-05T12:31:08.059Z,CVXUSD,mean_reversion,attempt,MAX_POSITION
2025-12-05T12:31:08.657Z,XTZEUR,mean_reversion,attempt,
2025-12-05T12:31:08.965Z,DOTEUR,mean_reversion,attempt,
2025-12-05T12:31:08.982Z,XTZEUR,mean_reversion,attempt,MAX_POSITION
2025-12-05T12:31:09.292Z,DOTEUR,mean_reversion,attempt,MAX_POSITION
2025-12-05T12:31:09.492Z,XTZUSD,mean_reversion,attempt,
2025-12-05T12:31:09.823Z,XTZUSD,mean_reversion,attempt,MAX_POSITION
2025-12-05T12:31:10.003Z,DOTGBP,mean_reversion,attempt,
2025-12-05T12:31:10.346Z,DOTGBP,mean_reversion,attempt,MAX_POSITION
2025-12-05T12:31:10.972Z,DOTUSDC,mean_reversion,attempt,
2025-12-05T12:31:11.298Z,DOTUSDC,mean_reversion,attempt,MAX_POSITION
2025-12-05T12:31:11.631Z,ADAAUD,mean_reversion,attempt,
2025-12-05T12:31:11.958Z,ADAAUD,mean_reversion,attempt,MAX_POSITION
2025-12-05T12:31:12.511Z,DOTUSDT,mean_reversion,attempt,
2025-12-05T12:31:12.842Z,DOTUSDT,mean_reversion,attempt,MAX_POSITION
2025-12-05T12:31:13.421Z,AKTEUR,mean_reversion,attempt,
2025-12-05T12:31:13.753Z,AKTEUR,mean_reversion,attempt,MAX_POSITION
2025-12-05T12:31:13.842Z,XETCZUSD,mean_reversion,attempt,
2025-12-05T12:31:14.174Z,XETCZUSD,mean_reversion,attempt,MAX_POSITION
2025-12-05T12:31:14.407Z,SOL/USD,vwap_pullback,attempt,
2025-12-05T12:31:14.426Z,AUDUSD,vwap_pullback,attempt,
2025-12-05T12:31:14.750Z,AUDUSD,vwap_pullback,attempt,MAX_POSITION
2025-12-05T12:31:14.933Z,SOL/USD,vwap_pullback,attempt,MAX_TOTAL_EXPOSURE
2025-12-05T12:31:15.013Z,AUDUSD,sma_trend_ride,attempt,
2025-12-05T12:31:15.094Z,ETHFIEUR,mean_reversion,attempt,
2025-12-05T12:31:15.343Z,AUDUSD,sma_trend_ride,attempt,MAX_POSITION
2025-12-05T12:31:15.427Z,ETHFIEUR,mean_reversion,attempt,MAX_POSITION
2025-12-05T12:31:16.026Z,CAKEUSD,mean_reversion,attempt,
2025-12-05T12:31:16.257Z,EULEUR,mean_reversion,attempt,
2025-12-05T12:31:16.351Z,CAKEUSD,mean_reversion,attempt,MAX_POSITION
2025-12-05T12:31:16.583Z,EULEUR,mean_reversion,attempt,MAX_POSITION
2025-12-05T12:31:17.354Z,CVXUSD,mean_reversion,attempt,
2025-12-05T12:31:17.682Z,CVXUSD,mean_reversion,attempt,MAX_POSITION
2025-12-05T12:31:18.565Z,EWTUSD,mean_reversion,attempt,
2025-12-05T12:31:18.893Z,EWTUSD,mean_reversion,attempt,MAX_POSITION
2025-12-05T12:31:18.946Z,DOTEUR,mean_reversion,attempt,
2025-12-05T12:31:19.275Z,DOTEUR,mean_reversion,attempt,MAX_POSITION
2025-12-05T12:31:19.331Z,ICP/USD,vwap_pullback,attempt,
2025-12-05T12:31:19.667Z,FORTHUSD,mean_reversion,attempt,
2025-12-05T12:31:19.899Z,ICP/USD,vwap_pullback,attempt,MAX_TOTAL_EXPOSURE
2025-12-05T12:31:19.999Z,FORTHUSD,mean_reversion,attempt,MAX_POSITION
2025-12-05T12:31:20.032Z,DOTGBP,mean_reversion,attempt,
2025-12-05T12:31:20.363Z,DOTGBP,mean_reversion,attempt,MAX_POSITION
2025-12-05T12:31:20.663Z,FXSUSD,mean_reversion,attempt,
2025-12-05T12:31:20.990Z,FXSUSD,mean_reversion,attempt,MAX_POSITION
2025-12-05T12:31:21.558Z,DOTUSDC,mean_reversion,attempt,
2025-12-05T12:31:21.885Z,DOTUSDC,mean_reversion,attempt,MAX_POSITION
2025-12-05T12:31:22.249Z,KSMUSD,mean_reversion,attempt,
2025-12-05T12:31:22.578Z,KSMUSD,mean_reversion,attempt,MAX_POSITION
2025-12-05T12:31:22.813Z,DOTUSDT,mean_reversion,attempt,
2025-12-05T12:31:23.140Z,DOTUSDT,mean_reversion,attempt,MAX_POSITION
2025-12-05T12:31:23.301Z,LINKEUR,vwap_pullback,attempt,
2025-12-05T12:31:23.629Z,LINKEUR,vwap_pullback,attempt,MAX_POSITION
2025-12-05T12:31:23.740Z,XETCZUSD,mean_reversion,attempt,
2025-12-05T12:31:24.068Z,XETCZUSD,mean_reversion,attempt,MAX_POSITION
2025-12-05T12:31:24.520Z,LINKUSD,vwap_pullback,attempt,
2025-12-05T12:31:24.855Z,ETHFIEUR,mean_reversion,attempt,
2025-12-05T12:31:24.856Z,LINKUSD,vwap_pullback,attempt,MAX_POSITION
2025-12-05T12:31:25.181Z,ETHFIEUR,mean_reversion,attempt,MAX_POSITION
2025-12-05T12:31:25.491Z,LINKUSDC,vwap_pullback,attempt,
2025-12-05T12:31:25.733Z,EULEUR,mean_reversion,attempt,
2025-12-05T12:31:25.813Z,LINKUSDC,vwap_pullback,attempt,MAX_POSITION
2025-12-05T12:31:26.065Z,EULEUR,mean_reversion,attempt,MAX_POSITION
2025-12-05T12:31:26.493Z,LINKUSDT,vwap_pullback,attempt,
2025-12-05T12:31:26.826Z,LINKUSDT,vwap_pullback,attempt,MAX_POSITION
2025-12-05T12:31:27.750Z,EWTUSD,mean_reversion,attempt,
2025-12-05T12:31:27.753Z,GOMINING/USD,vwap_bounce,attempt,
2025-12-05T12:31:27.794Z,XLTCZEUR,mean_reversion,attempt,
2025-12-05T12:31:28.078Z,EWTUSD,mean_reversion,attempt,MAX_POSITION
2025-12-05T12:31:28.125Z,XLTCZEUR,mean_reversion,attempt,MAX_POSITION
2025-12-05T12:31:28.283Z,GOMINING/USD,vwap_bounce,attempt,MAX_TOTAL_EXPOSURE
2025-12-05T12:31:29.071Z,FORTHUSD,mean_reversion,attempt,
2025-12-05T12:31:29.182Z,XLTCZUSD,mean_reversion,attempt,
2025-12-05T12:31:29.398Z,FORTHUSD,mean_reversion,attempt,MAX_POSITION
2025-12-05T12:31:29.506Z,XLTCZUSD,mean_reversion,attempt,MAX_POSITION
2025-12-05T12:31:30.395Z,FXSUSD,mean_reversion,attempt,
2025-12-05T12:31:30.458Z,MASKEUR,mean_reversion,attempt,
2025-12-05T12:31:30.724Z,FXSUSD,mean_reversion,attempt,MAX_POSITION
2025-12-05T12:31:30.886Z,MASKEUR,mean_reversion,attempt,MAX_POSITION
2025-12-05T12:31:31.653Z,KSMUSD,mean_reversion,attempt,
2025-12-05T12:31:31.984Z,KSMUSD,mean_reversion,attempt,MAX_POSITION
2025-12-05T12:31:32.129Z,MEUSD,mean_reversion,attempt,
2025-12-05T12:31:32.454Z,MEUSD,mean_reversion,attempt,MAX_POSITION
2025-12-05T12:31:32.670Z,LINKEUR,vwap_pullback,attempt,
2025-12-05T12:31:32.998Z,LINKEUR,vwap_pullback,attempt,MAX_POSITION
2025-12-05T12:31:33.541Z,NANOEUR,mean_reversion,attempt,
2025-12-05T12:31:33.867Z,NANOEUR,mean_reversion,attempt,MAX_POSITION
2025-12-05T12:31:33.948Z,LINKUSD,vwap_pullback,attempt,
2025-12-05T12:31:34.273Z,LINKUSD,vwap_pullback,attempt,MAX_POSITION
2025-12-05T12:31:34.524Z,SOL/EUR,vwap_pullback,attempt,
2025-12-05T12:31:34.749Z,NANOUSD,mean_reversion,attempt,
2025-12-05T12:31:35.044Z,SOL/EUR,vwap_pullback,attempt,MAX_TOTAL_EXPOSURE
2025-12-05T12:31:35.072Z,NANOUSD,mean_reversion,attempt,MAX_POSITION
2025-12-05T12:31:35.211Z,LINKUSDC,vwap_pullback,attempt,
2025-12-05T12:31:35.540Z,LINKUSDC,vwap_pullback,attempt,MAX_POSITION
2025-12-05T12:31:36.170Z,LINKUSDT,vwap_pullback,attempt,
2025-12-05T12:31:36.323Z,NOSUSD,mean_reversion,attempt,
2025-12-05T12:31:36.513Z,LINKUSDT,vwap_pullback,attempt,MAX_POSITION
2025-12-05T12:31:36.648Z,NOSUSD,mean_reversion,attempt,MAX_POSITION
2025-12-05T12:31:37.351Z,XLTCZEUR,mean_reversion,attempt,
2025-12-05T12:31:37.574Z,OPEUR,mean_reversion,attempt,
2025-12-05T12:31:37.677Z,XLTCZEUR,mean_reversion,attempt,MAX_POSITION
2025-12-05T12:31:37.897Z,OPEUR,mean_reversion,attempt,MAX_POSITION
2025-12-05T12:31:38.540Z,OPUSD,mean_reversion,attempt,
2025-12-05T12:31:38.618Z,XLTCZUSD,mean_reversion,attempt,
2025-12-05T12:31:38.873Z,OPUSD,mean_reversion,attempt,MAX_POSITION
2025-12-05T12:31:38.948Z,XLTCZUSD,mean_reversion,attempt,MAX_POSITION
2025-12-05T12:31:39.639Z,MASKEUR,mean_reversion,attempt,
2025-12-05T12:31:39.834Z,PROVEEUR,mean_reversion,attempt,
2025-12-05T12:31:39.969Z,MASKEUR,mean_reversion,attempt,MAX_POSITION
2025-12-05T12:31:40.048Z,XION/USD,vwap_bounce,attempt,
2025-12-05T12:31:40.164Z,PROVEEUR,mean_reversion,attempt,MAX_POSITION
2025-12-05T12:31:40.577Z,XION/USD,vwap_bounce,attempt,MAX_TOTAL_EXPOSURE
2025-12-05T12:31:41.107Z,RUNEEUR,mean_reversion,attempt,
2025-12-05T12:31:41.447Z,RUNEEUR,mean_reversion,attempt,MAX_POSITION
2025-12-05T12:31:41.585Z,MEUSD,mean_reversion,attempt,
2025-12-05T12:31:41.911Z,MEUSD,mean_reversion,attempt,MAX_POSITION
2025-12-05T12:31:42.401Z,RUNEUSD,mean_reversion,attempt,
2025-12-05T12:31:42.729Z,RUNEUSD,mean_reversion,attempt,MAX_POSITION
2025-12-05T12:31:43.337Z,ATOM/EUR,vwap_pullback,attempt,
2025-12-05T12:31:43.367Z,NANOEUR,mean_reversion,attempt,
2025-12-05T12:31:43.706Z,NANOEUR,mean_reversion,attempt,MAX_POSITION
2025-12-05T12:31:43.792Z,SOSOUSD,mean_reversion,attempt,
2025-12-05T12:31:43.902Z,ATOM/EUR,vwap_pullback,attempt,MAX_TOTAL_EXPOSURE
2025-12-05T12:31:44.114Z,SOSOUSD,mean_reversion,attempt,MAX_POSITION
2025-12-05T12:31:44.635Z,NANOUSD,mean_reversion,attempt,
2025-12-05T12:31:44.961Z,NANOUSD,mean_reversion,attempt,MAX_POSITION
2025-12-05T12:31:45.151Z,TONEUR,mean_reversion,attempt,
2025-12-05T12:31:45.476Z,TONEUR,mean_reversion,attempt,MAX_POSITION
2025-12-05T12:31:45.490Z,NOSUSD,mean_reversion,attempt,
2025-12-05T12:31:45.817Z,NOSUSD,mean_reversion,attempt,MAX_POSITION
2025-12-05T12:31:46.683Z,TONUSD,mean_reversion,attempt,
2025-12-05T12:31:47.017Z,TONUSD,mean_reversion,attempt,MAX_POSITION
2025-12-05T12:31:47.215Z,OPEUR,mean_reversion,attempt,
2025-12-05T12:31:47.440Z,AKT/EUR,vwap_pullback,attempt,
2025-12-05T12:31:47.541Z,OPEUR,mean_reversion,attempt,MAX_POSITION
2025-12-05T12:31:47.958Z,AKT/EUR,vwap_pullback,attempt,MAX_TOTAL_EXPOSURE
2025-12-05T12:31:48.068Z,TRUMPUSD,mean_reversion,attempt,
2025-12-05T12:31:48.595Z,OPUSD,mean_reversion,attempt,
2025-12-05T12:31:48.700Z,TRUMPUSD,mean_reversion,attempt,MAX_POSITION
2025-12-05T12:31:48.918Z,OPUSD,mean_reversion,attempt,MAX_POSITION
2025-12-05T12:31:49.141Z,EUL/USD,vwap_pullback,attempt,
2025-12-05T12:31:49.431Z,TRXUSD,vwap_pullback,attempt,
2025-12-05T12:31:49.627Z,TRXUSD,vwap_pullback,attempt,POSITION_LIMIT
2025-12-05T12:31:49.672Z,EUL/USD,vwap_pullback,attempt,MAX_TOTAL_EXPOSURE
2025-12-05T12:31:49.921Z,PROVEEUR,mean_reversion,attempt,
2025-12-05T12:31:50.248Z,PROVEEUR,mean_reversion,attempt,MAX_POSITION
2025-12-05T12:31:50.314Z,USDCHF,vwap_pullback,attempt,
2025-12-05T12:31:50.641Z,USDCHF,vwap_pullback,attempt,MAX_POSITION
2025-12-05T12:31:50.930Z,LTC/USD,vwap_pullback,attempt,
2025-12-05T12:31:51.244Z,RUNEEUR,mean_reversion,attempt,
2025-12-05T12:31:51.437Z,XXRPZCAD,mean_reversion,attempt,
2025-12-05T12:31:51.447Z,LTC/USD,vwap_pullback,attempt,MAX_TOTAL_EXPOSURE
2025-12-05T12:31:51.567Z,RUNEEUR,mean_reversion,attempt,MAX_POSITION
2025-12-05T12:31:51.769Z,XXRPZCAD,mean_reversion,attempt,MAX_POSITION
2025-12-05T12:31:52.877Z,RUNEUSD,mean_reversion,attempt,
2025-12-05T12:31:53.049Z,XXRPZEUR,mean_reversion,attempt,
2025-12-05T12:31:53.211Z,RUNEUSD,mean_reversion,attempt,MAX_POSITION
2025-12-05T12:31:53.374Z,XXRPZEUR,mean_reversion,attempt,MAX_POSITION
2025-12-05T12:31:53.875Z,SOSOUSD,mean_reversion,attempt,
2025-12-05T12:31:54.121Z,XRPGBP,mean_reversion,attempt,
2025-12-05T12:31:54.201Z,SOSOUSD,mean_reversion,attempt,MAX_POSITION
2025-12-05T12:31:54.448Z,XRPGBP,mean_reversion,attempt,MAX_POSITION
2025-12-05T12:31:54.918Z,TONEUR,mean_reversion,attempt,
2025-12-05T12:31:54.984Z,XRPRLUSD,mean_reversion,attempt,
2025-12-05T12:31:55.245Z,TONEUR,mean_reversion,attempt,MAX_POSITION
2025-12-05T12:31:55.308Z,XRPRLUSD,mean_reversion,attempt,MAX_POSITION
2025-12-05T12:31:55.967Z,SOL/USD,vwap_pullback,attempt,
2025-12-05T12:31:55.998Z,TONUSD,mean_reversion,attempt,
2025-12-05T12:31:56.080Z,XRPUSDT,mean_reversion,attempt,
2025-12-05T12:31:56.325Z,TONUSD,mean_reversion,attempt,MAX_POSITION
2025-12-05T12:31:56.407Z,XRPUSDT,mean_reversion,attempt,MAX_POSITION
2025-12-05T12:31:56.484Z,SOL/USD,vwap_pullback,attempt,MAX_TOTAL_EXPOSURE
2025-12-05T12:31:57.093Z,XTZEUR,mean_reversion,attempt,
2025-12-05T12:31:57.421Z,XTZEUR,mean_reversion,attempt,MAX_POSITION
2025-12-05T12:31:57.422Z,TRUMPUSD,mean_reversion,attempt,
2025-12-05T12:31:57.742Z,ADAAUD,mean_reversion,attempt,
2025-12-05T12:31:57.751Z,TRUMPUSD,mean_reversion,attempt,MAX_POSITION
2025-12-05T12:31:58.067Z,ADAAUD,mean_reversion,attempt,MAX_POSITION
2025-12-05T12:31:58.356Z,XTZUSD,mean_reversion,attempt,
2025-12-05T12:31:58.683Z,XTZUSD,mean_reversion,attempt,MAX_POSITION
2025-12-05T12:31:58.957Z,TRXUSD,vwap_pullback,attempt,
2025-12-05T12:31:59.054Z,AKTEUR,mean_reversion,attempt,
2025-12-05T12:31:59.151Z,TRXUSD,vwap_pullback,attempt,POSITION_LIMIT
2025-12-05T12:31:59.378Z,AKTEUR,mean_reversion,attempt,MAX_POSITION
2025-12-05T12:31:59.884Z,USDCHF,vwap_pullback,attempt,
2025-12-05T12:32:00.211Z,USDCHF,vwap_pullback,attempt,MAX_POSITION
2025-12-05T12:32:00.451Z,AUDUSD,vwap_pullback,attempt,
2025-12-05T12:32:00.782Z,AUDUSD,vwap_pullback,attempt,MAX_POSITION
2025-12-05T12:32:01.053Z,AUDUSD,sma_trend_ride,attempt,
2025-12-05T12:32:01.330Z,XXRPZCAD,mean_reversion,attempt,
2025-12-05T12:32:01.397Z,AUDUSD,sma_trend_ride,attempt,MAX_POSITION
2025-12-05T12:32:01.465Z,ICP/USD,vwap_pullback,attempt,
2025-12-05T12:32:01.659Z,XXRPZCAD,mean_reversion,attempt,MAX_POSITION
2025-12-05T12:32:01.991Z,ICP/USD,vwap_pullback,attempt,MAX_TOTAL_EXPOSURE
2025-12-05T12:32:02.410Z,XXRPZEUR,mean_reversion,attempt,
2025-12-05T12:32:02.588Z,CAKEUSD,mean_reversion,attempt,
2025-12-05T12:32:02.736Z,XXRPZEUR,mean_reversion,attempt,MAX_POSITION
2025-12-05T12:32:02.912Z,CAKEUSD,mean_reversion,attempt,MAX_POSITION
2025-12-05T12:32:03.683Z,XRPGBP,mean_reversion,attempt,
2025-12-05T12:32:03.922Z,CVXUSD,mean_reversion,attempt,
2025-12-05T12:32:04.013Z,XRPGBP,mean_reversion,attempt,MAX_POSITION
2025-12-05T12:32:04.252Z,CVXUSD,mean_reversion,attempt,MAX_POSITION
2025-12-05T12:32:04.991Z,DOTEUR,mean_reversion,attempt,
2025-12-05T12:32:05.019Z,XRPRLUSD,mean_reversion,attempt,
2025-12-05T12:32:05.317Z,DOTEUR,mean_reversion,attempt,MAX_POSITION
2025-12-05T12:32:05.350Z,XRPRLUSD,mean_reversion,attempt,MAX_POSITION
2025-12-05T12:32:06.009Z,DOTGBP,mean_reversion,attempt,
2025-12-05T12:32:06.308Z,XRPUSDT,mean_reversion,attempt,
2025-12-05T12:32:06.334Z,DOTGBP,mean_reversion,attempt,MAX_POSITION
2025-12-05T12:32:06.634Z,XRPUSDT,mean_reversion,attempt,MAX_POSITION
2025-12-05T12:32:07.065Z,DOTUSDC,mean_reversion,attempt,
2025-12-05T12:32:07.393Z,DOTUSDC,mean_reversion,attempt,MAX_POSITION
2025-12-05T12:32:07.521Z,XTZEUR,mean_reversion,attempt,
2025-12-05T12:32:07.855Z,XTZEUR,mean_reversion,attempt,MAX_POSITION
2025-12-05T12:32:08.075Z,DOTUSDT,mean_reversion,attempt,
2025-12-05T12:32:08.406Z,DOTUSDT,mean_reversion,attempt,MAX_POSITION
2025-12-05T12:32:08.779Z,XTZUSD,mean_reversion,attempt,
2025-12-05T12:32:09.111Z,XTZUSD,mean_reversion,attempt,MAX_POSITION
2025-12-05T12:32:10.322Z,XETCZUSD,mean_reversion,attempt,
2025-12-05T12:32:10.650Z,XETCZUSD,mean_reversion,attempt,MAX_POSITION
2025-12-05T12:32:11.498Z,GOMINING/USD,vwap_bounce,attempt,
2025-12-05T12:32:11.880Z,ADAAUD,mean_reversion,attempt,
2025-12-05T12:32:11.889Z,ETHFIEUR,mean_reversion,attempt,
2025-12-05T12:32:12.029Z,GOMINING/USD,vwap_bounce,attempt,MAX_TOTAL_EXPOSURE
2025-12-05T12:32:12.212Z,ADAAUD,mean_reversion,attempt,MAX_POSITION
2025-12-05T12:32:12.245Z,ETHFIEUR,mean_reversion,attempt,MAX_POSITION
2025-12-05T12:32:13.263Z,EULEUR,mean_reversion,attempt,
2025-12-05T12:32:13.369Z,AKTEUR,mean_reversion,attempt,
2025-12-05T12:32:13.594Z,EULEUR,mean_reversion,attempt,MAX_POSITION
2025-12-05T12:32:13.707Z,AKTEUR,mean_reversion,attempt,MAX_POSITION
2025-12-05T12:32:14.648Z,AUDUSD,vwap_pullback,attempt,
2025-12-05T12:32:14.975Z,AUDUSD,vwap_pullback,attempt,MAX_POSITION
2025-12-05T12:32:14.982Z,EWTUSD,mean_reversion,attempt,
2025-12-05T12:32:15.248Z,AUDUSD,sma_trend_ride,attempt,
2025-12-05T12:32:15.318Z,EWTUSD,mean_reversion,attempt,MAX_POSITION
2025-12-05T12:32:15.579Z,AUDUSD,sma_trend_ride,attempt,MAX_POSITION
2025-12-05T12:32:16.250Z,CAKEUSD,mean_reversion,attempt,
2025-12-05T12:32:16.253Z,FORTHUSD,mean_reversion,attempt,
2025-12-05T12:32:16.578Z,CAKEUSD,mean_reversion,attempt,MAX_POSITION
2025-12-05T12:32:16.580Z,FORTHUSD,mean_reversion,attempt,MAX_POSITION
2025-12-05T12:32:17.620Z,SOL/EUR,vwap_pullback,attempt,
2025-12-05T12:32:17.631Z,CVXUSD,mean_reversion,attempt,
2025-12-05T12:32:17.685Z,FXSUSD,mean_reversion,attempt,
2025-12-05T12:32:17.964Z,CVXUSD,mean_reversion,attempt,MAX_POSITION
2025-12-05T12:32:18.030Z,FXSUSD,mean_reversion,attempt,MAX_POSITION
2025-12-05T12:32:18.445Z,SOL/EUR,vwap_pullback,attempt,MAX_TOTAL_EXPOSURE
2025-12-05T12:32:18.738Z,KSMUSD,mean_reversion,attempt,
2025-12-05T12:32:18.918Z,DOTEUR,mean_reversion,attempt,
2025-12-05T12:32:19.080Z,KSMUSD,mean_reversion,attempt,MAX_POSITION
2025-12-05T12:32:19.262Z,DOTEUR,mean_reversion,attempt,MAX_POSITION
2025-12-05T12:32:19.798Z,LINKEUR,vwap_pullback,attempt,
2025-12-05T12:32:20.126Z,LINKEUR,vwap_pullback,attempt,MAX_POSITION
2025-12-05T12:32:20.333Z,DOTGBP,mean_reversion,attempt,
2025-12-05T12:32:20.682Z,DOTGBP,mean_reversion,attempt,MAX_POSITION
2025-12-05T12:32:21.109Z,LINKUSD,vwap_pullback,attempt,
2025-12-05T12:32:21.440Z,LINKUSD,vwap_pullback,attempt,MAX_POSITION
2025-12-05T12:32:21.693Z,DOTUSDC,mean_reversion,attempt,
2025-12-05T12:32:22.064Z,DOTUSDC,mean_reversion,attempt,MAX_POSITION
2025-12-05T12:32:22.197Z,LINKUSDC,vwap_pullback,attempt,
2025-12-05T12:32:22.535Z,LINKUSDC,vwap_pullback,attempt,MAX_POSITION
2025-12-05T12:32:23.000Z,DOTUSDT,mean_reversion,attempt,
2025-12-05T12:32:23.330Z,DOTUSDT,mean_reversion,attempt,MAX_POSITION
2025-12-05T12:32:23.338Z,LINKUSDT,vwap_pullback,attempt,
2025-12-05T12:32:23.433Z,XION/USD,vwap_bounce,attempt,
2025-12-05T12:32:23.672Z,LINKUSDT,vwap_pullback,attempt,MAX_POSITION
2025-12-05T12:32:23.998Z,XION/USD,vwap_bounce,attempt,MAX_TOTAL_EXPOSURE
2025-12-05T12:32:24.270Z,XETCZUSD,mean_reversion,attempt,
2025-12-05T12:32:24.342Z,XLTCZEUR,mean_reversion,attempt,
2025-12-05T12:32:24.602Z,XETCZUSD,mean_reversion,attempt,MAX_POSITION
2025-12-05T12:32:24.673Z,XLTCZEUR,mean_reversion,attempt,MAX_POSITION
2025-12-05T12:32:25.295Z,XLTCZUSD,mean_reversion,attempt,
2025-12-05T12:32:25.627Z,XLTCZUSD,mean_reversion,attempt,MAX_POSITION
2025-12-05T12:32:26.135Z,ETHFIEUR,mean_reversion,attempt,
2025-12-05T12:32:26.462Z,ETHFIEUR,mean_reversion,attempt,MAX_POSITION
2025-12-05T12:32:26.857Z,ATOM/EUR,vwap_pullback,attempt,
2025-12-05T12:32:26.903Z,MASKEUR,mean_reversion,attempt,
2025-12-05T12:32:27.277Z,MASKEUR,mean_reversion,attempt,MAX_POSITION
2025-12-05T12:32:27.353Z,EULEUR,mean_reversion,attempt,
2025-12-05T12:32:27.408Z,ATOM/EUR,vwap_pullback,attempt,MAX_TOTAL_EXPOSURE
2025-12-05T12:32:27.681Z,EULEUR,mean_reversion,attempt,MAX_POSITION
2025-12-05T12:32:29.033Z,EWTUSD,mean_reversion,attempt,
2025-12-05T12:32:29.231Z,MEUSD,mean_reversion,attempt,
2025-12-05T12:32:29.362Z,EWTUSD,mean_reversion,attempt,MAX_POSITION
2025-12-05T12:32:29.572Z,MEUSD,mean_reversion,attempt,MAX_POSITION
2025-12-05T12:32:30.430Z,FORTHUSD,mean_reversion,attempt,
2025-12-05T12:32:30.724Z,NANOEUR,mean_reversion,attempt,
2025-12-05T12:32:30.788Z,FORTHUSD,mean_reversion,attempt,MAX_POSITION
2025-12-05T12:32:31.063Z,NANOEUR,mean_reversion,attempt,MAX_POSITION
2025-12-05T12:32:31.672Z,FXSUSD,mean_reversion,attempt,
2025-12-05T12:32:31.851Z,AKT/EUR,vwap_pullback,attempt,
2025-12-05T12:32:32.007Z,FXSUSD,mean_reversion,attempt,MAX_POSITION
2025-12-05T12:32:32.039Z,NANOUSD,mean_reversion,attempt,
2025-12-05T12:32:32.366Z,NANOUSD,mean_reversion,attempt,MAX_POSITION
2025-12-05T12:32:32.374Z,AKT/EUR,vwap_pullback,attempt,MAX_TOTAL_EXPOSURE
2025-12-05T12:32:32.954Z,KSMUSD,mean_reversion,attempt,
2025-12-05T12:32:33.626Z,KSMUSD,mean_reversion,attempt,MAX_POSITION
2025-12-05T12:32:33.628Z,NOSUSD,mean_reversion,attempt,
2025-12-05T12:32:33.631Z,EUL/USD,vwap_pullback,attempt,
2025-12-05T12:32:33.962Z,NOSUSD,mean_reversion,attempt,MAX_POSITION
2025-12-05T12:32:34.157Z,EUL/USD,vwap_pullback,attempt,MAX_TOTAL_EXPOSURE
2025-12-05T12:32:34.631Z,LINKEUR,vwap_pullback,attempt,
2025-12-05T12:32:34.755Z,OPEUR,mean_reversion,attempt,
2025-12-05T12:32:34.958Z,LINKEUR,vwap_pullback,attempt,MAX_POSITION
2025-12-05T12:32:35.083Z,OPEUR,mean_reversion,attempt,MAX_POSITION
2025-12-05T12:32:35.529Z,LTC/USD,vwap_pullback,attempt,
2025-12-05T12:32:35.804Z,OPUSD,mean_reversion,attempt,
2025-12-05T12:32:35.917Z,LINKUSD,vwap_pullback,attempt,
2025-12-05T12:32:36.050Z,LTC/USD,vwap_pullback,attempt,MAX_TOTAL_EXPOSURE
2025-12-05T12:32:36.130Z,OPUSD,mean_reversion,attempt,MAX_POSITION
2025-12-05T12:32:36.256Z,LINKUSD,vwap_pullback,attempt,MAX_POSITION
2025-12-05T12:32:36.937Z,LINKUSDC,vwap_pullback,attempt,
2025-12-05T12:32:37.270Z,LINKUSDC,vwap_pullback,attempt,MAX_POSITION
2025-12-05T12:32:37.337Z,PROVEEUR,mean_reversion,attempt,
2025-12-05T12:32:37.666Z,PROVEEUR,mean_reversion,attempt,MAX_POSITION
2025-12-05T12:32:38.328Z,RUNEEUR,mean_reversion,attempt,
2025-12-05T12:32:38.603Z,LINKUSDT,vwap_pullback,attempt,
2025-12-05T12:32:38.661Z,RUNEEUR,mean_reversion,attempt,MAX_POSITION
2025-12-05T12:32:38.951Z,LINKUSDT,vwap_pullback,attempt,MAX_POSITION
2025-12-05T12:32:39.344Z,RUNEUSD,mean_reversion,attempt,
2025-12-05T12:32:39.674Z,RUNEUSD,mean_reversion,attempt,MAX_POSITION
2025-12-05T12:32:39.902Z,XLTCZEUR,mean_reversion,attempt,
2025-12-05T12:32:40.347Z,XLTCZEUR,mean_reversion,attempt,MAX_POSITION
2025-12-05T12:32:40.753Z,SOSOUSD,mean_reversion,attempt,
2025-12-05T12:32:41.085Z,SOSOUSD,mean_reversion,attempt,MAX_POSITION
2025-12-05T12:32:41.364Z,XLTCZUSD,mean_reversion,attempt,
2025-12-05T12:32:41.692Z,XLTCZUSD,mean_reversion,attempt,MAX_POSITION
2025-12-05T12:32:41.915Z,ADAAUD,mean_reversion,attempt,
2025-12-05T12:32:42.125Z,TONEUR,mean_reversion,attempt,
2025-12-05T12:32:42.274Z,ADAAUD,mean_reversion,attempt,MAX_POSITION
2025-12-05T12:32:42.469Z,TONEUR,mean_reversion,attempt,MAX_POSITION
2025-12-05T12:32:42.805Z,MASKEUR,mean_reversion,attempt,
2025-12-05T12:32:43.023Z,ICP/USD,vwap_pullback,attempt,
2025-12-05T12:32:43.138Z,MASKEUR,mean_reversion,attempt,MAX_POSITION
2025-12-05T12:32:43.224Z,AKTEUR,mean_reversion,attempt,
2025-12-05T12:32:43.498Z,TONUSD,mean_reversion,attempt,
2025-12-05T12:32:43.593Z,AKTEUR,mean_reversion,attempt,MAX_POSITION
2025-12-05T12:32:43.675Z,ICP/USD,vwap_pullback,attempt,MAX_TOTAL_EXPOSURE
2025-12-05T12:32:43.883Z,TONUSD,mean_reversion,attempt,MAX_POSITION
2025-12-05T12:32:44.603Z,AUDUSD,vwap_pullback,attempt,
2025-12-05T12:32:44.833Z,TRUMPUSD,mean_reversion,attempt,
2025-12-05T12:32:44.961Z,AUDUSD,vwap_pullback,attempt,MAX_POSITION
2025-12-05T12:32:45.077Z,MEUSD,mean_reversion,attempt,
2025-12-05T12:32:45.212Z,TRUMPUSD,mean_reversion,attempt,MAX_POSITION
2025-12-05T12:32:45.251Z,AUDUSD,sma_trend_ride,attempt,
2025-12-05T12:32:45.446Z,MEUSD,mean_reversion,attempt,MAX_POSITION
2025-12-05T12:32:45.582Z,AUDUSD,sma_trend_ride,attempt,MAX_POSITION
2025-12-05T12:32:46.495Z,TRXUSD,vwap_pullback,attempt,
2025-12-05T12:32:46.530Z,TIA/EUR,vwap_pullback,attempt,
2025-12-05T12:32:46.638Z,NANOEUR,mean_reversion,attempt,
2025-12-05T12:32:46.690Z,TRXUSD,vwap_pullback,attempt,POSITION_LIMIT
2025-12-05T12:32:47.039Z,NANOEUR,mean_reversion,attempt,MAX_POSITION
2025-12-05T12:32:47.088Z,TIA/EUR,vwap_pullback,attempt,MAX_TOTAL_EXPOSURE
2025-12-05T12:32:47.161Z,CAKEUSD,mean_reversion,attempt,
2025-12-05T12:32:47.416Z,USDCHF,vwap_pullback,attempt,
2025-12-05T12:32:47.565Z,CAKEUSD,mean_reversion,attempt,MAX_POSITION
2025-12-05T12:32:47.766Z,USDCHF,vwap_pullback,attempt,MAX_POSITION
2025-12-05T12:32:48.565Z,CVXUSD,mean_reversion,attempt,
2025-12-05T12:32:48.632Z,NANOUSD,mean_reversion,attempt,
2025-12-05T12:32:48.896Z,CVXUSD,mean_reversion,attempt,MAX_POSITION
2025-12-05T12:32:48.973Z,NANOUSD,mean_reversion,attempt,MAX_POSITION
2025-12-05T12:32:49.079Z,XXRPZCAD,mean_reversion,attempt,
2025-12-05T12:32:49.408Z,XXRPZCAD,mean_reversion,attempt,MAX_POSITION
2025-12-05T12:32:50.027Z,NOSUSD,mean_reversion,attempt,
2025-12-05T12:32:50.206Z,DOTEUR,mean_reversion,attempt,
2025-12-05T12:32:50.209Z,XXRPZEUR,mean_reversion,attempt,
2025-12-05T12:32:50.370Z,NOSUSD,mean_reversion,attempt,MAX_POSITION
2025-12-05T12:32:50.541Z,DOTEUR,mean_reversion,attempt,MAX_POSITION
2025-12-05T12:32:50.561Z,XXRPZEUR,mean_reversion,attempt,MAX_POSITION
2025-12-05T12:32:51.600Z,DOTGBP,mean_reversion,attempt,
2025-12-05T12:32:51.601Z,OPEUR,mean_reversion,attempt,
2025-12-05T12:32:51.923Z,XRPGBP,mean_reversion,attempt,
2025-12-05T12:32:51.987Z,DOTGBP,mean_reversion,attempt,MAX_POSITION
2025-12-05T12:32:51.990Z,OPEUR,mean_reversion,attempt,MAX_POSITION
2025-12-05T12:32:52.320Z,XRPGBP,mean_reversion,attempt,MAX_POSITION
2025-12-05T12:32:53.128Z,OPUSD,mean_reversion,attempt,
2025-12-05T12:32:53.294Z,DOTUSDC,mean_reversion,attempt,
2025-12-05T12:32:53.318Z,XRPRLUSD,mean_reversion,attempt,
2025-12-05T12:32:53.466Z,OPUSD,mean_reversion,attempt,MAX_POSITION
2025-12-05T12:32:53.632Z,DOTUSDC,mean_reversion,attempt,MAX_POSITION
2025-12-05T12:32:53.667Z,XRPRLUSD,mean_reversion,attempt,MAX_POSITION
2025-12-05T12:32:54.365Z,GOMINING/USD,vwap_bounce,attempt,
2025-12-05T12:32:54.454Z,PROVEEUR,mean_reversion,attempt,
2025-12-05T12:32:54.600Z,DOTUSDT,mean_reversion,attempt,
2025-12-05T12:32:54.692Z,XRPUSDT,mean_reversion,attempt,
2025-12-05T12:32:54.783Z,PROVEEUR,mean_reversion,attempt,MAX_POSITION
2025-12-05T12:32:54.920Z,GOMINING/USD,vwap_bounce,attempt,MAX_TOTAL_EXPOSURE
2025-12-05T12:32:54.931Z,DOTUSDT,mean_reversion,attempt,MAX_POSITION
2025-12-05T12:32:55.023Z,XRPUSDT,mean_reversion,attempt,MAX_POSITION
2025-12-05T12:32:55.565Z,RUNEEUR,mean_reversion,attempt,
2025-12-05T12:32:55.728Z,XETCZUSD,mean_reversion,attempt,
2025-12-05T12:32:55.891Z,RUNEEUR,mean_reversion,attempt,MAX_POSITION
2025-12-05T12:32:56.058Z,XETCZUSD,mean_reversion,attempt,MAX_POSITION
2025-12-05T12:32:57.024Z,XTZEUR,mean_reversion,attempt,
2025-12-05T12:32:57.104Z,RUNEUSD,mean_reversion,attempt,
2025-12-05T12:32:57.383Z,XTZEUR,mean_reversion,attempt,MAX_POSITION
2025-12-05T12:32:57.454Z,RUNEUSD,mean_reversion,attempt,MAX_POSITION
2025-12-05T12:32:57.521Z,ETHFIEUR,mean_reversion,attempt,
2025-12-05T12:32:57.859Z,ETHFIEUR,mean_reversion,attempt,MAX_POSITION
2025-12-05T12:32:58.168Z,SOSOUSD,mean_reversion,attempt,
2025-12-05T12:32:58.331Z,XTZUSD,mean_reversion,attempt,
2025-12-05T12:32:58.515Z,SOSOUSD,mean_reversion,attempt,MAX_POSITION
2025-12-05T12:32:58.659Z,XTZUSD,mean_reversion,attempt,MAX_POSITION
2025-12-05T12:32:59.099Z,EULEUR,mean_reversion,attempt,
2025-12-05T12:32:59.429Z,EULEUR,mean_reversion,attempt,MAX_POSITION
2025-12-05T12:32:59.475Z,TONEUR,mean_reversion,attempt,
2025-12-05T12:32:59.801Z,TONEUR,mean_reversion,attempt,MAX_POSITION
2025-12-05T12:33:00.103Z,SOL/EUR,vwap_pullback,attempt,
2025-12-05T12:33:00.521Z,EWTUSD,mean_reversion,attempt,
2025-12-05T12:33:00.632Z,SOL/EUR,vwap_pullback,attempt,MAX_TOTAL_EXPOSURE
2025-12-05T12:33:00.741Z,TONUSD,mean_reversion,attempt,
2025-12-05T12:33:00.847Z,EWTUSD,mean_reversion,attempt,MAX_POSITION
2025-12-05T12:33:01.071Z,TONUSD,mean_reversion,attempt,MAX_POSITION
2025-12-05T12:33:01.513Z,FORTHUSD,mean_reversion,attempt,
2025-12-05T12:33:01.843Z,FORTHUSD,mean_reversion,attempt,MAX_POSITION
2025-12-05T12:33:02.086Z,TRUMPUSD,mean_reversion,attempt,
2025-12-05T12:33:02.422Z,TRUMPUSD,mean_reversion,attempt,MAX_POSITION
2025-12-05T12:33:02.837Z,FXSUSD,mean_reversion,attempt,
2025-12-05T12:33:03.466Z,FXSUSD,mean_reversion,attempt,MAX_POSITION
2025-12-05T12:33:03.933Z,TRXUSD,vwap_pullback,attempt,
2025-12-05T12:33:04.129Z,TRXUSD,vwap_pullback,attempt,POSITION_LIMIT
2025-12-05T12:33:04.414Z,KSMUSD,mean_reversion,attempt,
2025-12-05T12:33:04.745Z,KSMUSD,mean_reversion,attempt,MAX_POSITION
2025-12-05T12:33:05.094Z,USDCHF,vwap_pullback,attempt,
2025-12-05T12:33:05.387Z,XION/USD,vwap_bounce,attempt,
2025-12-05T12:33:05.427Z,USDCHF,vwap_pullback,attempt,MAX_POSITION
2025-12-05T12:33:05.636Z,LINKEUR,vwap_pullback,attempt,
2025-12-05T12:33:05.913Z,XION/USD,vwap_bounce,attempt,MAX_TOTAL_EXPOSURE
2025-12-05T12:33:05.962Z,LINKEUR,vwap_pullback,attempt,MAX_POSITION
2025-12-05T12:33:06.447Z,XXRPZCAD,mean_reversion,attempt,
2025-12-05T12:33:06.645Z,LINKUSD,vwap_pullback,attempt,
2025-12-05T12:33:06.774Z,XXRPZCAD,mean_reversion,attempt,MAX_POSITION
2025-12-05T12:33:06.974Z,LINKUSD,vwap_pullback,attempt,MAX_POSITION
2025-12-05T12:33:07.658Z,XXRPZEUR,mean_reversion,attempt,
2025-12-05T12:33:07.941Z,LINKUSDC,vwap_pullback,attempt,
2025-12-05T12:33:07.993Z,XXRPZEUR,mean_reversion,attempt,MAX_POSITION
2025-12-05T12:33:08.271Z,LINKUSDC,vwap_pullback,attempt,MAX_POSITION
2025-12-05T12:33:08.668Z,XRPGBP,mean_reversion,attempt,
2025-12-05T12:33:08.964Z,LINKUSDT,vwap_pullback,attempt,
2025-12-05T12:33:08.992Z,XRPGBP,mean_reversion,attempt,MAX_POSITION
2025-12-05T12:33:09.291Z,LINKUSDT,vwap_pullback,attempt,MAX_POSITION
2025-12-05T12:33:09.383Z,ATOM/EUR,vwap_pullback,attempt,
2025-12-05T12:33:09.915Z,ATOM/EUR,vwap_pullback,attempt,MAX_TOTAL_EXPOSURE
2025-12-05T12:33:09.967Z,XRPRLUSD,mean_reversion,attempt,
2025-12-05T12:33:10.170Z,XLTCZEUR,mean_reversion,attempt,
2025-12-05T12:33:10.294Z,XRPRLUSD,mean_reversion,attempt,MAX_POSITION
2025-12-05T12:33:10.502Z,XLTCZEUR,mean_reversion,attempt,MAX_POSITION
2025-12-05T12:33:11.024Z,XRPUSDT,mean_reversion,attempt,
2025-12-05T12:33:11.161Z,XLTCZUSD,mean_reversion,attempt,
2025-12-05T12:33:11.351Z,XRPUSDT,mean_reversion,attempt,MAX_POSITION
2025-12-05T12:33:11.496Z,XLTCZUSD,mean_reversion,attempt,MAX_POSITION
2025-12-05T12:33:11.730Z,SOL/USDC,vwap_pullback,attempt,
2025-12-05T12:33:12.076Z,XTZEUR,mean_reversion,attempt,
2025-12-05T12:33:12.248Z,SOL/USDC,vwap_pullback,attempt,MAX_TOTAL_EXPOSURE
2025-12-05T12:33:12.411Z,XTZEUR,mean_reversion,attempt,MAX_POSITION
2025-12-05T12:33:12.763Z,MASKEUR,mean_reversion,attempt,
2025-12-05T12:33:13.108Z,MASKEUR,mean_reversion,attempt,MAX_POSITION
2025-12-05T12:33:13.228Z,XTZUSD,mean_reversion,attempt,
2025-12-05T12:33:13.632Z,XTZUSD,mean_reversion,attempt,MAX_POSITION
2025-12-05T12:33:14.774Z,MEUSD,mean_reversion,attempt,
2025-12-05T12:33:15.102Z,MEUSD,mean_reversion,attempt,MAX_POSITION
2025-12-05T12:33:15.152Z,AKT/EUR,vwap_pullback,attempt,
2025-12-05T12:33:15.733Z,AKT/EUR,vwap_pullback,attempt,MAX_TOTAL_EXPOSURE
2025-12-05T12:33:16.758Z,EUL/USD,vwap_pullback,attempt,
2025-12-05T12:33:17.297Z,EUL/USD,vwap_pullback,attempt,MAX_TOTAL_EXPOSURE
2025-12-05T12:33:17.620Z,NANOEUR,mean_reversion,attempt,
2025-12-05T12:33:18.082Z,NANOEUR,mean_reversion,attempt,MAX_POSITION
2025-12-05T12:33:19.341Z,NANOUSD,mean_reversion,attempt,
2025-12-05T12:33:19.665Z,NANOUSD,mean_reversion,attempt,MAX_POSITION
2025-12-05T12:33:20.863Z,NOSUSD,mean_reversion,attempt,
2025-12-05T12:33:21.190Z,NOSUSD,mean_reversion,attempt,MAX_POSITION
2025-12-05T12:33:22.108Z,OPEUR,mean_reversion,attempt,
2025-12-05T12:33:22.436Z,OPEUR,mean_reversion,attempt,MAX_POSITION
2025-12-05T12:33:23.390Z,OPUSD,mean_reversion,attempt,
2025-12-05T12:33:23.724Z,OPUSD,mean_reversion,attempt,MAX_POSITION
2025-12-05T12:33:25.178Z,PROVEEUR,mean_reversion,attempt,
2025-12-05T12:33:25.527Z,PROVEEUR,mean_reversion,attempt,MAX_POSITION
2025-12-05T12:33:26.620Z,GOMINING/USD,vwap_bounce,attempt,
2025-12-05T12:33:26.718Z,RUNEEUR,mean_reversion,attempt,
2025-12-05T12:33:27.044Z,RUNEEUR,mean_reversion,attempt,MAX_POSITION
2025-12-05T12:33:27.174Z,GOMINING/USD,vwap_bounce,attempt,MAX_TOTAL_EXPOSURE
2025-12-05T12:33:27.933Z,RUNEUSD,mean_reversion,attempt,
2025-12-05T12:33:28.264Z,RUNEUSD,mean_reversion,attempt,MAX_POSITION
2025-12-05T12:33:29.055Z,SOSOUSD,mean_reversion,attempt,
2025-12-05T12:33:29.382Z,SOSOUSD,mean_reversion,attempt,MAX_POSITION
2025-12-05T12:33:30.347Z,TONEUR,mean_reversion,attempt,
2025-12-05T12:33:30.675Z,TONEUR,mean_reversion,attempt,MAX_POSITION
2025-12-05T12:33:31.419Z,ADAAUD,mean_reversion,attempt,
2025-12-05T12:33:31.750Z,ADAAUD,mean_reversion,attempt,MAX_POSITION
2025-12-05T12:33:31.866Z,TONUSD,mean_reversion,attempt,
2025-12-05T12:33:32.193Z,TONUSD,mean_reversion,attempt,MAX_POSITION
2025-12-05T12:33:32.869Z,TRUMPUSD,mean_reversion,attempt,
2025-12-05T12:33:33.032Z,AKTEUR,mean_reversion,attempt,
2025-12-05T12:33:33.567Z,TRUMPUSD,mean_reversion,attempt,MAX_POSITION
2025-12-05T12:33:33.701Z,AKTEUR,mean_reversion,attempt,MAX_POSITION
2025-12-05T12:33:33.799Z,SOL/EUR,vwap_pullback,attempt,
2025-12-05T12:33:34.357Z,SOL/EUR,vwap_pullback,attempt,MAX_TOTAL_EXPOSURE
2025-12-05T12:33:34.606Z,TRXUSD,vwap_pullback,attempt,
2025-12-05T12:33:34.609Z,AUDUSD,vwap_pullback,attempt,
2025-12-05T12:33:34.819Z,TRXUSD,vwap_pullback,attempt,POSITION_LIMIT
2025-12-05T12:33:34.945Z,AUDUSD,vwap_pullback,attempt,MAX_POSITION
2025-12-05T12:33:35.207Z,AUDUSD,sma_trend_ride,attempt,
2025-12-05T12:33:35.534Z,AUDUSD,sma_trend_ride,attempt,MAX_POSITION
2025-12-05T12:33:36.140Z,USDCHF,vwap_pullback,attempt,
2025-12-05T12:33:36.465Z,USDCHF,vwap_pullback,attempt,MAX_POSITION
2025-12-05T12:33:36.485Z,CAKEUSD,mean_reversion,attempt,
2025-12-05T12:33:36.816Z,CAKEUSD,mean_reversion,attempt,MAX_POSITION
2025-12-05T12:33:37.425Z,XXRPZCAD,mean_reversion,attempt,
2025-12-05T12:33:37.623Z,CVXUSD,mean_reversion,attempt,
2025-12-05T12:33:37.757Z,XXRPZCAD,mean_reversion,attempt,MAX_POSITION
2025-12-05T12:33:37.951Z,CVXUSD,mean_reversion,attempt,MAX_POSITION
2025-12-05T12:33:38.394Z,XXRPZEUR,mean_reversion,attempt,
2025-12-05T12:33:38.726Z,XXRPZEUR,mean_reversion,attempt,MAX_POSITION
2025-12-05T12:33:38.853Z,DOTEUR,mean_reversion,attempt,
2025-12-05T12:33:39.189Z,DOTEUR,mean_reversion,attempt,MAX_POSITION
2025-12-05T12:33:39.486Z,XION/USD,vwap_bounce,attempt,
2025-12-05T12:33:39.660Z,XRPGBP,mean_reversion,attempt,
2025-12-05T12:33:39.988Z,XRPGBP,mean_reversion,attempt,MAX_POSITION
2025-12-05T12:33:40.009Z,XION/USD,vwap_bounce,attempt,MAX_TOTAL_EXPOSURE
2025-12-05T12:33:40.398Z,DOTGBP,mean_reversion,attempt,
2025-12-05T12:33:40.732Z,DOTGBP,mean_reversion,attempt,MAX_POSITION
2025-12-05T12:33:41.188Z,XRPRLUSD,mean_reversion,attempt,
2025-12-05T12:33:41.513Z,XRPRLUSD,mean_reversion,attempt,MAX_POSITION
2025-12-05T12:33:41.644Z,ADAAUD,mean_reversion,attempt,
2025-12-05T12:33:41.977Z,ADAAUD,mean_reversion,attempt,MAX_POSITION
2025-12-05T12:33:42.481Z,XRPUSDT,mean_reversion,attempt,
2025-12-05T12:33:42.729Z,DOTUSDC,mean_reversion,attempt,
2025-12-05T12:33:42.813Z,XRPUSDT,mean_reversion,attempt,MAX_POSITION
2025-12-05T12:33:42.858Z,ATOM/EUR,vwap_pullback,attempt,
2025-12-05T12:33:42.978Z,AKTEUR,mean_reversion,attempt,
2025-12-05T12:33:43.085Z,DOTUSDC,mean_reversion,attempt,MAX_POSITION
2025-12-05T12:33:43.310Z,AKTEUR,mean_reversion,attempt,MAX_POSITION
2025-12-05T12:33:43.388Z,ATOM/EUR,vwap_pullback,attempt,MAX_TOTAL_EXPOSURE
2025-12-05T12:33:43.550Z,XTZEUR,mean_reversion,attempt,
2025-12-05T12:33:43.719Z,DOTUSDT,mean_reversion,attempt,
2025-12-05T12:33:43.879Z,XTZEUR,mean_reversion,attempt,MAX_POSITION
2025-12-05T12:33:44.061Z,DOTUSDT,mean_reversion,attempt,MAX_POSITION
2025-12-05T12:33:44.188Z,AUDUSD,vwap_pullback,attempt,
2025-12-05T12:33:44.570Z,AUDUSD,vwap_pullback,attempt,MAX_POSITION
2025-12-05T12:33:44.664Z,SOL/USDC,vwap_pullback,attempt,
2025-12-05T12:33:44.834Z,XTZUSD,mean_reversion,attempt,
2025-12-05T12:33:44.856Z,AUDUSD,sma_trend_ride,attempt,
2025-12-05T12:33:45.000Z,XETCZUSD,mean_reversion,attempt,
2025-12-05T12:33:45.164Z,XTZUSD,mean_reversion,attempt,MAX_POSITION
2025-12-05T12:33:45.191Z,AUDUSD,sma_trend_ride,attempt,MAX_POSITION
2025-12-05T12:33:45.193Z,SOL/USDC,vwap_pullback,attempt,MAX_TOTAL_EXPOSURE
2025-12-05T12:33:45.337Z,XETCZUSD,mean_reversion,attempt,MAX_POSITION
2025-12-05T12:33:45.712Z,CAKEUSD,mean_reversion,attempt,
2025-12-05T12:33:46.042Z,CAKEUSD,mean_reversion,attempt,MAX_POSITION
2025-12-05T12:33:46.045Z,ETHFIEUR,mean_reversion,attempt,
2025-12-05T12:33:46.407Z,ETHFIEUR,mean_reversion,attempt,MAX_POSITION
2025-12-05T12:33:46.997Z,CVXUSD,mean_reversion,attempt,
2025-12-05T12:33:47.442Z,CVXUSD,mean_reversion,attempt,MAX_POSITION
2025-12-05T12:33:47.581Z,EULEUR,mean_reversion,attempt,
2025-12-05T12:33:47.659Z,AKT/EUR,vwap_pullback,attempt,
2025-12-05T12:33:47.917Z,EULEUR,mean_reversion,attempt,MAX_POSITION
2025-12-05T12:33:48.405Z,AKT/EUR,vwap_pullback,attempt,MAX_TOTAL_EXPOSURE
2025-12-05T12:33:48.647Z,DOTEUR,mean_reversion,attempt,
2025-12-05T12:33:48.981Z,DOTEUR,mean_reversion,attempt,MAX_POSITION
2025-12-05T12:33:49.427Z,EUL/USD,vwap_pullback,attempt,
2025-12-05T12:33:49.820Z,DOTGBP,mean_reversion,attempt,
2025-12-05T12:33:50.052Z,EUL/USD,vwap_pullback,attempt,MAX_TOTAL_EXPOSURE
2025-12-05T12:33:50.096Z,EWTUSD,mean_reversion,attempt,
2025-12-05T12:33:50.148Z,DOTGBP,mean_reversion,attempt,MAX_POSITION
2025-12-05T12:33:50.420Z,EWTUSD,mean_reversion,attempt,MAX_POSITION
2025-12-05T12:33:51.035Z,DOTUSDC,mean_reversion,attempt,
2025-12-05T12:33:51.323Z,LTC/USD,vwap_pullback,attempt,
2025-12-05T12:33:51.332Z,FORTHUSD,mean_reversion,attempt,
2025-12-05T12:33:51.371Z,DOTUSDC,mean_reversion,attempt,MAX_POSITION
2025-12-05T12:33:51.657Z,FORTHUSD,mean_reversion,attempt,MAX_POSITION
2025-12-05T12:33:51.859Z,LTC/USD,vwap_pullback,attempt,MAX_TOTAL_EXPOSURE
2025-12-05T12:33:52.063Z,DOTUSDT,mean_reversion,attempt,
2025-12-05T12:33:52.312Z,FXSUSD,mean_reversion,attempt,
2025-12-05T12:33:52.395Z,DOTUSDT,mean_reversion,attempt,MAX_POSITION
2025-12-05T12:33:52.641Z,FXSUSD,mean_reversion,attempt,MAX_POSITION
2025-12-05T12:33:53.126Z,XETCZUSD,mean_reversion,attempt,
2025-12-05T12:33:53.386Z,KSMUSD,mean_reversion,attempt,
2025-12-05T12:33:53.450Z,XETCZUSD,mean_reversion,attempt,MAX_POSITION
2025-12-05T12:33:53.716Z,KSMUSD,mean_reversion,attempt,MAX_POSITION
2025-12-05T12:33:54.111Z,ETHFIEUR,mean_reversion,attempt,
2025-12-05T12:33:54.449Z,ETHFIEUR,mean_reversion,attempt,MAX_POSITION
2025-12-05T12:33:54.711Z,LINKEUR,vwap_pullback,attempt,
2025-12-05T12:33:55.038Z,LINKEUR,vwap_pullback,attempt,MAX_POSITION
2025-12-05T12:33:55.069Z,ADA/USD,vwap_pullback,attempt,
2025-12-05T12:33:55.372Z,EULEUR,mean_reversion,attempt,
2025-12-05T12:33:55.590Z,ADA/USD,vwap_pullback,attempt,MAX_TOTAL_EXPOSURE
2025-12-05T12:33:55.697Z,EULEUR,mean_reversion,attempt,MAX_POSITION
2025-12-05T12:33:55.711Z,LINKUSD,vwap_pullback,attempt,
2025-12-05T12:33:56.104Z,LINKUSD,vwap_pullback,attempt,MAX_POSITION
2025-12-05T12:33:57.289Z,EWTUSD,mean_reversion,attempt,
2025-12-05T12:33:57.298Z,LINKUSDC,vwap_pullback,attempt,
2025-12-05T12:33:57.621Z,LINKUSDC,vwap_pullback,attempt,MAX_POSITION
2025-12-05T12:33:57.683Z,EWTUSD,mean_reversion,attempt,MAX_POSITION
2025-12-05T12:33:58.315Z,LINKUSDT,vwap_pullback,attempt,
2025-12-05T12:33:58.571Z,FORTHUSD,mean_reversion,attempt,
2025-12-05T12:33:58.639Z,LINKUSDT,vwap_pullback,attempt,MAX_POSITION
2025-12-05T12:33:58.861Z,GOMINING/USD,vwap_bounce,attempt,
2025-12-05T12:33:58.897Z,FORTHUSD,mean_reversion,attempt,MAX_POSITION
2025-12-05T12:33:59.457Z,GOMINING/USD,vwap_bounce,attempt,MAX_TOTAL_EXPOSURE
2025-12-05T12:33:59.527Z,FXSUSD,mean_reversion,attempt,
2025-12-05T12:33:59.858Z,FXSUSD,mean_reversion,attempt,MAX_POSITION
2025-12-05T12:33:59.882Z,XLTCZEUR,mean_reversion,attempt,
2025-12-05T12:34:00.214Z,XLTCZEUR,mean_reversion,attempt,MAX_POSITION
2025-12-05T12:34:00.890Z,KSMUSD,mean_reversion,attempt,
2025-12-05T12:34:00.891Z,XLTCZUSD,mean_reversion,attempt,
2025-12-05T12:34:01.219Z,XLTCZUSD,mean_reversion,attempt,MAX_POSITION
2025-12-05T12:34:01.262Z,KSMUSD,mean_reversion,attempt,MAX_POSITION
2025-12-05T12:34:01.889Z,MASKEUR,mean_reversion,attempt,
2025-12-05T12:34:02.003Z,LINKEUR,vwap_pullback,attempt,
2025-12-05T12:34:02.219Z,MASKEUR,mean_reversion,attempt,MAX_POSITION
2025-12-05T12:34:02.330Z,LINKEUR,vwap_pullback,attempt,MAX_POSITION
2025-12-05T12:34:03.566Z,MEUSD,mean_reversion,attempt,
2025-12-05T12:34:03.567Z,LINKUSD,vwap_pullback,attempt,
2025-12-05T12:34:03.890Z,MEUSD,mean_reversion,attempt,MAX_POSITION
2025-12-05T12:34:03.900Z,LINKUSD,vwap_pullback,attempt,MAX_POSITION
2025-12-05T12:34:04.850Z,LINKUSDC,vwap_pullback,attempt,
2025-12-05T12:34:05.161Z,NANOEUR,mean_reversion,attempt,
2025-12-05T12:34:05.184Z,LINKUSDC,vwap_pullback,attempt,MAX_POSITION
2025-12-05T12:34:05.504Z,NANOEUR,mean_reversion,attempt,MAX_POSITION
2025-12-05T12:34:05.534Z,SOL/EUR,range_trading,attempt,
2025-12-05T12:34:06.065Z,SOL/EUR,range_trading,attempt,MAX_TOTAL_EXPOSURE
2025-12-05T12:34:06.220Z,LINKUSDT,vwap_pullback,attempt,
2025-12-05T12:34:06.361Z,NANOUSD,mean_reversion,attempt,
2025-12-05T12:34:06.545Z,LINKUSDT,vwap_pullback,attempt,MAX_POSITION
2025-12-05T12:34:06.688Z,NANOUSD,mean_reversion,attempt,MAX_POSITION
2025-12-05T12:34:07.622Z,NOSUSD,mean_reversion,attempt,
2025-12-05T12:34:07.670Z,XLTCZEUR,mean_reversion,attempt,
2025-12-05T12:34:08.021Z,NOSUSD,mean_reversion,attempt,MAX_POSITION
2025-12-05T12:34:08.031Z,XLTCZEUR,mean_reversion,attempt,MAX_POSITION
2025-12-05T12:34:08.690Z,OPEUR,mean_reversion,attempt,
2025-12-05T12:34:08.709Z,XLTCZUSD,mean_reversion,attempt,
2025-12-05T12:34:09.024Z,OPEUR,mean_reversion,attempt,MAX_POSITION
2025-12-05T12:34:09.048Z,XLTCZUSD,mean_reversion,attempt,MAX_POSITION
2025-12-05T12:34:09.709Z,MASKEUR,mean_reversion,attempt,
2025-12-05T12:34:09.713Z,OPUSD,mean_reversion,attempt,
2025-12-05T12:34:10.035Z,MASKEUR,mean_reversion,attempt,MAX_POSITION
2025-12-05T12:34:10.041Z,OPUSD,mean_reversion,attempt,MAX_POSITION
2025-12-05T12:34:10.990Z,PROVEEUR,mean_reversion,attempt,
2025-12-05T12:34:11.185Z,XION/USD,vwap_bounce,attempt,
2025-12-05T12:34:11.292Z,MEUSD,mean_reversion,attempt,
2025-12-05T12:34:11.319Z,PROVEEUR,mean_reversion,attempt,MAX_POSITION
2025-12-05T12:34:11.618Z,MEUSD,mean_reversion,attempt,MAX_POSITION
2025-12-05T12:34:11.707Z,XION/USD,vwap_bounce,attempt,MAX_TOTAL_EXPOSURE
2025-12-05T12:34:11.926Z,ADAAUD,mean_reversion,attempt,
2025-12-05T12:34:11.969Z,RUNEEUR,mean_reversion,attempt,
2025-12-05T12:34:12.249Z,ADAAUD,mean_reversion,attempt,MAX_POSITION
2025-12-05T12:34:12.293Z,RUNEEUR,mean_reversion,attempt,MAX_POSITION
2025-12-05T12:34:12.716Z,NANOEUR,mean_reversion,attempt,
2025-12-05T12:34:13.044Z,NANOEUR,mean_reversion,attempt,MAX_POSITION
2025-12-05T12:34:13.173Z,AKTEUR,mean_reversion,attempt,
2025-12-05T12:34:13.499Z,AKTEUR,mean_reversion,attempt,MAX_POSITION
2025-12-05T12:34:14.011Z,RUNEUSD,mean_reversion,attempt,
2025-12-05T12:34:14.186Z,NANOUSD,mean_reversion,attempt,
2025-12-05T12:34:14.336Z,RUNEUSD,mean_reversion,attempt,MAX_POSITION
2025-12-05T12:34:14.345Z,ATOM/EUR,vwap_pullback,attempt,
2025-12-05T12:34:14.515Z,NANOUSD,mean_reversion,attempt,MAX_POSITION
2025-12-05T12:34:14.844Z,AUDUSD,vwap_pullback,attempt,
2025-12-05T12:34:14.878Z,ATOM/EUR,vwap_pullback,attempt,MAX_TOTAL_EXPOSURE
2025-12-05T12:34:15.169Z,AUDUSD,vwap_pullback,attempt,MAX_POSITION
2025-12-05T12:34:15.239Z,SOSOUSD,mean_reversion,attempt,
2025-12-05T12:34:15.431Z,AUDUSD,sma_trend_ride,attempt,
2025-12-05T12:34:15.563Z,SOSOUSD,mean_reversion,attempt,MAX_POSITION
2025-12-05T12:34:15.757Z,AUDUSD,sma_trend_ride,attempt,MAX_POSITION
2025-12-05T12:34:15.767Z,NOSUSD,mean_reversion,attempt,
2025-12-05T12:34:16.096Z,NOSUSD,mean_reversion,attempt,MAX_POSITION
2025-12-05T12:34:16.229Z,TONEUR,mean_reversion,attempt,
2025-12-05T12:34:16.567Z,TONEUR,mean_reversion,attempt,MAX_POSITION
2025-12-05T12:34:16.689Z,CAKEUSD,mean_reversion,attempt,
2025-12-05T12:34:17.016Z,CAKEUSD,mean_reversion,attempt,MAX_POSITION
2025-12-05T12:34:17.298Z,SOL/USDC,vwap_pullback,attempt,
2025-12-05T12:34:17.398Z,OPEUR,mean_reversion,attempt,
2025-12-05T12:34:17.499Z,TONUSD,mean_reversion,attempt,
2025-12-05T12:34:17.741Z,OPEUR,mean_reversion,attempt,MAX_POSITION
2025-12-05T12:34:17.844Z,SOL/USDC,vwap_pullback,attempt,MAX_TOTAL_EXPOSURE
2025-12-05T12:34:17.869Z,TONUSD,mean_reversion,attempt,MAX_POSITION
2025-12-05T12:34:18.557Z,CVXUSD,mean_reversion,attempt,
2025-12-05T12:34:18.588Z,OPUSD,mean_reversion,attempt,
2025-12-05T12:34:18.890Z,CVXUSD,mean_reversion,attempt,MAX_POSITION
2025-12-05T12:34:18.917Z,OPUSD,mean_reversion,attempt,MAX_POSITION
2025-12-05T12:34:18.919Z,TRUMPUSD,mean_reversion,attempt,
2025-12-05T12:34:19.258Z,TRUMPUSD,mean_reversion,attempt,MAX_POSITION
2025-12-05T12:34:19.819Z,DOTEUR,mean_reversion,attempt,
2025-12-05T12:34:20.043Z,TRXUSD,vwap_pullback,attempt,
2025-12-05T12:34:20.102Z,PROVEEUR,mean_reversion,attempt,
2025-12-05T12:34:20.146Z,DOTEUR,mean_reversion,attempt,MAX_POSITION
2025-12-05T12:34:20.241Z,TRXUSD,vwap_pullback,attempt,POSITION_LIMIT
2025-12-05T12:34:20.273Z,AKT/EUR,vwap_pullback,attempt,
2025-12-05T12:34:20.440Z,PROVEEUR,mean_reversion,attempt,MAX_POSITION
2025-12-05T12:34:20.870Z,AKT/EUR,vwap_pullback,attempt,MAX_TOTAL_EXPOSURE
2025-12-05T12:34:21.341Z,DOTGBP,mean_reversion,attempt,
2025-12-05T12:34:21.405Z,RUNEEUR,mean_reversion,attempt,
2025-12-05T12:34:21.440Z,USDCHF,vwap_pullback,attempt,
2025-12-05T12:34:21.667Z,DOTGBP,mean_reversion,attempt,MAX_POSITION
2025-12-05T12:34:21.732Z,RUNEEUR,mean_reversion,attempt,MAX_POSITION
2025-12-05T12:34:21.766Z,USDCHF,vwap_pullback,attempt,MAX_POSITION
2025-12-05T12:34:21.882Z,EUL/USD,vwap_pullback,attempt,
2025-12-05T12:34:22.402Z,EUL/USD,vwap_pullback,attempt,MAX_TOTAL_EXPOSURE
2025-12-05T12:34:22.567Z,XXRPZCAD,mean_reversion,attempt,
2025-12-05T12:34:22.679Z,RUNEUSD,mean_reversion,attempt,
2025-12-05T12:34:22.894Z,XXRPZCAD,mean_reversion,attempt,MAX_POSITION
2025-12-05T12:34:22.913Z,DOTUSDC,mean_reversion,attempt,
2025-12-05T12:34:23.012Z,RUNEUSD,mean_reversion,attempt,MAX_POSITION
2025-12-05T12:34:23.240Z,DOTUSDC,mean_reversion,attempt,MAX_POSITION
2025-12-05T12:34:23.531Z,XXRPZEUR,mean_reversion,attempt,
2025-12-05T12:34:23.865Z,XXRPZEUR,mean_reversion,attempt,MAX_POSITION
2025-12-05T12:34:24.196Z,DOTUSDT,mean_reversion,attempt,
2025-12-05T12:34:24.323Z,SOSOUSD,mean_reversion,attempt,
2025-12-05T12:34:24.528Z,DOTUSDT,mean_reversion,attempt,MAX_POSITION
2025-12-05T12:34:24.651Z,SOSOUSD,mean_reversion,attempt,MAX_POSITION
2025-12-05T12:34:25.114Z,XRPGBP,mean_reversion,attempt,
2025-12-05T12:34:25.327Z,XETCZUSD,mean_reversion,attempt,
2025-12-05T12:34:25.444Z,XRPGBP,mean_reversion,attempt,MAX_POSITION
2025-12-05T12:34:25.578Z,TONEUR,mean_reversion,attempt,
2025-12-05T12:34:25.655Z,XETCZUSD,mean_reversion,attempt,MAX_POSITION
2025-12-05T12:34:25.905Z,TONEUR,mean_reversion,attempt,MAX_POSITION
2025-12-05T12:34:26.156Z,XRPRLUSD,mean_reversion,attempt,
2025-12-05T12:34:26.337Z,ETHFIEUR,mean_reversion,attempt,
2025-12-05T12:34:26.374Z,TONUSD,mean_reversion,attempt,
2025-12-05T12:34:26.502Z,XRPRLUSD,mean_reversion,attempt,MAX_POSITION
2025-12-05T12:34:26.666Z,ETHFIEUR,mean_reversion,attempt,MAX_POSITION
2025-12-05T12:34:26.716Z,TONUSD,mean_reversion,attempt,MAX_POSITION
2025-12-05T12:34:26.938Z,GRASS/USD,vwap_bounce,attempt,
2025-12-05T12:34:27.307Z,XRPUSDT,mean_reversion,attempt,
2025-12-05T12:34:27.358Z,EULEUR,mean_reversion,attempt,
2025-12-05T12:34:27.375Z,TRUMPUSD,mean_reversion,attempt,
2025-12-05T12:34:27.458Z,GRASS/USD,vwap_bounce,attempt,MAX_TOTAL_EXPOSURE
2025-12-05T12:34:27.659Z,XRPUSDT,mean_reversion,attempt,MAX_POSITION
2025-12-05T12:34:27.702Z,EULEUR,mean_reversion,attempt,MAX_POSITION
2025-12-05T12:34:27.706Z,TRUMPUSD,mean_reversion,attempt,MAX_POSITION
2025-12-05T12:34:28.428Z,TRXUSD,vwap_pullback,attempt,
2025-12-05T12:34:28.623Z,TRXUSD,vwap_pullback,attempt,POSITION_LIMIT
2025-12-05T12:34:28.624Z,XTZEUR,mean_reversion,attempt,
2025-12-05T12:34:28.706Z,LTC/EUR,vwap_pullback,attempt,
2025-12-05T12:34:28.953Z,XTZEUR,mean_reversion,attempt,MAX_POSITION
2025-12-05T12:34:29.239Z,LTC/EUR,vwap_pullback,attempt,MAX_TOTAL_EXPOSURE
2025-12-05T12:34:29.555Z,EWTUSD,mean_reversion,attempt,
2025-12-05T12:34:29.613Z,USDCHF,vwap_pullback,attempt,
2025-12-05T12:34:29.835Z,XTZUSD,mean_reversion,attempt,
2025-12-05T12:34:29.879Z,EWTUSD,mean_reversion,attempt,MAX_POSITION
2025-12-05T12:34:29.946Z,USDCHF,vwap_pullback,attempt,MAX_POSITION
2025-12-05T12:34:30.168Z,XTZUSD,mean_reversion,attempt,MAX_POSITION
2025-12-05T12:34:30.578Z,FORTHUSD,mean_reversion,attempt,
2025-12-05T12:34:30.904Z,FORTHUSD,mean_reversion,attempt,MAX_POSITION
2025-12-05T12:34:31.011Z,XXRPZCAD,mean_reversion,attempt,
2025-12-05T12:34:31.334Z,XXRPZCAD,mean_reversion,attempt,MAX_POSITION
2025-12-05T12:34:31.578Z,FXSUSD,mean_reversion,attempt,
2025-12-05T12:34:31.902Z,FXSUSD,mean_reversion,attempt,MAX_POSITION
2025-12-05T12:34:32.225Z,XXRPZEUR,mean_reversion,attempt,
2025-12-05T12:34:32.553Z,XXRPZEUR,mean_reversion,attempt,MAX_POSITION
2025-12-05T12:34:32.709Z,KSMUSD,mean_reversion,attempt,
2025-12-05T12:34:33.040Z,KSMUSD,mean_reversion,attempt,MAX_POSITION
2025-12-05T12:34:33.578Z,XRPGBP,mean_reversion,attempt,
2025-12-05T12:34:33.910Z,XRPGBP,mean_reversion,attempt,MAX_POSITION
2025-12-05T12:34:33.970Z,LINKEUR,vwap_pullback,attempt,
2025-12-05T12:34:34.302Z,LINKEUR,vwap_pullback,attempt,MAX_POSITION
2025-12-05T12:34:34.598Z,XRPRLUSD,mean_reversion,attempt,
2025-12-05T12:34:34.644Z,SOL/EUR,range_trading,attempt,
2025-12-05T12:34:34.922Z,XRPRLUSD,mean_reversion,attempt,MAX_POSITION
2025-12-05T12:34:35.176Z,SOL/EUR,range_trading,attempt,MAX_TOTAL_EXPOSURE
2025-12-05T12:34:35.253Z,LINKUSD,vwap_pullback,attempt,
2025-12-05T12:34:35.585Z,LINKUSD,vwap_pullback,attempt,MAX_POSITION
2025-12-05T12:34:35.862Z,XRPUSDT,mean_reversion,attempt,
2025-12-05T12:34:36.192Z,XRPUSDT,mean_reversion,attempt,MAX_POSITION
2025-12-05T12:34:37.065Z,XTZEUR,mean_reversion,attempt,
2025-12-05T12:34:37.151Z,LINKUSDC,vwap_pullback,attempt,
2025-12-05T12:34:37.394Z,XTZEUR,mean_reversion,attempt,MAX_POSITION
2025-12-05T12:34:37.481Z,LINKUSDC,vwap_pullback,attempt,MAX_POSITION
2025-12-05T12:34:37.816Z,SUI/GBP,vwap_pullback,attempt,
2025-12-05T12:34:38.086Z,XTZUSD,mean_reversion,attempt,
2025-12-05T12:34:38.340Z,SUI/GBP,vwap_pullback,attempt,MAX_TOTAL_EXPOSURE
2025-12-05T12:34:38.409Z,XTZUSD,mean_reversion,attempt,MAX_POSITION
2025-12-05T12:34:38.461Z,LINKUSDT,vwap_pullback,attempt,
2025-12-05T12:34:38.801Z,LINKUSDT,vwap_pullback,attempt,MAX_POSITION
2025-12-05T12:34:39.468Z,XLTCZEUR,mean_reversion,attempt,
2025-12-05T12:34:39.797Z,XLTCZEUR,mean_reversion,attempt,MAX_POSITION
2025-12-05T12:34:40.088Z,XION/USD,vwap_bounce,attempt,
2025-12-05T12:34:40.616Z,XION/USD,vwap_bounce,attempt,MAX_TOTAL_EXPOSURE
2025-12-05T12:34:40.744Z,XLTCZUSD,mean_reversion,attempt,
2025-12-05T12:34:41.071Z,XLTCZUSD,mean_reversion,attempt,MAX_POSITION
2025-12-05T12:34:42.280Z,MASKEUR,mean_reversion,attempt,
2025-12-05T12:34:42.611Z,MASKEUR,mean_reversion,attempt,MAX_POSITION
2025-12-05T12:34:42.615Z,ATOM/EUR,vwap_pullback,attempt,
2025-12-05T12:34:43.136Z,ATOM/EUR,vwap_pullback,attempt,MAX_TOTAL_EXPOSURE
2025-12-05T12:34:43.682Z,MEUSD,mean_reversion,attempt,
2025-12-05T12:34:44.017Z,MEUSD,mean_reversion,attempt,MAX_POSITION
2025-12-05T12:34:45.459Z,NANOEUR,mean_reversion,attempt,
2025-12-05T12:34:45.623Z,SOL/USDC,vwap_pullback,attempt,
2025-12-05T12:34:45.792Z,NANOEUR,mean_reversion,attempt,MAX_POSITION
2025-12-05T12:34:46.149Z,SOL/USDC,vwap_pullback,attempt,MAX_TOTAL_EXPOSURE
2025-12-05T12:34:46.763Z,NANOUSD,mean_reversion,attempt,
2025-12-05T12:34:47.089Z,NANOUSD,mean_reversion,attempt,MAX_POSITION
2025-12-05T12:34:48.609Z,NOSUSD,mean_reversion,attempt,
2025-12-05T12:34:48.652Z,AKT/EUR,vwap_pullback,attempt,
2025-12-05T12:34:48.936Z,NOSUSD,mean_reversion,attempt,MAX_POSITION
2025-12-05T12:34:49.171Z,AKT/EUR,vwap_pullback,attempt,MAX_TOTAL_EXPOSURE
2025-12-05T12:34:49.934Z,EUL/USD,range_trading,attempt,
2025-12-05T12:34:50.022Z,OPEUR,mean_reversion,attempt,
2025-12-05T12:34:50.355Z,OPEUR,mean_reversion,attempt,MAX_POSITION
2025-12-05T12:34:50.455Z,EUL/USD,range_trading,attempt,MAX_TOTAL_EXPOSURE
2025-12-05T12:34:51.601Z,OPUSD,mean_reversion,attempt,
2025-12-05T12:34:51.625Z,LTC/USD,vwap_pullback,attempt,
2025-12-05T12:34:51.927Z,OPUSD,mean_reversion,attempt,MAX_POSITION
2025-12-05T12:34:52.149Z,LTC/USD,vwap_pullback,attempt,MAX_TOTAL_EXPOSURE
2025-12-05T12:34:52.861Z,PROVEEUR,mean_reversion,attempt,
2025-12-05T12:34:53.205Z,PROVEEUR,mean_reversion,attempt,MAX_POSITION
2025-12-05T12:34:53.886Z,RUNEEUR,mean_reversion,attempt,
2025-12-05T12:34:54.221Z,RUNEEUR,mean_reversion,attempt,MAX_POSITION
2025-12-05T12:34:55.171Z,RUNEUSD,mean_reversion,attempt,
2025-12-05T12:34:55.498Z,RUNEUSD,mean_reversion,attempt,MAX_POSITION
2025-12-05T12:34:56.440Z,GRASS/USD,vwap_bounce,attempt,
2025-12-05T12:34:56.521Z,SOSOUSD,mean_reversion,attempt,
2025-12-05T12:34:56.857Z,SOSOUSD,mean_reversion,attempt,MAX_POSITION
2025-12-05T12:34:56.963Z,GRASS/USD,vwap_bounce,attempt,MAX_TOTAL_EXPOSURE
2025-12-05T12:34:58.109Z,TONEUR,mean_reversion,attempt,
2025-12-05T12:34:58.443Z,TONEUR,mean_reversion,attempt,MAX_POSITION
2025-12-05T12:34:59.377Z,TONUSD,mean_reversion,attempt,
2025-12-05T12:34:59.701Z,TONUSD,mean_reversion,attempt,MAX_POSITION
2025-12-05T12:35:00.487Z,TRUMPUSD,mean_reversion,attempt,
2025-12-05T12:35:00.618Z,SUI/GBP,vwap_pullback,attempt,
2025-12-05T12:35:00.812Z,TRUMPUSD,mean_reversion,attempt,MAX_POSITION
2025-12-05T12:35:01.149Z,SUI/GBP,vwap_pullback,attempt,MAX_TOTAL_EXPOSURE
2025-12-05T12:35:01.151Z,ADAAUD,mean_reversion,attempt,
2025-12-05T12:35:01.475Z,ADAAUD,mean_reversion,attempt,MAX_POSITION
2025-12-05T12:35:01.965Z,TRXUSD,vwap_pullback,attempt,
2025-12-05T12:35:02.159Z,TRXUSD,vwap_pullback,attempt,POSITION_LIMIT
2025-12-05T12:35:02.853Z,USDCHF,vwap_pullback,attempt,
2025-12-05T12:35:03.117Z,XION/USD,vwap_bounce,attempt,
2025-12-05T12:35:03.448Z,USDCHF,vwap_pullback,attempt,MAX_POSITION
2025-12-05T12:35:03.470Z,AKTEUR,mean_reversion,attempt,
2025-12-05T12:35:03.834Z,AKTEUR,mean_reversion,attempt,MAX_POSITION
2025-12-05T12:35:03.922Z,XION/USD,vwap_bounce,attempt,MAX_TOTAL_EXPOSURE
2025-12-05T12:35:04.835Z,AUDUSD,vwap_pullback,attempt,
2025-12-05T12:35:05.003Z,XXRPZCAD,mean_reversion,attempt,
2025-12-05T12:35:05.162Z,AUDUSD,vwap_pullback,attempt,MAX_POSITION
2025-12-05T12:35:05.328Z,XXRPZCAD,mean_reversion,attempt,MAX_POSITION
2025-12-05T12:35:05.434Z,AUDUSD,sma_trend_ride,attempt,
2025-12-05T12:35:05.763Z,AUDUSD,sma_trend_ride,attempt,MAX_POSITION
2025-12-05T12:35:05.957Z,XXRPZEUR,mean_reversion,attempt,
2025-12-05T12:35:06.295Z,XXRPZEUR,mean_reversion,attempt,MAX_POSITION
2025-12-05T12:35:06.730Z,CAKEUSD,mean_reversion,attempt,
2025-12-05T12:35:07.062Z,CAKEUSD,mean_reversion,attempt,MAX_POSITION
2025-12-05T12:35:07.549Z,XRPGBP,mean_reversion,attempt,
2025-12-05T12:35:07.747Z,CVXUSD,mean_reversion,attempt,
2025-12-05T12:35:07.880Z,XRPGBP,mean_reversion,attempt,MAX_POSITION
2025-12-05T12:35:07.897Z,SOL/USDC,vwap_pullback,attempt,
2025-12-05T12:35:08.165Z,CVXUSD,mean_reversion,attempt,MAX_POSITION
2025-12-05T12:35:08.418Z,SOL/USDC,vwap_pullback,attempt,MAX_TOTAL_EXPOSURE
2025-12-05T12:35:08.861Z,XRPRLUSD,mean_reversion,attempt,
2025-12-05T12:35:09.188Z,XRPRLUSD,mean_reversion,attempt,MAX_POSITION
2025-12-05T12:35:09.648Z,DOTEUR,mean_reversion,attempt,
2025-12-05T12:35:09.961Z,XRPUSDT,mean_reversion,attempt,
2025-12-05T12:35:09.982Z,DOTEUR,mean_reversion,attempt,MAX_POSITION
2025-12-05T12:35:10.289Z,XRPUSDT,mean_reversion,attempt,MAX_POSITION
2025-12-05T12:35:10.838Z,AKT/EUR,vwap_pullback,attempt,
2025-12-05T12:35:10.919Z,DOTGBP,mean_reversion,attempt,
2025-12-05T12:35:10.981Z,XTZEUR,mean_reversion,attempt,
2025-12-05T12:35:11.245Z,DOTGBP,mean_reversion,attempt,MAX_POSITION
2025-12-05T12:35:11.311Z,XTZEUR,mean_reversion,attempt,MAX_POSITION
2025-12-05T12:35:11.359Z,AKT/EUR,vwap_pullback,attempt,MAX_TOTAL_EXPOSURE
2025-12-05T12:35:11.930Z,XTZUSD,mean_reversion,attempt,
2025-12-05T12:35:12.179Z,DOTUSDC,mean_reversion,attempt,
2025-12-05T12:35:12.257Z,XTZUSD,mean_reversion,attempt,MAX_POSITION
2025-12-05T12:35:12.507Z,DOTUSDC,mean_reversion,attempt,MAX_POSITION
2025-12-05T12:35:12.639Z,ADAAUD,mean_reversion,attempt,
2025-12-05T12:35:12.968Z,ADAAUD,mean_reversion,attempt,MAX_POSITION
2025-12-05T12:35:13.164Z,DOTUSDT,mean_reversion,attempt,
2025-12-05T12:35:13.204Z,LTC/USD,vwap_pullback,attempt,
2025-12-05T12:35:13.492Z,DOTUSDT,mean_reversion,attempt,MAX_POSITION
2025-12-05T12:35:13.733Z,LTC/USD,vwap_pullback,attempt,MAX_TOTAL_EXPOSURE
2025-12-05T12:35:13.957Z,AKTEUR,mean_reversion,attempt,
2025-12-05T12:35:14.292Z,AKTEUR,mean_reversion,attempt,MAX_POSITION
2025-12-05T12:35:14.463Z,XETCZUSD,mean_reversion,attempt,
2025-12-05T12:35:14.756Z,ETH/USD,vwap_pullback,attempt,
2025-12-05T12:35:14.787Z,XETCZUSD,mean_reversion,attempt,MAX_POSITION
2025-12-05T12:35:15.279Z,ETH/USD,vwap_pullback,attempt,MAX_TOTAL_EXPOSURE
2025-12-05T12:35:15.440Z,AUDUSD,vwap_pullback,attempt,
2025-12-05T12:35:15.700Z,ETHFIEUR,mean_reversion,attempt,
2025-12-05T12:35:15.764Z,AUDUSD,vwap_pullback,attempt,MAX_POSITION
2025-12-05T12:35:16.027Z,AUDUSD,sma_trend_ride,attempt,
2025-12-05T12:35:16.028Z,ETHFIEUR,mean_reversion,attempt,MAX_POSITION
2025-12-05T12:35:16.350Z,AUDUSD,sma_trend_ride,attempt,MAX_POSITION
2025-12-05T12:35:16.701Z,EULEUR,mean_reversion,attempt,
2025-12-05T12:35:16.847Z,ADA/USD,vwap_pullback,attempt,
2025-12-05T12:35:17.027Z,EULEUR,mean_reversion,attempt,MAX_POSITION
2025-12-05T12:35:17.366Z,ADA/USD,vwap_pullback,attempt,MAX_TOTAL_EXPOSURE
2025-12-05T12:35:17.383Z,CAKEUSD,mean_reversion,attempt,
2025-12-05T12:35:17.742Z,CAKEUSD,mean_reversion,attempt,MAX_POSITION
2025-12-05T12:35:18.580Z,GRASS/USD,vwap_bounce,attempt,
2025-12-05T12:35:18.644Z,CVXUSD,mean_reversion,attempt,
2025-12-05T12:35:18.648Z,EWTUSD,mean_reversion,attempt,
2025-12-05T12:35:18.976Z,CVXUSD,mean_reversion,attempt,MAX_POSITION
2025-12-05T12:35:19.004Z,EWTUSD,mean_reversion,attempt,MAX_POSITION
2025-12-05T12:35:19.107Z,GRASS/USD,vwap_bounce,attempt,MAX_TOTAL_EXPOSURE
2025-12-05T12:35:19.993Z,DOTEUR,mean_reversion,attempt,
2025-12-05T12:35:20.103Z,FORTHUSD,mean_reversion,attempt,
2025-12-05T12:35:20.326Z,DOTEUR,mean_reversion,attempt,MAX_POSITION
2025-12-05T12:35:20.430Z,FORTHUSD,mean_reversion,attempt,MAX_POSITION
2025-12-05T12:35:21.184Z,FXSUSD,mean_reversion,attempt,
2025-12-05T12:35:21.583Z,FXSUSD,mean_reversion,attempt,MAX_POSITION
2025-12-05T12:35:21.646Z,DOTGBP,mean_reversion,attempt,
2025-12-05T12:35:21.975Z,DOTGBP,mean_reversion,attempt,MAX_POSITION
2025-12-05T12:35:22.001Z,LTC/EUR,vwap_pullback,attempt,
2025-12-05T12:35:22.521Z,LTC/EUR,vwap_pullback,attempt,MAX_TOTAL_EXPOSURE
2025-12-05T12:35:22.725Z,KSMUSD,mean_reversion,attempt,
2025-12-05T12:35:22.902Z,DOTUSDC,mean_reversion,attempt,
2025-12-05T12:35:23.055Z,KSMUSD,mean_reversion,attempt,MAX_POSITION
2025-12-05T12:35:23.238Z,DOTUSDC,mean_reversion,attempt,MAX_POSITION
2025-12-05T12:35:23.794Z,LINKEUR,vwap_pullback,attempt,
2025-12-05T12:35:23.903Z,DOTUSDT,mean_reversion,attempt,
2025-12-05T12:35:24.120Z,LINKEUR,vwap_pullback,attempt,MAX_POSITION
2025-12-05T12:35:24.229Z,DOTUSDT,mean_reversion,attempt,MAX_POSITION
2025-12-05T12:35:24.670Z,LINKUSD,vwap_pullback,attempt,
2025-12-05T12:35:24.993Z,LINKUSD,vwap_pullback,attempt,MAX_POSITION
2025-12-05T12:35:25.769Z,LINKUSDC,vwap_pullback,attempt,
2025-12-05T12:35:25.804Z,SOL/USDC,vwap_pullback,attempt,
2025-12-05T12:35:25.916Z,XETCZUSD,mean_reversion,attempt,
2025-12-05T12:35:26.094Z,LINKUSDC,vwap_pullback,attempt,MAX_POSITION
2025-12-05T12:35:26.244Z,XETCZUSD,mean_reversion,attempt,MAX_POSITION
2025-12-05T12:35:26.352Z,SOL/USDC,vwap_pullback,attempt,MAX_TOTAL_EXPOSURE
2025-12-05T12:35:27.220Z,ETHFIEUR,mean_reversion,attempt,
2025-12-05T12:35:27.386Z,LINKUSDT,vwap_pullback,attempt,
2025-12-05T12:35:27.564Z,ETHFIEUR,mean_reversion,attempt,MAX_POSITION
2025-12-05T12:35:27.724Z,LINKUSDT,vwap_pullback,attempt,MAX_POSITION
2025-12-05T12:35:28.239Z,EULEUR,mean_reversion,attempt,
2025-12-05T12:35:28.565Z,EULEUR,mean_reversion,attempt,MAX_POSITION
2025-12-05T12:35:28.755Z,AKT/EUR,vwap_pullback,attempt,
2025-12-05T12:35:29.020Z,XLTCZEUR,mean_reversion,attempt,
2025-12-05T12:35:29.286Z,AKT/EUR,vwap_pullback,attempt,MAX_TOTAL_EXPOSURE
2025-12-05T12:35:29.352Z,XLTCZEUR,mean_reversion,attempt,MAX_POSITION
2025-12-05T12:35:30.437Z,EWTUSD,mean_reversion,attempt,
2025-12-05T12:35:30.673Z,XLTCZUSD,mean_reversion,attempt,
2025-12-05T12:35:30.810Z,EWTUSD,mean_reversion,attempt,MAX_POSITION
2025-12-05T12:35:31.025Z,XLTCZUSD,mean_reversion,attempt,MAX_POSITION
2025-12-05T12:35:31.362Z,LTC/USD,vwap_pullback,attempt,
2025-12-05T12:35:31.516Z,FORTHUSD,mean_reversion,attempt,
2025-12-05T12:35:31.841Z,FORTHUSD,mean_reversion,attempt,MAX_POSITION
2025-12-05T12:35:31.891Z,LTC/USD,vwap_pullback,attempt,MAX_TOTAL_EXPOSURE
2025-12-05T12:35:32.267Z,MASKEUR,mean_reversion,attempt,
2025-12-05T12:35:32.624Z,MASKEUR,mean_reversion,attempt,MAX_POSITION
2025-12-05T12:35:32.826Z,FXSUSD,mean_reversion,attempt,
2025-12-05T12:35:33.423Z,FXSUSD,mean_reversion,attempt,MAX_POSITION
2025-12-05T12:35:33.431Z,ETH/USD,vwap_pullback,attempt,
2025-12-05T12:35:33.979Z,ETH/USD,vwap_pullback,attempt,MAX_TOTAL_EXPOSURE
2025-12-05T12:35:34.460Z,KSMUSD,mean_reversion,attempt,
2025-12-05T12:35:34.482Z,MASKUSD,mean_reversion,attempt,
2025-12-05T12:35:34.799Z,KSMUSD,mean_reversion,attempt,MAX_POSITION
2025-12-05T12:35:34.813Z,MASKUSD,mean_reversion,attempt,MAX_POSITION
2025-12-05T12:35:35.490Z,LINKEUR,vwap_pullback,attempt,
2025-12-05T12:35:35.755Z,MEUSD,mean_reversion,attempt,
2025-12-05T12:35:35.832Z,LINKEUR,vwap_pullback,attempt,MAX_POSITION
2025-12-05T12:35:36.083Z,ADA/USD,vwap_pullback,attempt,
2025-12-05T12:35:36.096Z,MEUSD,mean_reversion,attempt,MAX_POSITION
2025-12-05T12:35:36.618Z,ADA/USD,vwap_pullback,attempt,MAX_TOTAL_EXPOSURE
2025-12-05T12:35:36.782Z,LINKUSD,vwap_pullback,attempt,
2025-12-05T12:35:37.109Z,LINKUSD,vwap_pullback,attempt,MAX_POSITION
2025-12-05T12:35:37.370Z,GRASS/USD,vwap_bounce,attempt,
2025-12-05T12:35:37.904Z,GRASS/USD,vwap_bounce,attempt,MAX_TOTAL_EXPOSURE
2025-12-05T12:35:38.115Z,NANOEUR,mean_reversion,attempt,
2025-12-05T12:35:38.216Z,LINKUSDC,vwap_pullback,attempt,
2025-12-05T12:35:38.447Z,NANOEUR,mean_reversion,attempt,MAX_POSITION
2025-12-05T12:35:38.544Z,LINKUSDC,vwap_pullback,attempt,MAX_POSITION
2025-12-05T12:35:39.160Z,NANOUSD,mean_reversion,attempt,
2025-12-05T12:35:39.488Z,NANOUSD,mean_reversion,attempt,MAX_POSITION
2025-12-05T12:35:39.551Z,LINKUSDT,vwap_pullback,attempt,
2025-12-05T12:35:39.887Z,LINKUSDT,vwap_pullback,attempt,MAX_POSITION
2025-12-05T12:35:39.956Z,LTC/EUR,vwap_pullback,attempt,
2025-12-05T12:35:40.380Z,NOSUSD,mean_reversion,attempt,
2025-12-05T12:35:40.509Z,LTC/EUR,vwap_pullback,attempt,MAX_TOTAL_EXPOSURE
2025-12-05T12:35:40.711Z,NOSUSD,mean_reversion,attempt,MAX_POSITION
2025-12-05T12:35:41.096Z,XLTCZEUR,mean_reversion,attempt,
2025-12-05T12:35:41.421Z,XLTCZEUR,mean_reversion,attempt,MAX_POSITION
2025-12-05T12:35:41.707Z,OPEUR,mean_reversion,attempt,
2025-12-05T12:35:41.970Z,BAND/USD,range_trading,attempt,
2025-12-05T12:35:42.034Z,OPEUR,mean_reversion,attempt,MAX_POSITION
2025-12-05T12:35:42.508Z,BAND/USD,range_trading,attempt,MAX_TOTAL_EXPOSURE
2025-12-05T12:35:42.639Z,XLTCZUSD,mean_reversion,attempt,
2025-12-05T12:35:42.972Z,XLTCZUSD,mean_reversion,attempt,MAX_POSITION
2025-12-05T12:35:42.973Z,OPUSD,mean_reversion,attempt,
2025-12-05T12:35:43.322Z,OPUSD,mean_reversion,attempt,MAX_POSITION
2025-12-05T12:35:44.072Z,TRUMP/USD,vwap_pullback,attempt,
2025-12-05T12:35:44.283Z,MASKEUR,mean_reversion,attempt,
2025-12-05T12:35:44.327Z,PROVEEUR,mean_reversion,attempt,
2025-12-05T12:35:44.605Z,TRUMP/USD,vwap_pullback,attempt,MAX_TOTAL_EXPOSURE
2025-12-05T12:35:44.607Z,MASKEUR,mean_reversion,attempt,MAX_POSITION
2025-12-05T12:35:44.657Z,PROVEEUR,mean_reversion,attempt,MAX_POSITION
2025-12-05T12:35:45.316Z,MASKUSD,mean_reversion,attempt,
2025-12-05T12:35:45.662Z,MASKUSD,mean_reversion,attempt,MAX_POSITION
2025-12-05T12:35:45.927Z,RUNEEUR,mean_reversion,attempt,
2025-12-05T12:35:46.239Z,MEUSD,mean_reversion,attempt,
2025-12-05T12:35:46.270Z,RUNEEUR,mean_reversion,attempt,MAX_POSITION
2025-12-05T12:35:46.599Z,MEUSD,mean_reversion,attempt,MAX_POSITION
2025-12-05T12:35:47.217Z,RUNEUSD,mean_reversion,attempt,
2025-12-05T12:35:47.547Z,RUNEUSD,mean_reversion,attempt,MAX_POSITION
2025-12-05T12:35:48.090Z,SOL/USDC,vwap_pullback,attempt,
2025-12-05T12:35:48.556Z,NANOEUR,mean_reversion,attempt,
2025-12-05T12:35:48.561Z,SOSOUSD,mean_reversion,attempt,
2025-12-05T12:35:48.873Z,SOL/USDC,vwap_pullback,attempt,MAX_TOTAL_EXPOSURE
2025-12-05T12:35:48.889Z,SOSOUSD,mean_reversion,attempt,MAX_POSITION
2025-12-05T12:35:48.892Z,NANOEUR,mean_reversion,attempt,MAX_POSITION
2025-12-05T12:35:49.831Z,TONEUR,mean_reversion,attempt,
2025-12-05T12:35:49.931Z,NANOUSD,mean_reversion,attempt,
2025-12-05T12:35:50.157Z,TONEUR,mean_reversion,attempt,MAX_POSITION
2025-12-05T12:35:50.255Z,NANOUSD,mean_reversion,attempt,MAX_POSITION
2025-12-05T12:35:51.138Z,TONUSD,mean_reversion,attempt,
2025-12-05T12:35:51.335Z,NOSUSD,mean_reversion,attempt,
2025-12-05T12:35:51.465Z,TONUSD,mean_reversion,attempt,MAX_POSITION
2025-12-05T12:35:51.467Z,AKT/EUR,vwap_pullback,attempt,
2025-12-05T12:35:51.668Z,NOSUSD,mean_reversion,attempt,MAX_POSITION
2025-12-05T12:35:52.004Z,AKT/EUR,vwap_pullback,attempt,MAX_TOTAL_EXPOSURE
2025-12-05T12:35:52.435Z,TRUMPUSD,mean_reversion,attempt,
2025-12-05T12:35:52.438Z,OPEUR,mean_reversion,attempt,
2025-12-05T12:35:52.763Z,OPEUR,mean_reversion,attempt,MAX_POSITION
2025-12-05T12:35:52.770Z,TRUMPUSD,mean_reversion,attempt,MAX_POSITION
2025-12-05T12:35:53.507Z,OPUSD,mean_reversion,attempt,
2025-12-05T12:35:53.841Z,OPUSD,mean_reversion,attempt,MAX_POSITION
2025-12-05T12:35:53.844Z,LTC/USD,vwap_pullback,attempt,
2025-12-05T12:35:54.012Z,TRXUSD,vwap_pullback,attempt,
2025-12-05T12:35:54.209Z,TRXUSD,vwap_pullback,attempt,POSITION_LIMIT
2025-12-05T12:35:54.366Z,LTC/USD,vwap_pullback,attempt,MAX_TOTAL_EXPOSURE
2025-12-05T12:35:54.526Z,PROVEEUR,mean_reversion,attempt,
2025-12-05T12:35:54.863Z,PROVEEUR,mean_reversion,attempt,MAX_POSITION
2025-12-05T12:35:55.385Z,ETH/USD,vwap_pullback,attempt,
2025-12-05T12:35:55.506Z,USDCHF,vwap_pullback,attempt,
2025-12-05T12:35:55.840Z,USDCHF,vwap_pullback,attempt,MAX_POSITION
2025-12-05T12:35:55.946Z,ETH/USD,vwap_pullback,attempt,MAX_TOTAL_EXPOSURE
2025-12-05T12:35:56.795Z,XXRPZCAD,mean_reversion,attempt,
2025-12-05T12:35:56.936Z,RUNEEUR,mean_reversion,attempt,
2025-12-05T12:35:57.132Z,XXRPZCAD,mean_reversion,attempt,MAX_POSITION
2025-12-05T12:35:57.264Z,RUNEEUR,mean_reversion,attempt,MAX_POSITION
2025-12-05T12:35:58.114Z,RUNEUSD,mean_reversion,attempt,
2025-12-05T12:35:58.165Z,ADA/USD,vwap_pullback,attempt,
2025-12-05T12:35:58.239Z,ADAAUD,mean_reversion,attempt,
2025-12-05T12:35:58.389Z,XXRPZEUR,mean_reversion,attempt,
2025-12-05T12:35:58.487Z,RUNEUSD,mean_reversion,attempt,MAX_POSITION
2025-12-05T12:35:58.631Z,ADAAUD,mean_reversion,attempt,MAX_POSITION
2025-12-05T12:35:58.762Z,ADA/USD,vwap_pullback,attempt,MAX_TOTAL_EXPOSURE
2025-12-05T12:35:58.764Z,XXRPZEUR,mean_reversion,attempt,MAX_POSITION
2025-12-05T12:35:59.511Z,XRPGBP,mean_reversion,attempt,
2025-12-05T12:35:59.513Z,SOSOUSD,mean_reversion,attempt,
2025-12-05T12:35:59.875Z,XRPGBP,mean_reversion,attempt,MAX_POSITION
2025-12-05T12:35:59.880Z,SOSOUSD,mean_reversion,attempt,MAX_POSITION
2025-12-05T12:35:59.882Z,AKTEUR,mean_reversion,attempt,
2025-12-05T12:35:59.995Z,GRASS/USD,vwap_bounce,attempt,
2025-12-05T12:36:00.260Z,AKTEUR,mean_reversion,attempt,MAX_POSITION
2025-12-05T12:36:00.552Z,GRASS/USD,vwap_bounce,attempt,MAX_TOTAL_EXPOSURE
2025-12-05T12:36:00.560Z,XRPRLUSD,mean_reversion,attempt,
2025-12-05T12:36:00.992Z,XRPRLUSD,mean_reversion,attempt,MAX_POSITION
2025-12-05T12:36:01.092Z,TONEUR,mean_reversion,attempt,
2025-12-05T12:36:01.218Z,AUDUSD,vwap_pullback,attempt,
2025-12-05T12:36:01.433Z,TONEUR,mean_reversion,attempt,MAX_POSITION
2025-12-05T12:36:01.545Z,AUDUSD,vwap_pullback,attempt,MAX_POSITION
2025-12-05T12:36:01.812Z,AUDUSD,sma_trend_ride,attempt,
2025-12-05T12:36:01.997Z,XRPUSDT,mean_reversion,attempt,
2025-12-05T12:36:02.206Z,AUDUSD,sma_trend_ride,attempt,MAX_POSITION
2025-12-05T12:36:02.381Z,XRPUSDT,mean_reversion,attempt,MAX_POSITION
2025-12-05T12:36:02.485Z,LTC/EUR,vwap_pullback,attempt,
2025-12-05T12:36:02.775Z,TONUSD,mean_reversion,attempt,
2025-12-05T12:36:03.016Z,LTC/EUR,vwap_pullback,attempt,MAX_TOTAL_EXPOSURE
2025-12-05T12:36:03.147Z,TONUSD,mean_reversion,attempt,MAX_POSITION
2025-12-05T12:36:03.687Z,CVXUSD,mean_reversion,attempt,
2025-12-05T12:36:03.689Z,XTZEUR,mean_reversion,attempt,
2025-12-05T12:36:04.011Z,CVXUSD,mean_reversion,attempt,MAX_POSITION
2025-12-05T12:36:04.045Z,XTZEUR,mean_reversion,attempt,MAX_POSITION
2025-12-05T12:36:04.443Z,BAND/USD,range_trading,attempt,
2025-12-05T12:36:04.765Z,TRUMPUSD,mean_reversion,attempt,
2025-12-05T12:36:04.942Z,DOTEUR,mean_reversion,attempt,
2025-12-05T12:36:04.996Z,XTZUSD,mean_reversion,attempt,
2025-12-05T12:36:05.009Z,BAND/USD,range_trading,attempt,MAX_TOTAL_EXPOSURE
2025-12-05T12:36:05.126Z,TRUMPUSD,mean_reversion,attempt,MAX_POSITION
2025-12-05T12:36:05.272Z,DOTEUR,mean_reversion,attempt,MAX_POSITION
2025-12-05T12:36:05.327Z,XTZUSD,mean_reversion,attempt,MAX_POSITION
2025-12-05T12:36:06.065Z,TRUMP/USD,vwap_pullback,attempt,
2025-12-05T12:36:06.282Z,DOTGBP,mean_reversion,attempt,
2025-12-05T12:36:06.350Z,TRXUSD,vwap_pullback,attempt,
2025-12-05T12:36:06.547Z,TRXUSD,vwap_pullback,attempt,POSITION_LIMIT
2025-12-05T12:36:06.591Z,TRUMP/USD,vwap_pullback,attempt,MAX_TOTAL_EXPOSURE
2025-12-05T12:36:06.609Z,DOTGBP,mean_reversion,attempt,MAX_POSITION
2025-12-05T12:36:07.254Z,DOTUSDC,mean_reversion,attempt,
2025-12-05T12:36:07.380Z,USDCHF,vwap_pullback,attempt,
2025-12-05T12:36:07.582Z,DOTUSDC,mean_reversion,attempt,MAX_POSITION
2025-12-05T12:36:07.713Z,USDCHF,vwap_pullback,attempt,MAX_POSITION
2025-12-05T12:36:08.391Z,DOTUSDT,mean_reversion,attempt,
2025-12-05T12:36:08.726Z,DOTUSDT,mean_reversion,attempt,MAX_POSITION
2025-12-05T12:36:08.911Z,XXRPZCAD,mean_reversion,attempt,
2025-12-05T12:36:09.065Z,ADA/USD,vwap_pullback,attempt,
2025-12-05T12:36:09.244Z,XXRPZCAD,mean_reversion,attempt,MAX_POSITION
2025-12-05T12:36:09.621Z,ADA/USD,vwap_pullback,attempt,MAX_TOTAL_EXPOSURE
2025-12-05T12:36:09.673Z,XETCZUSD,mean_reversion,attempt,
2025-12-05T12:36:09.996Z,XETCZUSD,mean_reversion,attempt,MAX_POSITION
2025-12-05T12:36:10.193Z,XXRPZEUR,mean_reversion,attempt,
2025-12-05T12:36:10.531Z,XXRPZEUR,mean_reversion,attempt,MAX_POSITION
2025-12-05T12:36:10.847Z,GRASS/USD,vwap_bounce,attempt,
2025-12-05T12:36:10.917Z,ETHFIEUR,mean_reversion,attempt,
2025-12-05T12:36:11.243Z,ETHFIEUR,mean_reversion,attempt,MAX_POSITION
2025-12-05T12:36:11.374Z,GRASS/USD,vwap_bounce,attempt,MAX_TOTAL_EXPOSURE
2025-12-05T12:36:11.741Z,XRPGBP,mean_reversion,attempt,
2025-12-05T12:36:11.890Z,ADAAUD,mean_reversion,attempt,
2025-12-05T12:36:12.076Z,XRPGBP,mean_reversion,attempt,MAX_POSITION
2025-12-05T12:36:12.187Z,EULEUR,mean_reversion,attempt,
2025-12-05T12:36:12.219Z,ADAAUD,mean_reversion,attempt,MAX_POSITION
2025-12-05T12:36:12.517Z,EULEUR,mean_reversion,attempt,MAX_POSITION
2025-12-05T12:36:12.770Z,XRPRLUSD,mean_reversion,attempt,
2025-12-05T12:36:13.096Z,XRPRLUSD,mean_reversion,attempt,MAX_POSITION
2025-12-05T12:36:13.244Z,LTC/EUR,vwap_pullback,attempt,
2025-12-05T12:36:13.479Z,AKTEUR,mean_reversion,attempt,
2025-12-05T12:36:13.809Z,AKTEUR,mean_reversion,attempt,MAX_POSITION
2025-12-05T12:36:13.867Z,LTC/EUR,vwap_pullback,attempt,MAX_TOTAL_EXPOSURE
2025-12-05T12:36:14.116Z,EWTUSD,mean_reversion,attempt,
2025-12-05T12:36:14.243Z,XRPUSDT,mean_reversion,attempt,
2025-12-05T12:36:14.448Z,EWTUSD,mean_reversion,attempt,MAX_POSITION
2025-12-05T12:36:14.570Z,XRPUSDT,mean_reversion,attempt,MAX_POSITION
2025-12-05T12:36:14.693Z,AUDUSD,vwap_pullback,attempt,
2025-12-05T12:36:15.028Z,AUDUSD,vwap_pullback,attempt,MAX_POSITION
2025-12-05T12:36:15.174Z,BAND/USD,range_trading,attempt,
2025-12-05T12:36:15.289Z,AUDUSD,sma_trend_ride,attempt,
2025-12-05T12:36:15.400Z,FORTHUSD,mean_reversion,attempt,
2025-12-05T12:36:15.520Z,XTZEUR,mean_reversion,attempt,
2025-12-05T12:36:15.620Z,AUDUSD,sma_trend_ride,attempt,MAX_POSITION
2025-12-05T12:36:15.710Z,BAND/USD,range_trading,attempt,MAX_TOTAL_EXPOSURE
2025-12-05T12:36:15.727Z,FORTHUSD,mean_reversion,attempt,MAX_POSITION
2025-12-05T12:36:15.845Z,XTZEUR,mean_reversion,attempt,MAX_POSITION
2025-12-05T12:36:16.389Z,FXSUSD,mean_reversion,attempt,
2025-12-05T12:36:16.609Z,CVXUSD,mean_reversion,attempt,
2025-12-05T12:36:16.731Z,FXSUSD,mean_reversion,attempt,MAX_POSITION
2025-12-05T12:36:16.792Z,TRUMP/USD,vwap_pullback,attempt,
2025-12-05T12:36:16.870Z,XTZUSD,mean_reversion,attempt,
2025-12-05T12:36:16.934Z,CVXUSD,mean_reversion,attempt,MAX_POSITION
2025-12-05T12:36:17.197Z,XTZUSD,mean_reversion,attempt,MAX_POSITION
2025-12-05T12:36:17.311Z,TRUMP/USD,vwap_pullback,attempt,MAX_TOTAL_EXPOSURE
2025-12-05T12:36:17.411Z,KSMUSD,mean_reversion,attempt,
2025-12-05T12:36:17.775Z,KSMUSD,mean_reversion,attempt,MAX_POSITION
2025-12-05T12:36:17.927Z,DOTEUR,mean_reversion,attempt,
2025-12-05T12:36:18.048Z,ENSO/USD,vwap_pullback,attempt,
2025-12-05T12:36:18.478Z,DOTEUR,mean_reversion,attempt,MAX_POSITION
2025-12-05T12:36:18.544Z,LINKEUR,vwap_pullback,attempt,
2025-12-05T12:36:18.802Z,ENSO/USD,vwap_pullback,attempt,MAX_TOTAL_EXPOSURE
2025-12-05T12:36:18.868Z,LINKEUR,vwap_pullback,attempt,MAX_POSITION
2025-12-05T12:36:19.179Z,DOTGBP,mean_reversion,attempt,
2025-12-05T12:36:19.484Z,LINKUSD,vwap_pullback,attempt,
2025-12-05T12:36:19.509Z,DOTGBP,mean_reversion,attempt,MAX_POSITION
2025-12-05T12:36:19.817Z,LINKUSD,vwap_pullback,attempt,MAX_POSITION
2025-12-05T12:36:20.181Z,DOTUSDC,mean_reversion,attempt,
2025-12-05T12:36:20.511Z,DOTUSDC,mean_reversion,attempt,MAX_POSITION
2025-12-05T12:36:21.059Z,LINKUSDC,vwap_pullback,attempt,
2025-12-05T12:36:21.187Z,DOTUSDT,mean_reversion,attempt,
2025-12-05T12:36:21.387Z,LINKUSDC,vwap_pullback,attempt,MAX_POSITION
2025-12-05T12:36:21.512Z,DOTUSDT,mean_reversion,attempt,MAX_POSITION
2025-12-05T12:36:22.012Z,XETCZUSD,mean_reversion,attempt,
2025-12-05T12:36:22.315Z,LINKUSDT,vwap_pullback,attempt,
2025-12-05T12:36:22.336Z,XETCZUSD,mean_reversion,attempt,MAX_POSITION
2025-12-05T12:36:22.640Z,LINKUSDT,vwap_pullback,attempt,MAX_POSITION
2025-12-05T12:36:23.281Z,ETHFIEUR,mean_reversion,attempt,
2025-12-05T12:36:23.608Z,ETHFIEUR,mean_reversion,attempt,MAX_POSITION
2025-12-05T12:36:23.841Z,XLTCZEUR,mean_reversion,attempt,
2025-12-05T12:36:24.164Z,XLTCZEUR,mean_reversion,attempt,MAX_POSITION
2025-12-05T12:36:24.291Z,APT/EUR,vwap_pullback,attempt,
2025-12-05T12:36:24.495Z,EULEUR,mean_reversion,attempt,
2025-12-05T12:36:24.663Z,XLTCZUSD,mean_reversion,attempt,
2025-12-05T12:36:24.810Z,APT/EUR,vwap_pullback,attempt,MAX_TOTAL_EXPOSURE
2025-12-05T12:36:24.818Z,EULEUR,mean_reversion,attempt,MAX_POSITION
2025-12-05T12:36:24.986Z,XLTCZUSD,mean_reversion,attempt,MAX_POSITION
2025-12-05T12:36:26.043Z,MASKEUR,mean_reversion,attempt,
2025-12-05T12:36:26.368Z,MASKEUR,mean_reversion,attempt,MAX_POSITION
2025-12-05T12:36:26.974Z,EWTUSD,mean_reversion,attempt,
2025-12-05T12:36:27.060Z,MASKUSD,mean_reversion,attempt,
2025-12-05T12:36:27.301Z,EWTUSD,mean_reversion,attempt,MAX_POSITION
2025-12-05T12:36:27.394Z,MASKUSD,mean_reversion,attempt,MAX_POSITION
2025-12-05T12:36:27.963Z,LINK/USDT,vwap_pullback,attempt,
2025-12-05T12:36:27.983Z,FORTHUSD,mean_reversion,attempt,
2025-12-05T12:36:28.318Z,FORTHUSD,mean_reversion,attempt,MAX_POSITION
2025-12-05T12:36:28.341Z,MEUSD,mean_reversion,attempt,
2025-12-05T12:36:28.515Z,LINK/USDT,vwap_pullback,attempt,MAX_TOTAL_EXPOSURE
2025-12-05T12:36:28.673Z,MEUSD,mean_reversion,attempt,MAX_POSITION
2025-12-05T12:36:28.965Z,FXSUSD,mean_reversion,attempt,
2025-12-05T12:36:29.313Z,FXSUSD,mean_reversion,attempt,MAX_POSITION
2025-12-05T12:36:29.536Z,DOT/USDT,vwap_pullback,attempt,
2025-12-05T12:36:29.997Z,KSMUSD,mean_reversion,attempt,
2025-12-05T12:36:30.049Z,DOT/USDT,vwap_pullback,attempt,MAX_TOTAL_EXPOSURE
2025-12-05T12:36:30.334Z,KSMUSD,mean_reversion,attempt,MAX_POSITION
2025-12-05T12:36:31.169Z,LINKEUR,vwap_pullback,attempt,
2025-12-05T12:36:31.358Z,NANOEUR,mean_reversion,attempt,
2025-12-05T12:36:31.500Z,LINKEUR,vwap_pullback,attempt,MAX_POSITION
2025-12-05T12:36:31.686Z,NANOEUR,mean_reversion,attempt,MAX_POSITION
2025-12-05T12:36:32.134Z,LINKUSD,vwap_pullback,attempt,
2025-12-05T12:36:32.464Z,LINKUSD,vwap_pullback,attempt,MAX_POSITION
2025-12-05T12:36:32.769Z,NANOUSD,mean_reversion,attempt,
2025-12-05T12:36:33.120Z,NANOUSD,mean_reversion,attempt,MAX_POSITION
2025-12-05T12:36:33.613Z,LINKUSDC,vwap_pullback,attempt,
2025-12-05T12:36:33.939Z,LINKUSDC,vwap_pullback,attempt,MAX_POSITION
2025-12-05T12:36:34.431Z,NOSUSD,mean_reversion,attempt,
2025-12-05T12:36:34.646Z,LINKUSDT,vwap_pullback,attempt,
2025-12-05T12:36:34.763Z,NOSUSD,mean_reversion,attempt,MAX_POSITION
2025-12-05T12:36:34.978Z,LINKUSDT,vwap_pullback,attempt,MAX_POSITION
2025-12-05T12:36:35.703Z,OPEUR,mean_reversion,attempt,
2025-12-05T12:36:36.030Z,OPEUR,mean_reversion,attempt,MAX_POSITION
2025-12-05T12:36:36.118Z,APT/EUR,vwap_pullback,attempt,
2025-12-05T12:36:36.672Z,XLTCZEUR,mean_reversion,attempt,
2025-12-05T12:36:36.809Z,APT/EUR,vwap_pullback,attempt,MAX_TOTAL_EXPOSURE
2025-12-05T12:36:36.842Z,OPUSD,mean_reversion,attempt,
2025-12-05T12:36:37.002Z,XLTCZEUR,mean_reversion,attempt,MAX_POSITION
2025-12-05T12:36:37.167Z,OPUSD,mean_reversion,attempt,MAX_POSITION
2025-12-05T12:36:38.025Z,XLTCZUSD,mean_reversion,attempt,
2025-12-05T12:36:38.026Z,PROVEEUR,mean_reversion,attempt,
2025-12-05T12:36:38.351Z,PROVEEUR,mean_reversion,attempt,MAX_POSITION
2025-12-05T12:36:38.354Z,XLTCZUSD,mean_reversion,attempt,MAX_POSITION
2025-12-05T12:36:39.043Z,RUNEEUR,mean_reversion,attempt,
2025-12-05T12:36:39.376Z,RUNEEUR,mean_reversion,attempt,MAX_POSITION
2025-12-05T12:36:39.478Z,MASKEUR,mean_reversion,attempt,
2025-12-05T12:36:39.825Z,MASKEUR,mean_reversion,attempt,MAX_POSITION
2025-12-05T12:36:39.832Z,LINK/USDT,vwap_pullback,attempt,
2025-12-05T12:36:40.319Z,RUNEUSD,mean_reversion,attempt,
2025-12-05T12:36:40.366Z,LINK/USDT,vwap_pullback,attempt,MAX_TOTAL_EXPOSURE
2025-12-05T12:36:40.507Z,MASKUSD,mean_reversion,attempt,
2025-12-05T12:36:40.658Z,RUNEUSD,mean_reversion,attempt,MAX_POSITION
2025-12-05T12:36:40.838Z,MASKUSD,mean_reversion,attempt,MAX_POSITION
2025-12-05T12:36:41.616Z,SOSOUSD,mean_reversion,attempt,
2025-12-05T12:36:41.628Z,DOT/USDT,vwap_pullback,attempt,
2025-12-05T12:36:41.909Z,MEUSD,mean_reversion,attempt,
2025-12-05T12:36:41.953Z,SOSOUSD,mean_reversion,attempt,MAX_POSITION
2025-12-05T12:36:42.110Z,ADAAUD,mean_reversion,attempt,
2025-12-05T12:36:42.175Z,DOT/USDT,vwap_pullback,attempt,MAX_TOTAL_EXPOSURE
2025-12-05T12:36:42.244Z,MEUSD,mean_reversion,attempt,MAX_POSITION
2025-12-05T12:36:42.454Z,ADAAUD,mean_reversion,attempt,MAX_POSITION
2025-12-05T12:36:43.110Z,TONEUR,mean_reversion,attempt,
2025-12-05T12:36:43.438Z,TONEUR,mean_reversion,attempt,MAX_POSITION
2025-12-05T12:36:43.545Z,AKTEUR,mean_reversion,attempt,
2025-12-05T12:36:43.886Z,AKTEUR,mean_reversion,attempt,MAX_POSITION
2025-12-05T12:36:44.186Z,NANOEUR,mean_reversion,attempt,
2025-12-05T12:36:44.367Z,TONUSD,mean_reversion,attempt,
2025-12-05T12:36:44.523Z,NANOEUR,mean_reversion,attempt,MAX_POSITION
2025-12-05T12:36:44.698Z,TONUSD,mean_reversion,attempt,MAX_POSITION
2025-12-05T12:36:44.914Z,AUDUSD,vwap_pullback,attempt,
2025-12-05T12:36:45.184Z,FIL/EUR,vwap_pullback,attempt,
2025-12-05T12:36:45.252Z,AUDUSD,vwap_pullback,attempt,MAX_POSITION
2025-12-05T12:36:45.391Z,TRUMPUSD,mean_reversion,attempt,
2025-12-05T12:36:45.522Z,AUDUSD,sma_trend_ride,attempt,
2025-12-05T12:36:45.722Z,FIL/EUR,vwap_pullback,attempt,MAX_TOTAL_EXPOSURE
2025-12-05T12:36:45.724Z,TRUMPUSD,mean_reversion,attempt,MAX_POSITION
2025-12-05T12:36:45.737Z,NANOUSD,mean_reversion,attempt,
2025-12-05T12:36:45.877Z,AUDUSD,sma_trend_ride,attempt,MAX_POSITION
2025-12-05T12:36:46.089Z,NANOUSD,mean_reversion,attempt,MAX_POSITION
2025-12-05T12:36:46.813Z,DOT/GBP,vwap_pullback,attempt,
2025-12-05T12:36:46.835Z,CVXUSD,mean_reversion,attempt,
2025-12-05T12:36:46.841Z,TRXUSD,vwap_pullback,attempt,
2025-12-05T12:36:47.037Z,TRXUSD,vwap_pullback,attempt,POSITION_LIMIT
2025-12-05T12:36:47.098Z,NOSUSD,mean_reversion,attempt,
2025-12-05T12:36:47.173Z,CVXUSD,mean_reversion,attempt,MAX_POSITION
2025-12-05T12:36:47.381Z,DOT/GBP,vwap_pullback,attempt,MAX_TOTAL_EXPOSURE
2025-12-05T12:36:47.449Z,NOSUSD,mean_reversion,attempt,MAX_POSITION
2025-12-05T12:36:47.777Z,USDCHF,vwap_pullback,attempt,
2025-12-05T12:36:47.962Z,DOTEUR,mean_reversion,attempt,
2025-12-05T12:36:48.102Z,USDCHF,vwap_pullback,attempt,MAX_POSITION
2025-12-05T12:36:48.612Z,DOTEUR,mean_reversion,attempt,MAX_POSITION
2025-12-05T12:36:48.630Z,OPEUR,mean_reversion,attempt,
2025-12-05T12:36:48.959Z,OPEUR,mean_reversion,attempt,MAX_POSITION
2025-12-05T12:36:49.169Z,XXRPZCAD,mean_reversion,attempt,
2025-12-05T12:36:49.502Z,XXRPZCAD,mean_reversion,attempt,MAX_POSITION
2025-12-05T12:36:49.640Z,DOTGBP,mean_reversion,attempt,
2025-12-05T12:36:49.906Z,OPUSD,mean_reversion,attempt,
2025-12-05T12:36:50.016Z,DOTGBP,mean_reversion,attempt,MAX_POSITION
2025-12-05T12:36:50.237Z,OPUSD,mean_reversion,attempt,MAX_POSITION
2025-12-05T12:36:50.482Z,XXRPZEUR,mean_reversion,attempt,
2025-12-05T12:36:50.817Z,XXRPZEUR,mean_reversion,attempt,MAX_POSITION
2025-12-05T12:36:51.044Z,DOTUSDC,mean_reversion,attempt,
2025-12-05T12:36:51.262Z,PROVEEUR,mean_reversion,attempt,
2025-12-05T12:36:51.368Z,DOTUSDC,mean_reversion,attempt,MAX_POSITION
2025-12-05T12:36:51.594Z,PROVEEUR,mean_reversion,attempt,MAX_POSITION
2025-12-05T12:36:51.798Z,XRPGBP,mean_reversion,attempt,
2025-12-05T12:36:52.142Z,XRPGBP,mean_reversion,attempt,MAX_POSITION
2025-12-05T12:36:52.304Z,RUNEEUR,mean_reversion,attempt,
2025-12-05T12:36:52.638Z,RUNEEUR,mean_reversion,attempt,MAX_POSITION
2025-12-05T12:36:52.839Z,DOTUSDT,mean_reversion,attempt,
2025-12-05T12:36:53.169Z,DOTUSDT,mean_reversion,attempt,MAX_POSITION
2025-12-05T12:36:53.282Z,RUNEUSD,mean_reversion,attempt,
2025-12-05T12:36:53.371Z,XRPRLUSD,mean_reversion,attempt,
2025-12-05T12:36:53.623Z,RUNEUSD,mean_reversion,attempt,MAX_POSITION
2025-12-05T12:36:53.700Z,XRPRLUSD,mean_reversion,attempt,MAX_POSITION
2025-12-05T12:36:53.802Z,XETCZUSD,mean_reversion,attempt,
2025-12-05T12:36:54.129Z,XETCZUSD,mean_reversion,attempt,MAX_POSITION
2025-12-05T12:36:54.290Z,SOSOUSD,mean_reversion,attempt,
2025-12-05T12:36:54.399Z,XRPUSDT,mean_reversion,attempt,
2025-12-05T12:36:54.647Z,SOSOUSD,mean_reversion,attempt,MAX_POSITION
2025-12-05T12:36:54.741Z,XRPUSDT,mean_reversion,attempt,MAX_POSITION
2025-12-05T12:36:54.836Z,ETHFIEUR,mean_reversion,attempt,
2025-12-05T12:36:55.172Z,ETHFIEUR,mean_reversion,attempt,MAX_POSITION
2025-12-05T12:36:55.476Z,XTZEUR,mean_reversion,attempt,
2025-12-05T12:36:55.573Z,TONEUR,mean_reversion,attempt,
2025-12-05T12:36:55.808Z,XTZEUR,mean_reversion,attempt,MAX_POSITION
2025-12-05T12:36:55.904Z,TONEUR,mean_reversion,attempt,MAX_POSITION
2025-12-05T12:36:56.147Z,EULEUR,mean_reversion,attempt,
2025-12-05T12:36:56.371Z,TONUSD,mean_reversion,attempt,
2025-12-05T12:36:56.417Z,FIL/EUR,vwap_pullback,attempt,
2025-12-05T12:36:56.478Z,EULEUR,mean_reversion,attempt,MAX_POSITION
2025-12-05T12:36:56.530Z,XTZUSD,mean_reversion,attempt,
2025-12-05T12:36:56.723Z,TONUSD,mean_reversion,attempt,MAX_POSITION
2025-12-05T12:36:56.895Z,XTZUSD,mean_reversion,attempt,MAX_POSITION
2025-12-05T12:36:56.978Z,FIL/EUR,vwap_pullback,attempt,MAX_TOTAL_EXPOSURE
2025-12-05T12:36:57.664Z,TRUMPUSD,mean_reversion,attempt,
2025-12-05T12:36:57.736Z,DOT/GBP,vwap_pullback,attempt,
2025-12-05T12:36:58.001Z,TRUMPUSD,mean_reversion,attempt,MAX_POSITION
2025-12-05T12:36:58.266Z,DOT/GBP,vwap_pullback,attempt,MAX_TOTAL_EXPOSURE
2025-12-05T12:36:58.650Z,EWTUSD,mean_reversion,attempt,
2025-12-05T12:36:58.972Z,TRXUSD,vwap_pullback,attempt,
2025-12-05T12:36:58.981Z,EWTUSD,mean_reversion,attempt,MAX_POSITION
2025-12-05T12:36:59.171Z,TRXUSD,vwap_pullback,attempt,POSITION_LIMIT
2025-12-05T12:36:59.923Z,FORTHUSD,mean_reversion,attempt,
2025-12-05T12:37:00.177Z,USDCHF,vwap_pullback,attempt,
2025-12-05T12:37:00.254Z,FORTHUSD,mean_reversion,attempt,MAX_POSITION
2025-12-05T12:37:00.577Z,USDCHF,vwap_pullback,attempt,MAX_POSITION
2025-12-05T12:37:00.925Z,FXSUSD,mean_reversion,attempt,
2025-12-05T12:37:01.258Z,FXSUSD,mean_reversion,attempt,MAX_POSITION
2025-12-05T12:37:01.739Z,XXRPZCAD,mean_reversion,attempt,
2025-12-05T12:37:02.071Z,XXRPZCAD,mean_reversion,attempt,MAX_POSITION
2025-12-05T12:37:02.368Z,KSMUSD,mean_reversion,attempt,
2025-12-05T12:37:02.700Z,KSMUSD,mean_reversion,attempt,MAX_POSITION
2025-12-05T12:37:02.818Z,XXRPZEUR,mean_reversion,attempt,
2025-12-05T12:37:03.421Z,XXRPZEUR,mean_reversion,attempt,MAX_POSITION
2025-12-05T12:37:03.560Z,LINKEUR,vwap_pullback,attempt,
2025-12-05T12:37:03.892Z,LINKEUR,vwap_pullback,attempt,MAX_POSITION
2025-12-05T12:37:04.331Z,XRPGBP,mean_reversion,attempt,
2025-12-05T12:37:04.379Z,XRP/USD,vwap_pullback,attempt,
2025-12-05T12:37:04.381Z,LINKUSD,vwap_pullback,attempt,
2025-12-05T12:37:04.663Z,XRPGBP,mean_reversion,attempt,MAX_POSITION
2025-12-05T12:37:04.711Z,LINKUSD,vwap_pullback,attempt,MAX_POSITION
2025-12-05T12:37:04.896Z,XRP/USD,vwap_pullback,attempt,MAX_TOTAL_EXPOSURE
2025-12-05T12:37:05.632Z,XRPRLUSD,mean_reversion,attempt,
2025-12-05T12:37:05.700Z,LINKUSDC,vwap_pullback,attempt,
2025-12-05T12:37:05.962Z,XRPRLUSD,mean_reversion,attempt,MAX_POSITION
2025-12-05T12:37:06.025Z,LINKUSDC,vwap_pullback,attempt,MAX_POSITION
2025-12-05T12:37:06.733Z,XRPUSDT,mean_reversion,attempt,
2025-12-05T12:37:06.940Z,LINKUSDT,vwap_pullback,attempt,
2025-12-05T12:37:07.064Z,XRPUSDT,mean_reversion,attempt,MAX_POSITION
2025-12-05T12:37:07.267Z,LINKUSDT,vwap_pullback,attempt,MAX_POSITION
2025-12-05T12:37:08.024Z,XTZEUR,mean_reversion,attempt,
2025-12-05T12:37:08.265Z,XLTCZEUR,mean_reversion,attempt,
2025-12-05T12:37:08.359Z,XTZEUR,mean_reversion,attempt,MAX_POSITION
2025-12-05T12:37:08.591Z,XLTCZEUR,mean_reversion,attempt,MAX_POSITION
2025-12-05T12:37:09.085Z,FIL/EUR,vwap_pullback,attempt,
2025-12-05T12:37:09.547Z,XTZUSD,mean_reversion,attempt,
2025-12-05T12:37:09.614Z,FIL/EUR,vwap_pullback,attempt,MAX_TOTAL_EXPOSURE
2025-12-05T12:37:09.678Z,XLTCZUSD,mean_reversion,attempt,
2025-12-05T12:37:09.907Z,XTZUSD,mean_reversion,attempt,MAX_POSITION
2025-12-05T12:37:10.014Z,XLTCZUSD,mean_reversion,attempt,MAX_POSITION
2025-12-05T12:37:10.337Z,DOT/GBP,vwap_pullback,attempt,
2025-12-05T12:37:10.692Z,MASKEUR,mean_reversion,attempt,
2025-12-05T12:37:10.896Z,DOT/GBP,vwap_pullback,attempt,MAX_TOTAL_EXPOSURE
2025-12-05T12:37:11.022Z,MASKEUR,mean_reversion,attempt,MAX_POSITION
2025-12-05T12:37:12.047Z,MASKUSD,mean_reversion,attempt,
2025-12-05T12:37:12.380Z,MASKUSD,mean_reversion,attempt,MAX_POSITION
2025-12-05T12:37:13.401Z,MEUSD,mean_reversion,attempt,
2025-12-05T12:37:13.739Z,MEUSD,mean_reversion,attempt,MAX_POSITION
2025-12-05T12:37:15.855Z,NANOEUR,mean_reversion,attempt,
2025-12-05T12:37:15.923Z,XRP/USD,vwap_pullback,attempt,
2025-12-05T12:37:16.182Z,NANOEUR,mean_reversion,attempt,MAX_POSITION
2025-12-05T12:37:16.462Z,XRP/USD,vwap_pullback,attempt,MAX_TOTAL_EXPOSURE
2025-12-05T12:37:17.199Z,NANOUSD,mean_reversion,attempt,
2025-12-05T12:37:17.523Z,NANOUSD,mean_reversion,attempt,MAX_POSITION
2025-12-05T12:37:18.569Z,NOSUSD,mean_reversion,attempt,
2025-12-05T12:37:18.904Z,NOSUSD,mean_reversion,attempt,MAX_POSITION
2025-12-05T12:37:19.798Z,OPEUR,mean_reversion,attempt,
2025-12-05T12:37:20.125Z,OPEUR,mean_reversion,attempt,MAX_POSITION
2025-12-05T12:37:20.547Z,XRP/USD,vwap_pullback,attempt,
2025-12-05T12:37:21.067Z,OPUSD,mean_reversion,attempt,
2025-12-05T12:37:21.085Z,XRP/USD,vwap_pullback,attempt,MAX_TOTAL_EXPOSURE
2025-12-05T12:37:21.395Z,OPUSD,mean_reversion,attempt,MAX_POSITION
2025-12-05T12:37:22.141Z,SUI/USD,vwap_pullback,attempt,
2025-12-05T12:37:22.399Z,PROVEEUR,mean_reversion,attempt,
2025-12-05T12:37:22.674Z,SUI/USD,vwap_pullback,attempt,MAX_TOTAL_EXPOSURE
2025-12-05T12:37:22.743Z,PROVEEUR,mean_reversion,attempt,MAX_POSITION
2025-12-05T12:37:23.536Z,RUNEEUR,mean_reversion,attempt,
2025-12-05T12:37:23.703Z,ADA/EUR,vwap_pullback,attempt,
2025-12-05T12:37:23.866Z,RUNEEUR,mean_reversion,attempt,MAX_POSITION
2025-12-05T12:37:24.234Z,ADA/EUR,vwap_pullback,attempt,MAX_TOTAL_EXPOSURE
2025-12-05T12:37:25.065Z,RUNEUSD,mean_reversion,attempt,
2025-12-05T12:37:25.395Z,RUNEUSD,mean_reversion,attempt,MAX_POSITION
2025-12-05T12:37:26.312Z,SOSOUSD,mean_reversion,attempt,
2025-12-05T12:37:26.647Z,SOSOUSD,mean_reversion,attempt,MAX_POSITION
2025-12-05T12:37:27.598Z,TONEUR,mean_reversion,attempt,
2025-12-05T12:37:27.928Z,TONEUR,mean_reversion,attempt,MAX_POSITION
2025-12-05T12:37:28.523Z,ADAAUD,mean_reversion,attempt,
2025-12-05T12:37:28.853Z,ADAAUD,mean_reversion,attempt,MAX_POSITION
2025-12-05T12:37:29.116Z,TONUSD,mean_reversion,attempt,
2025-12-05T12:37:29.307Z,XRP/USD,vwap_pullback,attempt,
2025-12-05T12:37:29.447Z,TONUSD,mean_reversion,attempt,MAX_POSITION
2025-12-05T12:37:29.830Z,XRP/USD,vwap_pullback,rtb,
2025-12-05T12:37:29.832Z,AKTEUR,mean_reversion,attempt,
2025-12-05T12:37:29.897Z,XRP/USD,vwap_pullback,opened,
2025-12-05T12:37:30.077Z,TRUMPUSD,mean_reversion,attempt,
2025-12-05T12:37:30.167Z,AKTEUR,mean_reversion,attempt,MAX_POSITION
2025-12-05T12:37:30.411Z,TRUMPUSD,mean_reversion,attempt,MAX_POSITION
2025-12-05T12:37:31.105Z,AUDUSD,vwap_pullback,attempt,
2025-12-05T12:37:31.167Z,SUI/USD,vwap_pullback,attempt,
2025-12-05T12:37:31.420Z,TRXUSD,vwap_pullback,attempt,
2025-12-05T12:37:31.435Z,AUDUSD,vwap_pullback,attempt,MAX_POSITION
2025-12-05T12:37:31.621Z,TRXUSD,vwap_pullback,attempt,POSITION_LIMIT
2025-12-05T12:37:31.683Z,SUI/USD,vwap_pullback,attempt,MAX_TOTAL_EXPOSURE
2025-12-05T12:37:31.699Z,AUDUSD,sma_trend_ride,attempt,
2025-12-05T12:37:32.028Z,AUDUSD,sma_trend_ride,attempt,MAX_POSITION
2025-12-05T12:37:32.638Z,USDCHF,vwap_pullback,attempt,
2025-12-05T12:37:32.776Z,ADA/EUR,vwap_pullback,attempt,
2025-12-05T12:37:32.967Z,USDCHF,vwap_pullback,attempt,MAX_POSITION
2025-12-05T12:37:33.089Z,CVXUSD,mean_reversion,attempt,
2025-12-05T12:37:33.564Z,ADA/EUR,vwap_pullback,attempt,MAX_TOTAL_EXPOSURE
2025-12-05T12:37:33.692Z,CVXUSD,mean_reversion,attempt,MAX_POSITION
2025-12-05T12:37:33.712Z,XXRPZCAD,mean_reversion,attempt,
2025-12-05T12:37:34.042Z,XXRPZCAD,mean_reversion,attempt,MAX_POSITION
2025-12-05T12:37:34.906Z,DOTEUR,mean_reversion,attempt,
2025-12-05T12:37:35.233Z,DOTEUR,mean_reversion,attempt,MAX_POSITION
2025-12-05T12:37:35.240Z,XXRPZEUR,mean_reversion,attempt,
2025-12-05T12:37:35.565Z,XXRPZEUR,mean_reversion,attempt,MAX_POSITION
2025-12-05T12:37:35.868Z,DOTGBP,mean_reversion,attempt,
2025-12-05T12:37:36.199Z,DOTGBP,mean_reversion,attempt,MAX_POSITION
2025-12-05T12:37:36.488Z,XRPGBP,mean_reversion,attempt,
2025-12-05T12:37:36.822Z,XRPGBP,mean_reversion,attempt,MAX_POSITION
2025-12-05T12:37:36.867Z,DOTUSDC,mean_reversion,attempt,
2025-12-05T12:37:37.203Z,DOTUSDC,mean_reversion,attempt,MAX_POSITION
2025-12-05T12:37:37.495Z,XRPRLUSD,mean_reversion,attempt,
2025-12-05T12:37:37.842Z,XRPRLUSD,mean_reversion,attempt,MAX_POSITION
2025-12-05T12:37:38.137Z,DOTUSDT,mean_reversion,attempt,
2025-12-05T12:37:38.230Z,SUI/USD,vwap_pullback,attempt,
2025-12-05T12:37:38.465Z,DOTUSDT,mean_reversion,attempt,MAX_POSITION
2025-12-05T12:37:38.604Z,XRPUSDT,mean_reversion,attempt,
2025-12-05T12:37:38.774Z,SUI/USD,vwap_pullback,attempt,MAX_TOTAL_EXPOSURE
2025-12-05T12:37:38.956Z,XRPUSDT,mean_reversion,attempt,MAX_POSITION
2025-12-05T12:37:39.550Z,ADA/EUR,vwap_pullback,attempt,
2025-12-05T12:37:39.561Z,XETCZUSD,mean_reversion,attempt,
2025-12-05T12:37:39.891Z,XETCZUSD,mean_reversion,attempt,MAX_POSITION
2025-12-05T12:37:39.892Z,XTZEUR,mean_reversion,attempt,
2025-12-05T12:37:40.088Z,ADA/EUR,vwap_pullback,attempt,MAX_TOTAL_EXPOSURE
2025-12-05T12:37:40.224Z,XTZEUR,mean_reversion,attempt,MAX_POSITION
2025-12-05T12:37:40.570Z,ETHFIEUR,mean_reversion,attempt,
2025-12-05T12:37:40.905Z,ETHFIEUR,mean_reversion,attempt,MAX_POSITION
2025-12-05T12:37:41.227Z,XTZUSD,mean_reversion,attempt,
2025-12-05T12:37:41.559Z,XTZUSD,mean_reversion,attempt,MAX_POSITION
2025-12-05T12:37:41.560Z,EULEUR,mean_reversion,attempt,
2025-12-05T12:37:41.887Z,EULEUR,mean_reversion,attempt,MAX_POSITION
2025-12-05T12:37:41.942Z,ADAAUD,mean_reversion,attempt,
2025-12-05T12:37:42.269Z,ADAAUD,mean_reversion,attempt,MAX_POSITION
2025-12-05T12:37:42.949Z,EWTUSD,mean_reversion,attempt,
2025-12-05T12:37:43.207Z,AKTEUR,mean_reversion,attempt,
2025-12-05T12:37:43.283Z,EWTUSD,mean_reversion,attempt,MAX_POSITION
2025-12-05T12:37:43.536Z,AKTEUR,mean_reversion,attempt,MAX_POSITION
2025-12-05T12:37:44.222Z,AUDUSD,vwap_pullback,attempt,
2025-12-05T12:37:44.489Z,FORTHUSD,mean_reversion,attempt,
2025-12-05T12:37:44.553Z,AUDUSD,vwap_pullback,attempt,MAX_POSITION
2025-12-05T12:37:44.823Z,FORTHUSD,mean_reversion,attempt,MAX_POSITION
2025-12-05T12:37:44.823Z,AUDUSD,sma_trend_ride,attempt,
2025-12-05T12:37:45.162Z,AUDUSD,sma_trend_ride,attempt,MAX_POSITION
2025-12-05T12:37:45.731Z,FXSUSD,mean_reversion,attempt,
2025-12-05T12:37:46.055Z,FXSUSD,mean_reversion,attempt,MAX_POSITION
2025-12-05T12:37:46.138Z,SUI/USD,vwap_pullback,attempt,
2025-12-05T12:37:46.208Z,CVXUSD,mean_reversion,attempt,
2025-12-05T12:37:46.535Z,CVXUSD,mean_reversion,attempt,MAX_POSITION
2025-12-05T12:37:46.669Z,SUI/USD,vwap_pullback,attempt,MAX_TOTAL_EXPOSURE
2025-12-05T12:37:47.005Z,KSMUSD,mean_reversion,attempt,
2025-12-05T12:37:47.331Z,KSMUSD,mean_reversion,attempt,MAX_POSITION
2025-12-05T12:37:47.418Z,DOTEUR,mean_reversion,attempt,
2025-12-05T12:37:47.750Z,DOTEUR,mean_reversion,attempt,MAX_POSITION
2025-12-05T12:37:47.950Z,ADA/EUR,vwap_pullback,attempt,
2025-12-05T12:37:48.550Z,LINKEUR,vwap_pullback,attempt,
2025-12-05T12:37:48.745Z,ADA/EUR,vwap_pullback,attempt,MAX_TOTAL_EXPOSURE
2025-12-05T12:37:48.879Z,LINKEUR,vwap_pullback,attempt,MAX_POSITION
2025-12-05T12:37:49.043Z,DOTGBP,mean_reversion,attempt,
2025-12-05T12:37:49.374Z,DOTGBP,mean_reversion,attempt,MAX_POSITION
2025-12-05T12:37:49.514Z,LINKUSD,vwap_pullback,attempt,
2025-12-05T12:37:49.843Z,LINKUSD,vwap_pullback,attempt,MAX_POSITION
2025-12-05T12:37:50.321Z,DOTUSDC,mean_reversion,attempt,
2025-12-05T12:37:50.671Z,DOTUSDC,mean_reversion,attempt,MAX_POSITION
2025-12-05T12:37:51.124Z,LINKUSDC,vwap_pullback,attempt,
2025-12-05T12:37:51.334Z,DOTUSDT,mean_reversion,attempt,
2025-12-05T12:37:51.454Z,LINKUSDC,vwap_pullback,attempt,MAX_POSITION
2025-12-05T12:37:51.691Z,DOTUSDT,mean_reversion,attempt,MAX_POSITION
2025-12-05T12:37:52.398Z,XETCZUSD,mean_reversion,attempt,
2025-12-05T12:37:52.466Z,LINKUSDT,vwap_pullback,attempt,
2025-12-05T12:37:52.738Z,XETCZUSD,mean_reversion,attempt,MAX_POSITION
2025-12-05T12:37:52.809Z,LINKUSDT,vwap_pullback,attempt,MAX_POSITION
2025-12-05T12:37:53.055Z,SUI/USD,vwap_pullback,attempt,
2025-12-05T12:37:53.403Z,ETHFIEUR,mean_reversion,attempt,
2025-12-05T12:37:53.611Z,SUI/USD,vwap_pullback,attempt,MAX_TOTAL_EXPOSURE
2025-12-05T12:37:53.741Z,ETHFIEUR,mean_reversion,attempt,MAX_POSITION
2025-12-05T12:37:53.976Z,XLTCZEUR,mean_reversion,attempt,
2025-12-05T12:37:54.302Z,XLTCZEUR,mean_reversion,attempt,MAX_POSITION
2025-12-05T12:37:54.406Z,EULEUR,mean_reversion,attempt,
2025-12-05T12:37:54.698Z,ADA/EUR,vwap_pullback,attempt,
2025-12-05T12:37:54.740Z,EULEUR,mean_reversion,attempt,MAX_POSITION
2025-12-05T12:37:55.226Z,ADA/EUR,vwap_pullback,attempt,MAX_TOTAL_EXPOSURE
2025-12-05T12:37:55.503Z,XLTCZUSD,mean_reversion,attempt,
2025-12-05T12:37:55.838Z,XLTCZUSD,mean_reversion,attempt,MAX_POSITION
2025-12-05T12:37:56.030Z,EWTUSD,mean_reversion,attempt,
2025-12-05T12:37:56.359Z,EWTUSD,mean_reversion,attempt,MAX_POSITION
2025-12-05T12:37:56.842Z,MASKEUR,mean_reversion,attempt,
2025-12-05T12:37:57.076Z,FORTHUSD,mean_reversion,attempt,
2025-12-05T12:37:57.187Z,MASKEUR,mean_reversion,attempt,MAX_POSITION
2025-12-05T12:37:57.356Z,SYRUP/USD,vwap_bounce,attempt,
2025-12-05T12:37:57.420Z,FORTHUSD,mean_reversion,attempt,MAX_POSITION
2025-12-05T12:37:57.896Z,SYRUP/USD,vwap_bounce,attempt,MAX_TOTAL_EXPOSURE
2025-12-05T12:37:58.135Z,FXSUSD,mean_reversion,attempt,
2025-12-05T12:37:58.150Z,MASKUSD,mean_reversion,attempt,
2025-12-05T12:37:58.534Z,FXSUSD,mean_reversion,attempt,MAX_POSITION
2025-12-05T12:37:58.538Z,MASKUSD,mean_reversion,attempt,MAX_POSITION
2025-12-05T12:37:59.315Z,KSMUSD,mean_reversion,attempt,
2025-12-05T12:37:59.464Z,AUD/USD,sma_trend_ride,attempt,
2025-12-05T12:37:59.575Z,MEUSD,mean_reversion,attempt,
2025-12-05T12:37:59.669Z,KSMUSD,mean_reversion,attempt,MAX_POSITION
2025-12-05T12:37:59.956Z,MEUSD,mean_reversion,attempt,MAX_POSITION
2025-12-05T12:38:00.072Z,AUD/USD,sma_trend_ride,attempt,MAX_TOTAL_EXPOSURE
2025-12-05T12:38:00.447Z,LINKEUR,vwap_pullback,attempt,
2025-12-05T12:38:00.779Z,LINKEUR,vwap_pullback,attempt,MAX_POSITION
2025-12-05T12:38:01.165Z,NANOEUR,mean_reversion,attempt,
2025-12-05T12:38:01.497Z,NANOEUR,mean_reversion,attempt,MAX_POSITION
2025-12-05T12:38:01.510Z,LINKUSD,vwap_pullback,attempt,
2025-12-05T12:38:01.838Z,LINKUSD,vwap_pullback,attempt,MAX_POSITION
2025-12-05T12:38:02.762Z,NANOUSD,mean_reversion,attempt,
2025-12-05T12:38:02.798Z,LINKUSDC,vwap_pullback,attempt,
2025-12-05T12:38:03.100Z,NANOUSD,mean_reversion,attempt,MAX_POSITION
2025-12-05T12:38:03.170Z,LINKUSDC,vwap_pullback,attempt,MAX_POSITION
2025-12-05T12:38:03.613Z,SUI/USD,vwap_pullback,attempt,
2025-12-05T12:38:04.140Z,SUI/USD,vwap_pullback,attempt,MAX_TOTAL_EXPOSURE
2025-12-05T12:38:04.345Z,NOSUSD,mean_reversion,attempt,
2025-12-05T12:38:04.628Z,LINKUSDT,vwap_pullback,attempt,
2025-12-05T12:38:04.733Z,NOSUSD,mean_reversion,attempt,MAX_POSITION
2025-12-05T12:38:04.969Z,LINKUSDT,vwap_pullback,attempt,MAX_POSITION
2025-12-05T12:38:05.335Z,ADA/EUR,vwap_pullback,attempt,
2025-12-05T12:38:05.422Z,OPEUR,mean_reversion,attempt,
2025-12-05T12:38:05.710Z,XLTCZEUR,mean_reversion,attempt,
2025-12-05T12:38:05.747Z,OPEUR,mean_reversion,attempt,MAX_POSITION
2025-12-05T12:38:05.867Z,ADA/EUR,vwap_pullback,attempt,MAX_TOTAL_EXPOSURE
2025-12-05T12:38:06.037Z,XLTCZEUR,mean_reversion,attempt,MAX_POSITION
2025-12-05T12:38:06.794Z,OPUSD,mean_reversion,attempt,
2025-12-05T12:38:06.830Z,XLTCZUSD,mean_reversion,attempt,
2025-12-05T12:38:07.146Z,OPUSD,mean_reversion,attempt,MAX_POSITION
2025-12-05T12:38:07.162Z,XLTCZUSD,mean_reversion,attempt,MAX_POSITION
2025-12-05T12:38:07.841Z,PROVEEUR,mean_reversion,attempt,
2025-12-05T12:38:08.167Z,MASKEUR,mean_reversion,attempt,
2025-12-05T12:38:08.168Z,PROVEEUR,mean_reversion,attempt,MAX_POSITION
2025-12-05T12:38:08.215Z,SYRUP/USD,vwap_bounce,attempt,
2025-12-05T12:38:08.564Z,MASKEUR,mean_reversion,attempt,MAX_POSITION
2025-12-05T12:38:08.830Z,SYRUP/USD,vwap_bounce,attempt,MAX_TOTAL_EXPOSURE
2025-12-05T12:38:09.173Z,RUNEEUR,mean_reversion,attempt,
2025-12-05T12:38:09.497Z,MASKUSD,mean_reversion,attempt,
2025-12-05T12:38:09.500Z,RUNEEUR,mean_reversion,attempt,MAX_POSITION
2025-12-05T12:38:09.840Z,MASKUSD,mean_reversion,attempt,MAX_POSITION
2025-12-05T12:38:09.919Z,AUD/USD,sma_trend_ride,attempt,
2025-12-05T12:38:10.446Z,AUD/USD,sma_trend_ride,attempt,MAX_TOTAL_EXPOSURE
2025-12-05T12:38:10.511Z,RUNEUSD,mean_reversion,attempt,
2025-12-05T12:38:10.573Z,MEUSD,mean_reversion,attempt,
2025-12-05T12:38:10.838Z,RUNEUSD,mean_reversion,attempt,MAX_POSITION
2025-12-05T12:38:10.896Z,MEUSD,mean_reversion,attempt,MAX_POSITION
2025-12-05T12:38:11.778Z,SOSOUSD,mean_reversion,attempt,
2025-12-05T12:38:11.871Z,NANOEUR,mean_reversion,attempt,
2025-12-05T12:38:12.106Z,SOSOUSD,mean_reversion,attempt,MAX_POSITION
2025-12-05T12:38:12.212Z,NANOEUR,mean_reversion,attempt,MAX_POSITION
2025-12-05T12:38:13.092Z,NANOUSD,mean_reversion,attempt,
2025-12-05T12:38:13.363Z,TONEUR,mean_reversion,attempt,
2025-12-05T12:38:13.420Z,NANOUSD,mean_reversion,attempt,MAX_POSITION
2025-12-05T12:38:13.704Z,TONEUR,mean_reversion,attempt,MAX_POSITION
2025-12-05T12:38:14.234Z,SUI/USD,vwap_pullback,attempt,
2025-12-05T12:38:14.348Z,NOSUSD,mean_reversion,attempt,
2025-12-05T12:38:14.385Z,TONUSD,mean_reversion,attempt,
2025-12-05T12:38:14.672Z,NOSUSD,mean_reversion,attempt,MAX_POSITION
2025-12-05T12:38:14.712Z,TONUSD,mean_reversion,attempt,MAX_POSITION
2025-12-05T12:38:14.759Z,SUI/USD,vwap_pullback,attempt,MAX_TOTAL_EXPOSURE
2025-12-05T12:38:15.522Z,ADA/EUR,vwap_pullback,attempt,
2025-12-05T12:38:15.593Z,OPEUR,mean_reversion,attempt,
2025-12-05T12:38:15.938Z,TRUMPUSD,mean_reversion,attempt,
2025-12-05T12:38:15.939Z,OPEUR,mean_reversion,attempt,MAX_POSITION
2025-12-05T12:38:16.070Z,ADA/EUR,vwap_pullback,attempt,MAX_TOTAL_EXPOSURE
2025-12-05T12:38:16.265Z,TRUMPUSD,mean_reversion,attempt,MAX_POSITION
2025-12-05T12:38:16.610Z,OPUSD,mean_reversion,attempt,
2025-12-05T12:38:16.946Z,OPUSD,mean_reversion,attempt,MAX_POSITION
2025-12-05T12:38:17.635Z,TRXUSD,vwap_pullback,attempt,
2025-12-05T12:38:17.678Z,SYRUP/USD,vwap_bounce,attempt,
2025-12-05T12:38:17.869Z,TRXUSD,vwap_pullback,attempt,POSITION_LIMIT
2025-12-05T12:38:18.444Z,PROVEEUR,mean_reversion,attempt,
2025-12-05T12:38:18.507Z,SYRUP/USD,vwap_bounce,attempt,MAX_TOTAL_EXPOSURE
2025-12-05T12:38:18.810Z,PROVEEUR,mean_reversion,attempt,MAX_POSITION
2025-12-05T12:38:19.120Z,USDCHF,vwap_pullback,attempt,
2025-12-05T12:38:19.459Z,USDCHF,vwap_pullback,attempt,MAX_POSITION
2025-12-05T12:38:19.495Z,RUNEEUR,mean_reversion,attempt,
2025-12-05T12:38:19.827Z,AUD/USD,vwap_pullback,attempt,
2025-12-05T12:38:19.829Z,RUNEEUR,mean_reversion,attempt,MAX_POSITION
2025-12-05T12:38:20.204Z,XXRPZCAD,mean_reversion,attempt,
2025-12-05T12:38:20.368Z,AUD/USD,vwap_pullback,attempt,MAX_TOTAL_EXPOSURE
2025-12-05T12:38:20.537Z,XXRPZCAD,mean_reversion,attempt,MAX_POSITION
2025-12-05T12:38:20.863Z,RUNEUSD,mean_reversion,attempt,
2025-12-05T12:38:21.190Z,RUNEUSD,mean_reversion,attempt,MAX_POSITION
2025-12-05T12:38:21.610Z,XXRPZEUR,mean_reversion,attempt,
2025-12-05T12:38:21.940Z,XXRPZEUR,mean_reversion,attempt,MAX_POSITION
2025-12-05T12:38:22.219Z,SOSOUSD,mean_reversion,attempt,
2025-12-05T12:38:22.550Z,SOSOUSD,mean_reversion,attempt,MAX_POSITION
2025-12-05T12:38:23.208Z,XRPGBP,mean_reversion,attempt,
2025-12-05T12:38:23.538Z,XRPGBP,mean_reversion,attempt,MAX_POSITION
2025-12-05T12:38:23.811Z,TONEUR,mean_reversion,attempt,
2025-12-05T12:38:24.144Z,TONEUR,mean_reversion,attempt,MAX_POSITION
2025-12-05T12:38:24.256Z,XRPRLUSD,mean_reversion,attempt,
2025-12-05T12:38:24.257Z,SUI/USD,vwap_pullback,attempt,
2025-12-05T12:38:24.581Z,XRPRLUSD,mean_reversion,attempt,MAX_POSITION
2025-12-05T12:38:24.778Z,SUI/USD,vwap_pullback,attempt,MAX_TOTAL_EXPOSURE
2025-12-05T12:38:24.855Z,TONUSD,mean_reversion,attempt,
2025-12-05T12:38:25.210Z,TONUSD,mean_reversion,attempt,MAX_POSITION
2025-12-05T12:38:25.563Z,ADA/EUR,vwap_pullback,attempt,
2025-12-05T12:38:25.840Z,XRPUSDT,mean_reversion,attempt,
2025-12-05T12:38:26.098Z,ADA/EUR,vwap_pullback,attempt,MAX_TOTAL_EXPOSURE
2025-12-05T12:38:26.175Z,XRPUSDT,mean_reversion,attempt,MAX_POSITION
2025-12-05T12:38:26.878Z,XTZEUR,mean_reversion,attempt,
2025-12-05T12:38:27.207Z,XTZEUR,mean_reversion,attempt,MAX_POSITION
2025-12-05T12:38:27.369Z,TRUMPUSD,mean_reversion,attempt,
2025-12-05T12:38:27.692Z,TRUMPUSD,mean_reversion,attempt,MAX_POSITION
2025-12-05T12:38:27.734Z,XTZUSD,mean_reversion,attempt,
2025-12-05T12:38:28.067Z,XTZUSD,mean_reversion,attempt,MAX_POSITION
2025-12-05T12:38:28.466Z,SYRUP/USD,vwap_bounce,attempt,
2025-12-05T12:38:28.693Z,TRXUSD,vwap_pullback,attempt,
2025-12-05T12:38:28.891Z,TRXUSD,vwap_pullback,attempt,POSITION_LIMIT
2025-12-05T12:38:29.029Z,SYRUP/USD,vwap_bounce,attempt,MAX_TOTAL_EXPOSURE
2025-12-05T12:38:29.045Z,ADAAUD,mean_reversion,attempt,
2025-12-05T12:38:29.372Z,ADAAUD,mean_reversion,attempt,MAX_POSITION
2025-12-05T12:38:29.874Z,AUD/USD,vwap_pullback,attempt,
2025-12-05T12:38:30.089Z,USDCHF,vwap_pullback,attempt,
2025-12-05T12:38:30.120Z,AKTEUR,mean_reversion,attempt,
2025-12-05T12:38:30.417Z,USDCHF,vwap_pullback,attempt,MAX_POSITION
2025-12-05T12:38:30.427Z,AUD/USD,vwap_pullback,attempt,MAX_TOTAL_EXPOSURE
2025-12-05T12:38:30.444Z,AKTEUR,mean_reversion,attempt,MAX_POSITION
2025-12-05T12:38:31.221Z,XXRPZCAD,mean_reversion,attempt,
2025-12-05T12:38:31.248Z,ADA/USD,vwap_pullback,attempt,
2025-12-05T12:38:31.251Z,AUDUSD,vwap_pullback,attempt,
2025-12-05T12:38:31.544Z,XXRPZCAD,mean_reversion,attempt,MAX_POSITION
2025-12-05T12:38:31.575Z,AUDUSD,vwap_pullback,attempt,MAX_POSITION
2025-12-05T12:38:31.768Z,ADA/USD,vwap_pullback,attempt,MAX_TOTAL_EXPOSURE
2025-12-05T12:38:31.844Z,AUDUSD,sma_trend_ride,attempt,
2025-12-05T12:38:32.173Z,AUDUSD,sma_trend_ride,attempt,MAX_POSITION
2025-12-05T12:38:32.432Z,XXRPZEUR,mean_reversion,attempt,
2025-12-05T12:38:32.761Z,XXRPZEUR,mean_reversion,attempt,MAX_POSITION
2025-12-05T12:38:33.103Z,CVXUSD,mean_reversion,attempt,
2025-12-05T12:38:33.578Z,XRPGBP,mean_reversion,attempt,
2025-12-05T12:38:33.645Z,CVXUSD,mean_reversion,attempt,MAX_POSITION
2025-12-05T12:38:33.916Z,XRPGBP,mean_reversion,attempt,MAX_POSITION
2025-12-05T12:38:34.580Z,DOTEUR,mean_reversion,attempt,
2025-12-05T12:38:34.654Z,XRPRLUSD,mean_reversion,attempt,
2025-12-05T12:38:34.690Z,SUI/USD,vwap_pullback,attempt,
2025-12-05T12:38:34.907Z,DOTEUR,mean_reversion,attempt,MAX_POSITION
2025-12-05T12:38:34.980Z,XRPRLUSD,mean_reversion,attempt,MAX_POSITION
2025-12-05T12:38:35.232Z,SUI/USD,vwap_pullback,attempt,MAX_TOTAL_EXPOSURE
2025-12-05T12:38:35.824Z,DOTGBP,mean_reversion,attempt,
2025-12-05T12:38:35.863Z,XRPUSDT,mean_reversion,attempt,
2025-12-05T12:38:36.119Z,ADA/EUR,vwap_pullback,attempt,
2025-12-05T12:38:36.160Z,DOTGBP,mean_reversion,attempt,MAX_POSITION
2025-12-05T12:38:36.188Z,XRPUSDT,mean_reversion,attempt,MAX_POSITION
2025-12-05T12:38:36.636Z,ADA/EUR,vwap_pullback,attempt,MAX_TOTAL_EXPOSURE
2025-12-05T12:38:36.995Z,XTZEUR,mean_reversion,attempt,
2025-12-05T12:38:37.108Z,DOTUSDC,mean_reversion,attempt,
2025-12-05T12:38:37.333Z,XTZEUR,mean_reversion,attempt,MAX_POSITION
2025-12-05T12:38:37.454Z,DOTUSDC,mean_reversion,attempt,MAX_POSITION
2025-12-05T12:38:38.140Z,DOTUSDT,mean_reversion,attempt,
2025-12-05T12:38:38.333Z,XTZUSD,mean_reversion,attempt,
2025-12-05T12:38:38.472Z,DOTUSDT,mean_reversion,attempt,MAX_POSITION
2025-12-05T12:38:38.666Z,XTZUSD,mean_reversion,attempt,MAX_POSITION
2025-12-05T12:38:38.897Z,SYRUP/USD,vwap_bounce,attempt,
2025-12-05T12:38:39.321Z,XETCZUSD,mean_reversion,attempt,
2025-12-05T12:38:39.430Z,SYRUP/USD,vwap_bounce,attempt,MAX_TOTAL_EXPOSURE
2025-12-05T12:38:39.650Z,XETCZUSD,mean_reversion,attempt,MAX_POSITION
2025-12-05T12:38:40.259Z,AUD/USD,vwap_pullback,attempt,
2025-12-05T12:38:40.324Z,ETHFIEUR,mean_reversion,attempt,
2025-12-05T12:38:40.653Z,ETHFIEUR,mean_reversion,attempt,MAX_POSITION
2025-12-05T12:38:40.788Z,AUD/USD,vwap_pullback,attempt,MAX_TOTAL_EXPOSURE
2025-12-05T12:38:41.550Z,EULEUR,mean_reversion,attempt,
2025-12-05T12:38:41.634Z,ADAAUD,mean_reversion,attempt,
2025-12-05T12:38:41.894Z,EULEUR,mean_reversion,attempt,MAX_POSITION
2025-12-05T12:38:41.961Z,ADA/USD,vwap_pullback,attempt,
2025-12-05T12:38:41.972Z,ADAAUD,mean_reversion,attempt,MAX_POSITION
2025-12-05T12:38:42.509Z,ADA/USD,vwap_pullback,attempt,MAX_TOTAL_EXPOSURE
2025-12-05T12:38:43.082Z,AKTEUR,mean_reversion,attempt,
2025-12-05T12:38:43.286Z,EWTUSD,mean_reversion,attempt,
2025-12-05T12:38:43.411Z,AKTEUR,mean_reversion,attempt,MAX_POSITION
2025-12-05T12:38:43.616Z,EWTUSD,mean_reversion,attempt,MAX_POSITION
2025-12-05T12:38:44.563Z,FORTHUSD,mean_reversion,attempt,
2025-12-05T12:38:44.815Z,AUDUSD,vwap_pullback,attempt,
2025-12-05T12:38:44.893Z,FORTHUSD,mean_reversion,attempt,MAX_POSITION
2025-12-05T12:38:45.144Z,AUDUSD,vwap_pullback,attempt,MAX_POSITION
2025-12-05T12:38:45.407Z,AUDUSD,sma_trend_ride,attempt,
2025-12-05T12:38:45.552Z,FXSUSD,mean_reversion,attempt,
2025-12-05T12:38:45.732Z,AUDUSD,sma_trend_ride,attempt,MAX_POSITION
2025-12-05T12:38:45.876Z,FXSUSD,mean_reversion,attempt,MAX_POSITION
2025-12-05T12:38:46.419Z,CVXUSD,mean_reversion,attempt,
2025-12-05T12:38:46.755Z,SUI/USD,vwap_pullback,attempt,
2025-12-05T12:38:46.756Z,CVXUSD,mean_reversion,attempt,MAX_POSITION
2025-12-05T12:38:47.128Z,KSMUSD,mean_reversion,attempt,
2025-12-05T12:38:47.289Z,SUI/USD,vwap_pullback,attempt,MAX_TOTAL_EXPOSURE
2025-12-05T12:38:47.306Z,DOTEUR,mean_reversion,attempt,
2025-12-05T12:38:47.458Z,KSMUSD,mean_reversion,attempt,MAX_POSITION
2025-12-05T12:38:47.647Z,DOTEUR,mean_reversion,attempt,MAX_POSITION
2025-12-05T12:38:48.055Z,ADA/EUR,vwap_pullback,attempt,
2025-12-05T12:38:48.586Z,DOTGBP,mean_reversion,attempt,
2025-12-05T12:38:48.846Z,ADA/EUR,vwap_pullback,attempt,MAX_TOTAL_EXPOSURE
2025-12-05T12:38:48.884Z,LINKEUR,vwap_pullback,attempt,
2025-12-05T12:38:48.913Z,DOTGBP,mean_reversion,attempt,MAX_POSITION
2025-12-05T12:38:49.207Z,LINKEUR,vwap_pullback,attempt,MAX_POSITION
2025-12-05T12:38:49.862Z,DOTUSDC,mean_reversion,attempt,
2025-12-05T12:38:50.095Z,LINKUSD,vwap_pullback,attempt,
2025-12-05T12:38:50.203Z,DOTUSDC,mean_reversion,attempt,MAX_POSITION
2025-12-05T12:38:50.449Z,LINKUSD,vwap_pullback,attempt,MAX_POSITION
2025-12-05T12:38:50.587Z,SYRUP/USD,vwap_bounce,attempt,
2025-12-05T12:38:50.999Z,DOTUSDT,mean_reversion,attempt,
2025-12-05T12:38:51.112Z,SYRUP/USD,vwap_bounce,attempt,MAX_TOTAL_EXPOSURE
2025-12-05T12:38:51.325Z,DOTUSDT,mean_reversion,attempt,MAX_POSITION
2025-12-05T12:38:51.662Z,LINKUSDC,vwap_pullback,attempt,
2025-12-05T12:38:51.990Z,LINKUSDC,vwap_pullback,attempt,MAX_POSITION
2025-12-05T12:38:52.253Z,AUD/USD,sma_trend_ride,attempt,
2025-12-05T12:38:52.433Z,XETCZUSD,mean_reversion,attempt,
2025-12-05T12:38:52.758Z,XETCZUSD,mean_reversion,attempt,MAX_POSITION
2025-12-05T12:38:52.777Z,AUD/USD,sma_trend_ride,attempt,MAX_TOTAL_EXPOSURE
2025-12-05T12:38:52.976Z,LINKUSDT,vwap_pullback,attempt,
2025-12-05T12:38:53.305Z,LINKUSDT,vwap_pullback,attempt,MAX_POSITION
2025-12-05T12:38:53.565Z,ADA/USD,vwap_pullback,attempt,
2025-12-05T12:38:53.740Z,ETHFIEUR,mean_reversion,attempt,
2025-12-05T12:38:54.065Z,ETHFIEUR,mean_reversion,attempt,MAX_POSITION
2025-12-05T12:38:54.090Z,ADA/USD,vwap_pullback,attempt,MAX_TOTAL_EXPOSURE
2025-12-05T12:38:54.187Z,XLTCZEUR,mean_reversion,attempt,
2025-12-05T12:38:54.512Z,XLTCZEUR,mean_reversion,attempt,MAX_POSITION
2025-12-05T12:38:54.997Z,EULEUR,mean_reversion,attempt,
2025-12-05T12:38:55.045Z,XLTCZUSD,mean_reversion,attempt,
2025-12-05T12:38:55.330Z,EULEUR,mean_reversion,attempt,MAX_POSITION
2025-12-05T12:38:55.382Z,XLTCZUSD,mean_reversion,attempt,MAX_POSITION
2025-12-05T12:38:55.416Z,CRV/USD,vwap_pullback,attempt,
2025-12-05T12:38:55.943Z,CRV/USD,vwap_pullback,attempt,MAX_TOTAL_EXPOSURE
2025-12-05T12:38:56.566Z,MASKEUR,mean_reversion,attempt,
2025-12-05T12:38:56.891Z,MASKEUR,mean_reversion,attempt,MAX_POSITION
2025-12-05T12:38:56.912Z,EWTUSD,mean_reversion,attempt,
2025-12-05T12:38:57.245Z,EWTUSD,mean_reversion,attempt,MAX_POSITION
2025-12-05T12:38:58.038Z,FORTHUSD,mean_reversion,attempt,
2025-12-05T12:38:58.133Z,MASKUSD,mean_reversion,attempt,
2025-12-05T12:38:58.367Z,FORTHUSD,mean_reversion,attempt,MAX_POSITION
2025-12-05T12:38:58.470Z,MASKUSD,mean_reversion,attempt,MAX_POSITION
2025-12-05T12:38:59.135Z,MEUSD,mean_reversion,attempt,
2025-12-05T12:38:59.182Z,SUI/USD,vwap_pullback,attempt,
2025-12-05T12:38:59.282Z,FXSUSD,mean_reversion,attempt,
2025-12-05T12:38:59.465Z,MEUSD,mean_reversion,attempt,MAX_POSITION
2025-12-05T12:38:59.605Z,FXSUSD,mean_reversion,attempt,MAX_POSITION
2025-12-05T12:38:59.733Z,SUI/USD,vwap_pullback,attempt,MAX_TOTAL_EXPOSURE
2025-12-05T12:39:00.584Z,NANOEUR,mean_reversion,attempt,
2025-12-05T12:39:00.754Z,ADA/EUR,vwap_pullback,attempt,
2025-12-05T12:39:00.791Z,KSMUSD,mean_reversion,attempt,
2025-12-05T12:39:00.926Z,NANOEUR,mean_reversion,attempt,MAX_POSITION
2025-12-05T12:39:01.117Z,KSMUSD,mean_reversion,attempt,MAX_POSITION
2025-12-05T12:39:01.279Z,ADA/EUR,vwap_pullback,attempt,MAX_TOTAL_EXPOSURE
2025-12-05T12:39:02.112Z,LINKEUR,vwap_pullback,attempt,
2025-12-05T12:39:02.150Z,NANOUSD,mean_reversion,attempt,
2025-12-05T12:39:02.438Z,LINKEUR,vwap_pullback,attempt,MAX_POSITION
2025-12-05T12:39:02.474Z,NANOUSD,mean_reversion,attempt,MAX_POSITION
2025-12-05T12:39:03.086Z,LINKUSD,vwap_pullback,attempt,
2025-12-05T12:39:03.559Z,SYRUP/USD,vwap_bounce,attempt,
2025-12-05T12:39:03.563Z,NOSUSD,mean_reversion,attempt,
2025-12-05T12:39:03.704Z,LINKUSD,vwap_pullback,attempt,MAX_POSITION
2025-12-05T12:39:03.905Z,NOSUSD,mean_reversion,attempt,MAX_POSITION
2025-12-05T12:39:04.094Z,SYRUP/USD,vwap_bounce,attempt,MAX_TOTAL_EXPOSURE
2025-12-05T12:39:04.633Z,LINKUSDC,vwap_pullback,attempt,
2025-12-05T12:39:04.833Z,OPEUR,mean_reversion,attempt,
2025-12-05T12:39:04.962Z,LINKUSDC,vwap_pullback,attempt,MAX_POSITION
2025-12-05T12:39:05.157Z,OPEUR,mean_reversion,attempt,MAX_POSITION
2025-12-05T12:39:05.350Z,AUD/USD,sma_trend_ride,attempt,
2025-12-05T12:39:05.893Z,AUD/USD,sma_trend_ride,attempt,MAX_TOTAL_EXPOSURE
2025-12-05T12:39:05.902Z,LINKUSDT,vwap_pullback,attempt,
2025-12-05T12:39:06.091Z,OPUSD,mean_reversion,attempt,
2025-12-05T12:39:06.228Z,LINKUSDT,vwap_pullback,attempt,MAX_POSITION
2025-12-05T12:39:06.422Z,OPUSD,mean_reversion,attempt,MAX_POSITION
2025-12-05T12:39:06.888Z,XLTCZEUR,mean_reversion,attempt,
2025-12-05T12:39:06.931Z,ADA/USD,vwap_pullback,attempt,
2025-12-05T12:39:07.218Z,XLTCZEUR,mean_reversion,attempt,MAX_POSITION
2025-12-05T12:39:07.379Z,PROVEEUR,mean_reversion,attempt,
2025-12-05T12:39:07.456Z,ADA/USD,vwap_pullback,attempt,MAX_TOTAL_EXPOSURE
2025-12-05T12:39:07.705Z,PROVEEUR,mean_reversion,attempt,MAX_POSITION
2025-12-05T12:39:08.192Z,XLTCZUSD,mean_reversion,attempt,
2025-12-05T12:39:08.363Z,RUNEEUR,mean_reversion,attempt,
2025-12-05T12:39:08.522Z,XLTCZUSD,mean_reversion,attempt,MAX_POSITION
2025-12-05T12:39:08.582Z,CRV/USD,vwap_pullback,attempt,
2025-12-05T12:39:08.715Z,RUNEEUR,mean_reversion,attempt,MAX_POSITION
2025-12-05T12:39:09.133Z,CRV/USD,vwap_pullback,attempt,MAX_TOTAL_EXPOSURE
2025-12-05T12:39:09.222Z,MASKEUR,mean_reversion,attempt,
2025-12-05T12:39:09.546Z,MASKEUR,mean_reversion,attempt,MAX_POSITION
2025-12-05T12:39:09.707Z,RUNEUSD,mean_reversion,attempt,
2025-12-05T12:39:10.038Z,RUNEUSD,mean_reversion,attempt,MAX_POSITION
2025-12-05T12:39:10.158Z,FARTCOIN/USDC,vwap_pullback,attempt,
2025-12-05T12:39:10.643Z,MASKUSD,mean_reversion,attempt,
2025-12-05T12:39:10.683Z,FARTCOIN/USDC,vwap_pullback,attempt,MAX_TOTAL_EXPOSURE
2025-12-05T12:39:10.974Z,MASKUSD,mean_reversion,attempt,MAX_POSITION
2025-12-05T12:39:11.324Z,SOSOUSD,mean_reversion,attempt,
2025-12-05T12:39:11.651Z,SOSOUSD,mean_reversion,attempt,MAX_POSITION
2025-12-05T12:39:11.684Z,MEUSD,mean_reversion,attempt,
2025-12-05T12:39:11.720Z,SNX/USD,vwap_pullback,attempt,
2025-12-05T12:39:12.112Z,MEUSD,mean_reversion,attempt,MAX_POSITION
2025-12-05T12:39:12.316Z,SNX/USD,vwap_pullback,attempt,MAX_TOTAL_EXPOSURE
2025-12-05T12:39:13.007Z,TONEUR,mean_reversion,attempt,
2025-12-05T12:39:13.336Z,TONEUR,mean_reversion,attempt,MAX_POSITION
2025-12-05T12:39:13.627Z,ADA/USDT,vwap_pullback,attempt,
2025-12-05T12:39:14.050Z,NANOEUR,mean_reversion,attempt,
2025-12-05T12:39:14.151Z,ADA/USDT,vwap_pullback,attempt,MAX_TOTAL_EXPOSURE
2025-12-05T12:39:14.377Z,NANOEUR,mean_reversion,attempt,MAX_POSITION
2025-12-05T12:39:14.626Z,TONUSD,mean_reversion,attempt,
2025-12-05T12:39:14.951Z,TONUSD,mean_reversion,attempt,MAX_POSITION
2025-12-05T12:39:15.306Z,NANOUSD,mean_reversion,attempt,
2025-12-05T12:39:15.638Z,NANOUSD,mean_reversion,attempt,MAX_POSITION
2025-12-05T12:39:15.887Z,TRUMPUSD,mean_reversion,attempt,
2025-12-05T12:39:16.217Z,TRUMPUSD,mean_reversion,attempt,MAX_POSITION
2025-12-05T12:39:16.582Z,NOSUSD,mean_reversion,attempt,
2025-12-05T12:39:16.760Z,TRXUSD,vwap_pullback,attempt,
2025-12-05T12:39:16.915Z,NOSUSD,mean_reversion,attempt,MAX_POSITION
2025-12-05T12:39:16.959Z,TRXUSD,vwap_pullback,attempt,POSITION_LIMIT
2025-12-05T12:39:17.384Z,ADA/EUR,vwap_pullback,attempt,
2025-12-05T12:39:17.812Z,OPEUR,mean_reversion,attempt,
2025-12-05T12:39:17.838Z,USDCHF,vwap_pullback,attempt,
2025-12-05T12:39:17.906Z,ADA/EUR,vwap_pullback,attempt,MAX_TOTAL_EXPOSURE
2025-12-05T12:39:18.139Z,OPEUR,mean_reversion,attempt,MAX_POSITION
2025-12-05T12:39:18.429Z,USDCHF,vwap_pullback,attempt,MAX_POSITION
2025-12-05T12:39:19.001Z,XXRPZCAD,mean_reversion,attempt,
2025-12-05T12:39:19.043Z,OPUSD,mean_reversion,attempt,
2025-12-05T12:39:19.331Z,XXRPZCAD,mean_reversion,attempt,MAX_POSITION
2025-12-05T12:39:19.374Z,OPUSD,mean_reversion,attempt,MAX_POSITION
2025-12-05T12:39:20.234Z,XXRPZEUR,mean_reversion,attempt,
2025-12-05T12:39:20.481Z,PROVEEUR,mean_reversion,attempt,
2025-12-05T12:39:20.563Z,XXRPZEUR,mean_reversion,attempt,MAX_POSITION
2025-12-05T12:39:20.809Z,PROVEEUR,mean_reversion,attempt,MAX_POSITION
2025-12-05T12:39:21.316Z,XRPGBP,mean_reversion,attempt,
2025-12-05T12:39:21.468Z,SYRUP/USD,vwap_bounce,attempt,
2025-12-05T12:39:21.641Z,XRPGBP,mean_reversion,attempt,MAX_POSITION
2025-12-05T12:39:21.757Z,RUNEEUR,mean_reversion,attempt,
2025-12-05T12:39:21.991Z,SYRUP/USD,vwap_bounce,attempt,MAX_TOTAL_EXPOSURE
2025-12-05T12:39:22.091Z,RUNEEUR,mean_reversion,attempt,MAX_POSITION
2025-12-05T12:39:22.333Z,XRPRLUSD,mean_reversion,attempt,
2025-12-05T12:39:22.658Z,XRPRLUSD,mean_reversion,attempt,MAX_POSITION
2025-12-05T12:39:23.044Z,RUNEUSD,mean_reversion,attempt,
2025-12-05T12:39:23.145Z,AUD/USD,sma_trend_ride,attempt,
2025-12-05T12:39:23.371Z,RUNEUSD,mean_reversion,attempt,MAX_POSITION
2025-12-05T12:39:23.679Z,AUD/USD,sma_trend_ride,attempt,MAX_TOTAL_EXPOSURE
2025-12-05T12:39:23.684Z,XRPUSDT,mean_reversion,attempt,
2025-12-05T12:39:23.998Z,SOSOUSD,mean_reversion,attempt,
2025-12-05T12:39:24.003Z,XRPUSDT,mean_reversion,attempt,MAX_POSITION
2025-12-05T12:39:24.323Z,SOSOUSD,mean_reversion,attempt,MAX_POSITION
2025-12-05T12:39:24.608Z,XTZEUR,mean_reversion,attempt,
2025-12-05T12:39:24.711Z,ADA/USD,vwap_pullback,attempt,
2025-12-05T12:39:24.938Z,XTZEUR,mean_reversion,attempt,MAX_POSITION
2025-12-05T12:39:25.230Z,ADA/USD,vwap_pullback,attempt,MAX_TOTAL_EXPOSURE
2025-12-05T12:39:25.616Z,TONEUR,mean_reversion,attempt,
2025-12-05T12:39:25.859Z,XTZUSD,mean_reversion,attempt,
2025-12-05T12:39:25.949Z,TONEUR,mean_reversion,attempt,MAX_POSITION
2025-12-05T12:39:26.187Z,XTZUSD,mean_reversion,attempt,MAX_POSITION
2025-12-05T12:39:26.457Z,CRV/USD,vwap_pullback,attempt,
2025-12-05T12:39:26.630Z,TONUSD,mean_reversion,attempt,
2025-12-05T12:39:26.954Z,TONUSD,mean_reversion,attempt,MAX_POSITION
2025-12-05T12:39:26.986Z,CRV/USD,vwap_pullback,attempt,MAX_TOTAL_EXPOSURE
2025-12-05T12:39:27.656Z,TRUMPUSD,mean_reversion,attempt,
2025-12-05T12:39:27.766Z,FARTCOIN/USDC,vwap_pullback,attempt,
2025-12-05T12:39:27.985Z,TRUMPUSD,mean_reversion,attempt,MAX_POSITION
2025-12-05T12:39:28.296Z,FARTCOIN/USDC,vwap_pullback,attempt,MAX_TOTAL_EXPOSURE
2025-12-05T12:39:28.784Z,TRXUSD,vwap_pullback,attempt,
2025-12-05T12:39:28.981Z,TRXUSD,vwap_pullback,attempt,POSITION_LIMIT
2025-12-05T12:39:29.629Z,ADAAUD,mean_reversion,attempt,
2025-12-05T12:39:29.637Z,SNX/USD,vwap_pullback,attempt,
2025-12-05T12:39:29.946Z,USDCHF,vwap_pullback,attempt,
2025-12-05T12:39:29.952Z,ADAAUD,mean_reversion,attempt,MAX_POSITION
2025-12-05T12:39:30.159Z,SNX/USD,vwap_pullback,attempt,MAX_TOTAL_EXPOSURE
2025-12-05T12:39:30.278Z,USDCHF,vwap_pullback,attempt,MAX_POSITION
2025-12-05T12:39:30.899Z,AKTEUR,mean_reversion,attempt,
2025-12-05T12:39:30.948Z,ADA/USDT,vwap_pullback,attempt,
2025-12-05T12:39:31.270Z,AKTEUR,mean_reversion,attempt,MAX_POSITION
2025-12-05T12:39:31.301Z,XXRPZCAD,mean_reversion,attempt,
2025-12-05T12:39:31.541Z,ADA/USDT,vwap_pullback,attempt,MAX_TOTAL_EXPOSURE
2025-12-05T12:39:31.685Z,XXRPZCAD,mean_reversion,attempt,MAX_POSITION
2025-12-05T12:39:32.530Z,AERO/USD,vwap_pullback,attempt,
2025-12-05T12:39:32.532Z,AUDUSD,vwap_pullback,attempt,
2025-12-05T12:39:32.631Z,XXRPZEUR,mean_reversion,attempt,
2025-12-05T12:39:32.872Z,AUDUSD,vwap_pullback,attempt,MAX_POSITION
2025-12-05T12:39:32.955Z,XXRPZEUR,mean_reversion,attempt,MAX_POSITION
2025-12-05T12:39:33.060Z,AERO/USD,vwap_pullback,attempt,MAX_TOTAL_EXPOSURE
2025-12-05T12:39:33.139Z,AUDUSD,sma_trend_ride,attempt,
2025-12-05T12:39:33.661Z,XRPGBP,mean_reversion,attempt,
2025-12-05T12:39:33.725Z,AUDUSD,sma_trend_ride,attempt,MAX_POSITION
2025-12-05T12:39:33.992Z,XRPGBP,mean_reversion,attempt,MAX_POSITION
2025-12-05T12:39:34.700Z,XRPRLUSD,mean_reversion,attempt,
2025-12-05T12:39:34.912Z,CVXUSD,mean_reversion,attempt,
2025-12-05T12:39:35.028Z,XRPRLUSD,mean_reversion,attempt,MAX_POSITION
2025-12-05T12:39:35.236Z,CVXUSD,mean_reversion,attempt,MAX_POSITION
2025-12-05T12:39:35.832Z,XRPUSDT,mean_reversion,attempt,
2025-12-05T12:39:35.914Z,DOTEUR,mean_reversion,attempt,
2025-12-05T12:39:36.157Z,XRPUSDT,mean_reversion,attempt,MAX_POSITION
2025-12-05T12:39:36.249Z,DOTEUR,mean_reversion,attempt,MAX_POSITION
2025-12-05T12:39:36.772Z,ADA/EUR,vwap_pullback,attempt,
2025-12-05T12:39:36.829Z,XTZEUR,mean_reversion,attempt,
2025-12-05T12:39:37.157Z,XTZEUR,mean_reversion,attempt,MAX_POSITION
2025-12-05T12:39:37.303Z,ADA/EUR,vwap_pullback,attempt,MAX_TOTAL_EXPOSURE
2025-12-05T12:39:37.825Z,XTZUSD,mean_reversion,attempt,
2025-12-05T12:39:37.930Z,DOTGBP,mean_reversion,attempt,
2025-12-05T12:39:38.153Z,XTZUSD,mean_reversion,attempt,MAX_POSITION
2025-12-05T12:39:38.268Z,DOTGBP,mean_reversion,attempt,MAX_POSITION
2025-12-05T12:39:39.156Z,SYRUP/USD,vwap_bounce,attempt,
2025-12-05T12:39:39.173Z,DOTUSDC,mean_reversion,attempt,
2025-12-05T12:39:39.527Z,DOTUSDC,mean_reversion,attempt,MAX_POSITION
2025-12-05T12:39:39.688Z,SYRUP/USD,vwap_bounce,attempt,MAX_TOTAL_EXPOSURE
2025-12-05T12:39:40.240Z,DOTUSDT,mean_reversion,attempt,
2025-12-05T12:39:40.524Z,AUD/USD,sma_trend_ride,attempt,
2025-12-05T12:39:40.572Z,DOTUSDT,mean_reversion,attempt,MAX_POSITION
2025-12-05T12:39:41.064Z,AUD/USD,sma_trend_ride,attempt,MAX_TOTAL_EXPOSURE
2025-12-05T12:39:41.724Z,XETCZUSD,mean_reversion,attempt,
2025-12-05T12:39:41.838Z,ADA/USD,vwap_pullback,attempt,
2025-12-05T12:39:41.887Z,ADAAUD,mean_reversion,attempt,
2025-12-05T12:39:42.053Z,XETCZUSD,mean_reversion,attempt,MAX_POSITION
2025-12-05T12:39:42.216Z,ADAAUD,mean_reversion,attempt,MAX_POSITION
2025-12-05T12:39:42.375Z,ADA/USD,vwap_pullback,attempt,MAX_TOTAL_EXPOSURE
2025-12-05T12:39:42.740Z,ETHFIEUR,mean_reversion,attempt,
2025-12-05T12:39:42.921Z,AKTEUR,mean_reversion,attempt,
2025-12-05T12:39:43.079Z,ETHFIEUR,mean_reversion,attempt,MAX_POSITION
2025-12-05T12:39:43.252Z,AKTEUR,mean_reversion,attempt,MAX_POSITION
2025-12-05T12:39:43.412Z,CRV/USD,vwap_pullback,attempt,
2025-12-05T12:39:43.936Z,CRV/USD,vwap_pullback,attempt,MAX_TOTAL_EXPOSURE
2025-12-05T12:39:44.079Z,EULEUR,mean_reversion,attempt,
2025-12-05T12:39:44.203Z,AUDUSD,vwap_pullback,attempt,
2025-12-05T12:39:44.420Z,EULEUR,mean_reversion,attempt,MAX_POSITION
2025-12-05T12:39:44.532Z,AUDUSD,vwap_pullback,attempt,MAX_POSITION
2025-12-05T12:39:44.797Z,AUDUSD,sma_trend_ride,attempt,
2025-12-05T12:39:45.124Z,AUDUSD,sma_trend_ride,attempt,MAX_POSITION
2025-12-05T12:39:45.921Z,CVXUSD,mean_reversion,attempt,
2025-12-05T12:39:45.987Z,SNX/USD,vwap_pullback,attempt,
2025-12-05T12:39:46.245Z,CVXUSD,mean_reversion,attempt,MAX_POSITION
2025-12-05T12:39:46.289Z,EWTUSD,mean_reversion,attempt,
2025-12-05T12:39:46.509Z,SNX/USD,vwap_pullback,attempt,MAX_TOTAL_EXPOSURE
2025-12-05T12:39:46.623Z,EWTUSD,mean_reversion,attempt,MAX_POSITION
2025-12-05T12:39:47.179Z,DOTEUR,mean_reversion,attempt,
2025-12-05T12:39:47.524Z,DOTEUR,mean_reversion,attempt,MAX_POSITION
2025-12-05T12:39:47.923Z,FORTHUSD,mean_reversion,attempt,
2025-12-05T12:39:47.982Z,ADA/USDT,vwap_pullback,attempt,
2025-12-05T12:39:48.459Z,DOTGBP,mean_reversion,attempt,
2025-12-05T12:39:48.511Z,FORTHUSD,mean_reversion,attempt,MAX_POSITION
2025-12-05T12:39:48.794Z,ADA/USDT,vwap_pullback,attempt,MAX_TOTAL_EXPOSURE
2025-12-05T12:39:48.798Z,DOTGBP,mean_reversion,attempt,MAX_POSITION
2025-12-05T12:39:49.186Z,FXSUSD,mean_reversion,attempt,
2025-12-05T12:39:49.532Z,FXSUSD,mean_reversion,attempt,MAX_POSITION
2025-12-05T12:39:49.599Z,AERO/USD,vwap_pullback,attempt,
2025-12-05T12:39:49.739Z,DOTUSDC,mean_reversion,attempt,
2025-12-05T12:39:50.075Z,DOTUSDC,mean_reversion,attempt,MAX_POSITION
2025-12-05T12:39:50.130Z,AERO/USD,vwap_pullback,attempt,MAX_TOTAL_EXPOSURE
2025-12-05T12:39:50.720Z,KSMUSD,mean_reversion,attempt,
2025-12-05T12:39:51.015Z,DOTUSDT,mean_reversion,attempt,
2025-12-05T12:39:51.054Z,KSMUSD,mean_reversion,attempt,MAX_POSITION
2025-12-05T12:39:51.343Z,DOTUSDT,mean_reversion,attempt,MAX_POSITION
2025-12-05T12:39:51.694Z,LINKEUR,vwap_pullback,attempt,
2025-12-05T12:39:52.030Z,LINKEUR,vwap_pullback,attempt,MAX_POSITION
2025-12-05T12:39:52.224Z,XETCZUSD,mean_reversion,attempt,
2025-12-05T12:39:52.551Z,XETCZUSD,mean_reversion,attempt,MAX_POSITION
2025-12-05T12:39:52.567Z,LINKUSD,vwap_pullback,attempt,
2025-12-05T12:39:52.894Z,LINKUSD,vwap_pullback,attempt,MAX_POSITION
2025-12-05T12:39:53.176Z,TIA/USD,vwap_pullback,attempt,
2025-12-05T12:39:53.707Z,TIA/USD,vwap_pullback,attempt,MAX_TOTAL_EXPOSURE
2025-12-05T12:39:53.752Z,ETHFIEUR,mean_reversion,attempt,
2025-12-05T12:39:54.076Z,ETHFIEUR,mean_reversion,attempt,MAX_POSITION
2025-12-05T12:39:54.925Z,LINKUSDC,vwap_pullback,attempt,
2025-12-05T12:39:55.133Z,EULEUR,mean_reversion,attempt,
2025-12-05T12:39:55.255Z,LINKUSDC,vwap_pullback,attempt,MAX_POSITION
2025-12-05T12:39:55.462Z,EULEUR,mean_reversion,attempt,MAX_POSITION
2025-12-05T12:39:56.207Z,LINKUSDT,vwap_pullback,attempt,
2025-12-05T12:39:56.535Z,LINKUSDT,vwap_pullback,attempt,MAX_POSITION
2025-12-05T12:39:57.400Z,EWTUSD,mean_reversion,attempt,
2025-12-05T12:39:57.465Z,XLTCZEUR,mean_reversion,attempt,
2025-12-05T12:39:57.691Z,ADA/EUR,vwap_pullback,attempt,
2025-12-05T12:39:57.730Z,EWTUSD,mean_reversion,attempt,MAX_POSITION
2025-12-05T12:39:57.795Z,XLTCZEUR,mean_reversion,attempt,MAX_POSITION
2025-12-05T12:39:58.221Z,ADA/EUR,vwap_pullback,attempt,MAX_TOTAL_EXPOSURE
2025-12-05T12:39:58.728Z,XLTCZUSD,mean_reversion,attempt,
2025-12-05T12:39:59.052Z,XLTCZUSD,mean_reversion,attempt,MAX_POSITION
2025-12-05T12:39:59.054Z,FORTHUSD,mean_reversion,attempt,
2025-12-05T12:39:59.389Z,FORTHUSD,mean_reversion,attempt,MAX_POSITION
2025-12-05T12:39:59.950Z,SYRUP/USD,vwap_bounce,attempt,
2025-12-05T12:39:59.952Z,MASKEUR,mean_reversion,attempt,
2025-12-05T12:40:00.286Z,MASKEUR,mean_reversion,attempt,MAX_POSITION
2025-12-05T12:40:00.478Z,SYRUP/USD,vwap_bounce,attempt,MAX_TOTAL_EXPOSURE
2025-12-05T12:40:00.642Z,FXSUSD,mean_reversion,attempt,
2025-12-05T12:40:00.966Z,FXSUSD,mean_reversion,attempt,MAX_POSITION
2025-12-05T12:40:01.227Z,MASKUSD,mean_reversion,attempt,
2025-12-05T12:40:01.560Z,MASKUSD,mean_reversion,attempt,MAX_POSITION
2025-12-05T12:40:01.823Z,AUD/USD,sma_trend_ride,attempt,
2025-12-05T12:40:01.900Z,KSMUSD,mean_reversion,attempt,
2025-12-05T12:40:02.226Z,KSMUSD,mean_reversion,attempt,MAX_POSITION
2025-12-05T12:40:02.227Z,MEUSD,mean_reversion,attempt,
2025-12-05T12:40:02.371Z,AUD/USD,sma_trend_ride,attempt,MAX_TOTAL_EXPOSURE
2025-12-05T12:40:02.552Z,MEUSD,mean_reversion,attempt,MAX_POSITION
2025-12-05T12:40:03.001Z,LINKEUR,vwap_pullback,attempt,
2025-12-05T12:40:03.490Z,ADA/USD,vwap_pullback,attempt,
2025-12-05T12:40:03.643Z,NANOEUR,mean_reversion,attempt,
2025-12-05T12:40:03.643Z,LINKEUR,vwap_pullback,attempt,MAX_POSITION
2025-12-05T12:40:04.132Z,NANOEUR,mean_reversion,attempt,MAX_POSITION
2025-12-05T12:40:04.198Z,ADA/USD,vwap_pullback,attempt,MAX_TOTAL_EXPOSURE
2025-12-05T12:40:04.658Z,LINKUSD,vwap_pullback,attempt,
2025-12-05T12:40:04.823Z,NANOUSD,mean_reversion,attempt,
2025-12-05T12:40:04.983Z,LINKUSD,vwap_pullback,attempt,MAX_POSITION
2025-12-05T12:40:05.149Z,NANOUSD,mean_reversion,attempt,MAX_POSITION
2025-12-05T12:40:05.489Z,CRV/USD,vwap_pullback,attempt,
2025-12-05T12:40:05.632Z,LINKUSDC,vwap_pullback,attempt,
2025-12-05T12:40:05.863Z,NOSUSD,mean_reversion,attempt,
2025-12-05T12:40:05.972Z,LINKUSDC,vwap_pullback,attempt,MAX_POSITION
2025-12-05T12:40:06.009Z,CRV/USD,vwap_pullback,attempt,MAX_TOTAL_EXPOSURE
2025-12-05T12:40:06.195Z,NOSUSD,mean_reversion,attempt,MAX_POSITION
2025-12-05T12:40:06.917Z,LINKUSDT,vwap_pullback,attempt,
2025-12-05T12:40:07.238Z,LINKUSDT,vwap_pullback,attempt,MAX_POSITION
2025-12-05T12:40:07.506Z,SNX/USD,vwap_pullback,attempt,
2025-12-05T12:40:07.651Z,OPEUR,mean_reversion,attempt,
2025-12-05T12:40:07.989Z,OPEUR,mean_reversion,attempt,MAX_POSITION
2025-12-05T12:40:08.028Z,SNX/USD,vwap_pullback,attempt,MAX_TOTAL_EXPOSURE
2025-12-05T12:40:08.454Z,XLTCZEUR,mean_reversion,attempt,
2025-12-05T12:40:08.694Z,OPUSD,mean_reversion,attempt,
2025-12-05T12:40:08.827Z,XLTCZEUR,mean_reversion,attempt,MAX_POSITION
2025-12-05T12:40:09.017Z,OPUSD,mean_reversion,attempt,MAX_POSITION
2025-12-05T12:40:09.075Z,ADA/USDT,vwap_pullback,attempt,
2025-12-05T12:40:09.596Z,ADA/USDT,vwap_pullback,attempt,MAX_TOTAL_EXPOSURE
2025-12-05T12:40:09.700Z,PROVEEUR,mean_reversion,attempt,
2025-12-05T12:40:09.980Z,XLTCZUSD,mean_reversion,attempt,
2025-12-05T12:40:10.028Z,PROVEEUR,mean_reversion,attempt,MAX_POSITION
2025-12-05T12:40:10.303Z,XLTCZUSD,mean_reversion,attempt,MAX_POSITION
2025-12-05T12:40:11.275Z,AERO/USD,vwap_pullback,attempt,
2025-12-05T12:40:11.744Z,MASKEUR,mean_reversion,attempt,
2025-12-05T12:40:11.792Z,RUNEEUR,mean_reversion,attempt,
2025-12-05T12:40:11.813Z,AERO/USD,vwap_pullback,attempt,MAX_TOTAL_EXPOSURE
2025-12-05T12:40:11.921Z,ADAAUD,mean_reversion,attempt,
2025-12-05T12:40:12.085Z,MASKEUR,mean_reversion,attempt,MAX_POSITION
2025-12-05T12:40:12.121Z,RUNEEUR,mean_reversion,attempt,MAX_POSITION
2025-12-05T12:40:12.256Z,ADAAUD,mean_reversion,attempt,MAX_POSITION
2025-12-05T12:40:12.961Z,AKTEUR,mean_reversion,attempt,
2025-12-05T12:40:13.032Z,MASKUSD,mean_reversion,attempt,
2025-12-05T12:40:13.067Z,RUNEUSD,mean_reversion,attempt,
2025-12-05T12:40:13.298Z,AKTEUR,mean_reversion,attempt,MAX_POSITION
2025-12-05T12:40:13.360Z,MASKUSD,mean_reversion,attempt,MAX_POSITION
2025-12-05T12:40:13.392Z,RUNEUSD,mean_reversion,attempt,MAX_POSITION
2025-12-05T12:40:13.821Z,TIA/USD,vwap_pullback,attempt,
2025-12-05T12:40:13.964Z,AUDUSD,vwap_pullback,attempt,
2025-12-05T12:40:14.096Z,SOSOUSD,mean_reversion,attempt,
2025-12-05T12:40:14.291Z,AUDUSD,vwap_pullback,attempt,MAX_POSITION
2025-12-05T12:40:14.351Z,TIA/USD,vwap_pullback,attempt,MAX_TOTAL_EXPOSURE
2025-12-05T12:40:14.424Z,SOSOUSD,mean_reversion,attempt,MAX_POSITION
2025-12-05T12:40:14.543Z,MEUSD,mean_reversion,attempt,
2025-12-05T12:40:14.552Z,AUDUSD,sma_trend_ride,attempt,
2025-12-05T12:40:14.871Z,MEUSD,mean_reversion,attempt,MAX_POSITION
2025-12-05T12:40:14.887Z,AUDUSD,sma_trend_ride,attempt,MAX_POSITION
2025-12-05T12:40:15.411Z,TONEUR,mean_reversion,attempt,
2025-12-05T12:40:15.735Z,TONEUR,mean_reversion,attempt,MAX_POSITION
2025-12-05T12:40:15.919Z,CVXUSD,mean_reversion,attempt,
2025-12-05T12:40:15.933Z,NANOEUR,mean_reversion,attempt,
2025-12-05T12:40:16.244Z,CVXUSD,mean_reversion,attempt,MAX_POSITION
2025-12-05T12:40:16.259Z,NANOEUR,mean_reversion,attempt,MAX_POSITION
2025-12-05T12:40:17.131Z,DOTEUR,mean_reversion,attempt,
2025-12-05T12:40:17.213Z,NANOUSD,mean_reversion,attempt,
2025-12-05T12:40:17.279Z,TONUSD,mean_reversion,attempt,
2025-12-05T12:40:17.460Z,DOTEUR,mean_reversion,attempt,MAX_POSITION
2025-12-05T12:40:17.549Z,NANOUSD,mean_reversion,attempt,MAX_POSITION
2025-12-05T12:40:17.614Z,TONUSD,mean_reversion,attempt,MAX_POSITION
2025-12-05T12:40:17.995Z,ADA/EUR,vwap_pullback,attempt,
2025-12-05T12:40:18.424Z,TRUMPUSD,mean_reversion,attempt,
2025-12-05T12:40:18.633Z,DOTGBP,mean_reversion,attempt,
2025-12-05T12:40:18.776Z,ADA/EUR,vwap_pullback,rtb,
2025-12-05T12:40:18.781Z,TRUMPUSD,mean_reversion,attempt,MAX_POSITION
2025-12-05T12:40:18.843Z,ADA/EUR,vwap_pullback,opened,
2025-12-05T12:40:18.929Z,NOSUSD,mean_reversion,attempt,
2025-12-05T12:40:18.976Z,DOTGBP,mean_reversion,attempt,MAX_POSITION
2025-12-05T12:40:19.302Z,NOSUSD,mean_reversion,attempt,MAX_POSITION
2025-12-05T12:40:19.494Z,TRXUSD,vwap_pullback,attempt,
2025-12-05T12:40:19.688Z,TRXUSD,vwap_pullback,attempt,POSITION_LIMIT
2025-12-05T12:40:20.168Z,DOTUSDC,mean_reversion,attempt,
2025-12-05T12:40:20.289Z,OPEUR,mean_reversion,attempt,
2025-12-05T12:40:20.500Z,DOTUSDC,mean_reversion,attempt,MAX_POSITION
2025-12-05T12:40:20.618Z,OPEUR,mean_reversion,attempt,MAX_POSITION
2025-12-05T12:40:20.640Z,USDCHF,vwap_pullback,attempt,
2025-12-05T12:40:20.972Z,USDCHF,vwap_pullback,attempt,MAX_POSITION
2025-12-05T12:40:21.165Z,OPUSD,mean_reversion,attempt,
2025-12-05T12:40:21.165Z,DOTUSDT,mean_reversion,attempt,
2025-12-05T12:40:21.581Z,DOTUSDT,mean_reversion,attempt,MAX_POSITION
2025-12-05T12:40:21.584Z,OPUSD,mean_reversion,attempt,MAX_POSITION
2025-12-05T12:40:21.785Z,XXRPZCAD,mean_reversion,attempt,
2025-12-05T12:40:21.789Z,AUD/USD,sma_trend_ride,attempt,
2025-12-05T12:40:22.118Z,XXRPZCAD,mean_reversion,attempt,MAX_POSITION
2025-12-05T12:40:22.298Z,PROVEEUR,mean_reversion,attempt,
2025-12-05T12:40:22.314Z,AUD/USD,sma_trend_ride,attempt,MAX_TOTAL_EXPOSURE
2025-12-05T12:40:22.628Z,PROVEEUR,mean_reversion,attempt,MAX_POSITION
2025-12-05T12:40:22.743Z,XETCZUSD,mean_reversion,attempt,
2025-12-05T12:40:23.071Z,XETCZUSD,mean_reversion,attempt,MAX_POSITION
2025-12-05T12:40:23.073Z,XXRPZEUR,mean_reversion,attempt,
2025-12-05T12:40:23.305Z,RUNEEUR,mean_reversion,attempt,
2025-12-05T12:40:23.331Z,ADA/USD,vwap_pullback,attempt,
2025-12-05T12:40:23.399Z,XXRPZEUR,mean_reversion,attempt,MAX_POSITION
2025-12-05T12:40:23.647Z,RUNEEUR,mean_reversion,attempt,MAX_POSITION
2025-12-05T12:40:23.854Z,ADA/USD,vwap_pullback,attempt,MAX_TOTAL_EXPOSURE
2025-12-05T12:40:24.073Z,XRPGBP,mean_reversion,attempt,
2025-12-05T12:40:24.257Z,ETHFIEUR,mean_reversion,attempt,
2025-12-05T12:40:24.404Z,XRPGBP,mean_reversion,attempt,MAX_POSITION
2025-12-05T12:40:24.586Z,ETHFIEUR,mean_reversion,attempt,MAX_POSITION
2025-12-05T12:40:24.588Z,RUNEUSD,mean_reversion,attempt,
2025-12-05T12:40:24.919Z,RUNEUSD,mean_reversion,attempt,MAX_POSITION
2025-12-05T12:40:24.932Z,CRV/USD,vwap_pullback,attempt,
2025-12-05T12:40:25.240Z,EULEUR,mean_reversion,attempt,
2025-12-05T12:40:25.328Z,XRPRLUSD,mean_reversion,attempt,
2025-12-05T12:40:25.456Z,CRV/USD,vwap_pullback,attempt,MAX_TOTAL_EXPOSURE
2025-12-05T12:40:25.567Z,EULEUR,mean_reversion,attempt,MAX_POSITION
2025-12-05T12:40:25.605Z,SOSOUSD,mean_reversion,attempt,
2025-12-05T12:40:25.659Z,XRPRLUSD,mean_reversion,attempt,MAX_POSITION
2025-12-05T12:40:25.932Z,SOSOUSD,mean_reversion,attempt,MAX_POSITION
2025-12-05T12:40:26.349Z,XRPUSDT,mean_reversion,attempt,
2025-12-05T12:40:26.658Z,TONEUR,mean_reversion,attempt,
2025-12-05T12:40:26.682Z,XRPUSDT,mean_reversion,attempt,MAX_POSITION
2025-12-05T12:40:26.940Z,EWTUSD,mean_reversion,attempt,
2025-12-05T12:40:26.985Z,TONEUR,mean_reversion,attempt,MAX_POSITION
2025-12-05T12:40:27.267Z,EWTUSD,mean_reversion,attempt,MAX_POSITION
2025-12-05T12:40:27.360Z,XTZEUR,mean_reversion,attempt,
2025-12-05T12:40:27.562Z,SNX/USD,vwap_pullback,attempt,
2025-12-05T12:40:27.692Z,XTZEUR,mean_reversion,attempt,MAX_POSITION
2025-12-05T12:40:27.716Z,TONUSD,mean_reversion,attempt,
2025-12-05T12:40:27.950Z,FORTHUSD,mean_reversion,attempt,
2025-12-05T12:40:28.047Z,TONUSD,mean_reversion,attempt,MAX_POSITION
2025-12-05T12:40:28.086Z,SNX/USD,vwap_pullback,attempt,MAX_TOTAL_EXPOSURE
2025-12-05T12:40:28.277Z,FORTHUSD,mean_reversion,attempt,MAX_POSITION
2025-12-05T12:40:28.583Z,XTZUSD,mean_reversion,attempt,
2025-12-05T12:40:28.725Z,TRUMPUSD,mean_reversion,attempt,
2025-12-05T12:40:28.909Z,XTZUSD,mean_reversion,attempt,MAX_POSITION
2025-12-05T12:40:28.951Z,FXSUSD,mean_reversion,attempt,
2025-12-05T12:40:29.054Z,TRUMPUSD,mean_reversion,attempt,MAX_POSITION
2025-12-05T12:40:29.126Z,ADA/USDT,vwap_pullback,attempt,
2025-12-05T12:40:29.275Z,FXSUSD,mean_reversion,attempt,MAX_POSITION
2025-12-05T12:40:29.649Z,ADA/USDT,vwap_pullback,attempt,MAX_TOTAL_EXPOSURE
2025-12-05T12:40:29.993Z,TRXUSD,vwap_pullback,attempt,
2025-12-05T12:40:30.190Z,TRXUSD,vwap_pullback,attempt,POSITION_LIMIT
2025-12-05T12:40:30.212Z,KSMUSD,mean_reversion,attempt,
2025-12-05T12:40:30.541Z,KSMUSD,mean_reversion,attempt,MAX_POSITION
2025-12-05T12:40:30.666Z,AERO/USD,vwap_pullback,attempt,
2025-12-05T12:40:30.997Z,USDCHF,vwap_pullback,attempt,
2025-12-05T12:40:31.189Z,AERO/USD,vwap_pullback,attempt,MAX_TOTAL_EXPOSURE
2025-12-05T12:40:31.216Z,LINKEUR,vwap_pullback,attempt,
2025-12-05T12:40:31.346Z,USDCHF,vwap_pullback,attempt,MAX_POSITION
2025-12-05T12:40:31.559Z,LINKEUR,vwap_pullback,attempt,MAX_POSITION
2025-12-05T12:40:32.253Z,LINKUSD,vwap_pullback,attempt,
2025-12-05T12:40:32.425Z,XXRPZCAD,mean_reversion,attempt,
2025-12-05T12:40:32.582Z,LINKUSD,vwap_pullback,attempt,MAX_POSITION
2025-12-05T12:40:32.748Z,XXRPZCAD,mean_reversion,attempt,MAX_POSITION
2025-12-05T12:40:32.771Z,TIA/USD,vwap_pullback,attempt,
2025-12-05T12:40:33.463Z,LINKUSDC,vwap_pullback,attempt,
2025-12-05T12:40:33.595Z,TIA/USD,vwap_pullback,attempt,MAX_TOTAL_EXPOSURE
2025-12-05T12:40:33.745Z,XXRPZEUR,mean_reversion,attempt,
2025-12-05T12:40:33.792Z,LINKUSDC,vwap_pullback,attempt,MAX_POSITION
2025-12-05T12:40:34.068Z,XXRPZEUR,mean_reversion,attempt,MAX_POSITION
2025-12-05T12:40:35.043Z,LINKUSDT,vwap_pullback,attempt,
2025-12-05T12:40:35.089Z,XRPGBP,mean_reversion,attempt,
2025-12-05T12:40:35.378Z,LINKUSDT,vwap_pullback,attempt,MAX_POSITION
2025-12-05T12:40:35.447Z,XRPGBP,mean_reversion,attempt,MAX_POSITION
2025-12-05T12:40:36.112Z,XRPRLUSD,mean_reversion,attempt,
2025-12-05T12:40:36.325Z,XLTCZEUR,mean_reversion,attempt,
2025-12-05T12:40:36.440Z,XRPRLUSD,mean_reversion,attempt,MAX_POSITION
2025-12-05T12:40:36.653Z,XLTCZEUR,mean_reversion,attempt,MAX_POSITION
2025-12-05T12:40:37.387Z,XRPUSDT,mean_reversion,attempt,
2025-12-05T12:40:37.531Z,XRP/GBP,vwap_pullback,attempt,
2025-12-05T12:40:37.714Z,XRPUSDT,mean_reversion,attempt,MAX_POSITION
2025-12-05T12:40:37.859Z,XLTCZUSD,mean_reversion,attempt,
2025-12-05T12:40:38.055Z,XRP/GBP,vwap_pullback,attempt,MAX_TOTAL_EXPOSURE
2025-12-05T12:40:38.189Z,XLTCZUSD,mean_reversion,attempt,MAX_POSITION
2025-12-05T12:40:38.633Z,XTZEUR,mean_reversion,attempt,
2025-12-05T12:40:38.963Z,XTZEUR,mean_reversion,attempt,MAX_POSITION
2025-12-05T12:40:39.002Z,MASKEUR,mean_reversion,attempt,
2025-12-05T12:40:39.328Z,MASKEUR,mean_reversion,attempt,MAX_POSITION
2025-12-05T12:40:39.648Z,XTZUSD,mean_reversion,attempt,
2025-12-05T12:40:39.974Z,XTZUSD,mean_reversion,attempt,MAX_POSITION
2025-12-05T12:40:40.254Z,MASKUSD,mean_reversion,attempt,
2025-12-05T12:40:40.590Z,MASKUSD,mean_reversion,attempt,MAX_POSITION
2025-12-05T12:40:41.542Z,MEUSD,mean_reversion,attempt,
2025-12-05T12:40:41.876Z,MEUSD,mean_reversion,attempt,MAX_POSITION
2025-12-05T12:40:42.501Z,AUD/USD,sma_trend_ride,attempt,
2025-12-05T12:40:43.026Z,AUD/USD,sma_trend_ride,attempt,MAX_TOTAL_EXPOSURE
2025-12-05T12:40:44.072Z,ADA/USD,vwap_pullback,attempt,
2025-12-05T12:40:44.321Z,NANOEUR,mean_reversion,attempt,
2025-12-05T12:40:44.612Z,ADA/USD,vwap_pullback,attempt,MAX_TOTAL_EXPOSURE
2025-12-05T12:40:44.659Z,NANOEUR,mean_reversion,attempt,MAX_POSITION
2025-12-05T12:40:45.345Z,NANOUSD,mean_reversion,attempt,
2025-12-05T12:40:45.426Z,CRV/USD,vwap_pullback,attempt,
2025-12-05T12:40:45.704Z,NANOUSD,mean_reversion,attempt,MAX_POSITION
2025-12-05T12:40:45.952Z,CRV/USD,vwap_pullback,attempt,MAX_TOTAL_EXPOSURE
2025-12-05T12:40:46.643Z,NOSUSD,mean_reversion,attempt,
2025-12-05T12:40:46.978Z,NOSUSD,mean_reversion,attempt,MAX_POSITION
2025-12-05T12:40:47.642Z,OPEUR,mean_reversion,attempt,
2025-12-05T12:40:47.700Z,SNX/USD,vwap_pullback,attempt,
2025-12-05T12:40:48.031Z,OPEUR,mean_reversion,attempt,MAX_POSITION
2025-12-05T12:40:48.561Z,SNX/USD,vwap_pullback,attempt,MAX_TOTAL_EXPOSURE
2025-12-05T12:40:49.000Z,OPUSD,mean_reversion,attempt,
2025-12-05T12:40:49.336Z,OPUSD,mean_reversion,attempt,MAX_POSITION
2025-12-05T12:40:49.835Z,ADA/USDT,vwap_pullback,attempt,
2025-12-05T12:40:50.275Z,PROVEEUR,mean_reversion,attempt,
2025-12-05T12:40:50.373Z,ADA/USDT,vwap_pullback,attempt,MAX_TOTAL_EXPOSURE
2025-12-05T12:40:50.601Z,PROVEEUR,mean_reversion,attempt,MAX_POSITION
2025-12-05T12:40:51.237Z,RUNEEUR,mean_reversion,attempt,
2025-12-05T12:40:51.461Z,AERO/USD,vwap_pullback,attempt,
2025-12-05T12:40:51.570Z,RUNEEUR,mean_reversion,attempt,MAX_POSITION
2025-12-05T12:40:51.987Z,AERO/USD,vwap_pullback,attempt,MAX_TOTAL_EXPOSURE
2025-12-05T12:40:52.560Z,RUNEUSD,mean_reversion,attempt,
2025-12-05T12:40:52.887Z,RUNEUSD,mean_reversion,attempt,MAX_POSITION
2025-12-05T12:40:53.584Z,SOSOUSD,mean_reversion,attempt,
2025-12-05T12:40:53.919Z,SOSOUSD,mean_reversion,attempt,MAX_POSITION
2025-12-05T12:40:54.040Z,TIA/USD,vwap_pullback,attempt,
2025-12-05T12:40:54.564Z,TIA/USD,vwap_pullback,attempt,MAX_TOTAL_EXPOSURE
2025-12-05T12:40:55.386Z,TONEUR,mean_reversion,attempt,
2025-12-05T12:40:55.717Z,TONEUR,mean_reversion,attempt,MAX_POSITION
2025-12-05T12:40:56.169Z,TONUSD,mean_reversion,attempt,
2025-12-05T12:40:56.494Z,TONUSD,mean_reversion,attempt,MAX_POSITION
2025-12-05T12:40:57.244Z,TRUMPUSD,mean_reversion,attempt,
2025-12-05T12:40:57.579Z,TRUMPUSD,mean_reversion,attempt,MAX_POSITION
2025-12-05T12:40:58.737Z,TRXUSD,vwap_pullback,attempt,
2025-12-05T12:40:58.779Z,ADAAUD,mean_reversion,attempt,
2025-12-05T12:40:58.879Z,XRP/GBP,vwap_pullback,attempt,
2025-12-05T12:40:58.937Z,TRXUSD,vwap_pullback,attempt,POSITION_LIMIT
2025-12-05T12:40:59.116Z,ADAAUD,mean_reversion,attempt,MAX_POSITION
2025-12-05T12:40:59.410Z,XRP/GBP,vwap_pullback,attempt,MAX_TOTAL_EXPOSURE
2025-12-05T12:40:59.774Z,AKTEUR,mean_reversion,attempt,
2025-12-05T12:41:00.100Z,AKTEUR,mean_reversion,attempt,MAX_POSITION
2025-12-05T12:41:00.395Z,USDCHF,vwap_pullback,attempt,
2025-12-05T12:41:00.695Z,SUPER/USD,vwap_pullback,attempt,
2025-12-05T12:41:00.723Z,USDCHF,vwap_pullback,attempt,MAX_POSITION
2025-12-05T12:41:01.047Z,AUDUSD,vwap_pullback,attempt,
2025-12-05T12:41:01.231Z,SUPER/USD,vwap_pullback,attempt,MAX_TOTAL_EXPOSURE
2025-12-05T12:41:01.384Z,AUDUSD,vwap_pullback,attempt,MAX_POSITION
2025-12-05T12:41:01.649Z,AUDUSD,sma_trend_ride,attempt,
2025-12-05T12:41:01.727Z,XXRPZCAD,mean_reversion,attempt,
2025-12-05T12:41:01.977Z,AUDUSD,sma_trend_ride,attempt,MAX_POSITION
2025-12-05T12:41:02.062Z,XXRPZCAD,mean_reversion,attempt,MAX_POSITION
2025-12-05T12:41:02.797Z,CVXUSD,mean_reversion,attempt,
2025-12-05T12:41:03.132Z,CVXUSD,mean_reversion,attempt,MAX_POSITION
2025-12-05T12:41:03.529Z,XXRPZEUR,mean_reversion,attempt,
2025-12-05T12:41:03.859Z,XXRPZEUR,mean_reversion,attempt,MAX_POSITION
2025-12-05T12:41:04.568Z,DOTEUR,mean_reversion,attempt,
2025-12-05T12:41:04.798Z,XRPGBP,mean_reversion,attempt,
2025-12-05T12:41:04.911Z,DOTEUR,mean_reversion,attempt,MAX_POSITION
2025-12-05T12:41:05.127Z,XRPGBP,mean_reversion,attempt,MAX_POSITION
2025-12-05T12:41:05.738Z,XRPRLUSD,mean_reversion,attempt,
2025-12-05T12:41:05.827Z,DOTGBP,mean_reversion,attempt,
2025-12-05T12:41:06.067Z,XRPRLUSD,mean_reversion,attempt,MAX_POSITION
2025-12-05T12:41:06.154Z,SYRUP/USD,vwap_bounce,attempt,
2025-12-05T12:41:06.160Z,DOTGBP,mean_reversion,attempt,MAX_POSITION
2025-12-05T12:41:06.681Z,SYRUP/USD,vwap_bounce,attempt,MAX_TOTAL_EXPOSURE
2025-12-05T12:41:07.089Z,XRPUSDT,mean_reversion,attempt,
2025-12-05T12:41:07.140Z,DOTUSDC,mean_reversion,attempt,
2025-12-05T12:41:07.456Z,XRPUSDT,mean_reversion,attempt,MAX_POSITION
2025-12-05T12:41:07.474Z,DOTUSDC,mean_reversion,attempt,MAX_POSITION
2025-12-05T12:41:08.084Z,XTZEUR,mean_reversion,attempt,
2025-12-05T12:41:08.104Z,DOTUSDT,mean_reversion,attempt,
2025-12-05T12:41:08.157Z,AUD/USD,sma_trend_ride,attempt,
2025-12-05T12:41:08.411Z,XTZEUR,mean_reversion,attempt,MAX_POSITION
2025-12-05T12:41:08.437Z,DOTUSDT,mean_reversion,attempt,MAX_POSITION
2025-12-05T12:41:08.677Z,AUD/USD,sma_trend_ride,attempt,MAX_TOTAL_EXPOSURE
2025-12-05T12:41:09.353Z,XTZUSD,mean_reversion,attempt,
2025-12-05T12:41:09.646Z,XETCZUSD,mean_reversion,attempt,
2025-12-05T12:41:09.685Z,XTZUSD,mean_reversion,attempt,MAX_POSITION
2025-12-05T12:41:09.860Z,ADA/USD,vwap_pullback,attempt,
2025-12-05T12:41:09.980Z,XETCZUSD,mean_reversion,attempt,MAX_POSITION
2025-12-05T12:41:10.393Z,ADA/USD,vwap_pullback,attempt,MAX_TOTAL_EXPOSURE
2025-12-05T12:41:10.651Z,ETHFIEUR,mean_reversion,attempt,
2025-12-05T12:41:10.993Z,ETHFIEUR,mean_reversion,attempt,MAX_POSITION
2025-12-05T12:41:11.200Z,CRV/USD,vwap_pullback,attempt,
2025-12-05T12:41:11.731Z,CRV/USD,vwap_pullback,attempt,MAX_TOTAL_EXPOSURE
2025-12-05T12:41:11.896Z,ADAAUD,mean_reversion,attempt,
2025-12-05T12:41:12.222Z,ADAAUD,mean_reversion,attempt,MAX_POSITION
2025-12-05T12:41:12.250Z,EULEUR,mean_reversion,attempt,
2025-12-05T12:41:12.586Z,EULEUR,mean_reversion,attempt,MAX_POSITION
2025-12-05T12:41:13.165Z,AKTEUR,mean_reversion,attempt,
2025-12-05T12:41:13.248Z,SNX/USD,vwap_pullback,attempt,
2025-12-05T12:41:13.492Z,AKTEUR,mean_reversion,attempt,MAX_POSITION
2025-12-05T12:41:13.771Z,SNX/USD,vwap_pullback,attempt,MAX_TOTAL_EXPOSURE
2025-12-05T12:41:14.227Z,EWTUSD,mean_reversion,attempt,
2025-12-05T12:41:14.434Z,AUDUSD,vwap_pullback,attempt,
2025-12-05T12:41:14.562Z,ADA/USDT,vwap_pullback,attempt,
2025-12-05T12:41:14.563Z,EWTUSD,mean_reversion,attempt,MAX_POSITION
2025-12-05T12:41:14.771Z,AUDUSD,vwap_pullback,attempt,MAX_POSITION
2025-12-05T12:41:15.035Z,AUDUSD,sma_trend_ride,attempt,
2025-12-05T12:41:15.091Z,ADA/USDT,vwap_pullback,attempt,MAX_TOTAL_EXPOSURE
2025-12-05T12:41:15.362Z,AUDUSD,sma_trend_ride,attempt,MAX_POSITION
2025-12-05T12:41:15.763Z,FORTHUSD,mean_reversion,attempt,
2025-12-05T12:41:16.051Z,CVXUSD,mean_reversion,attempt,
2025-12-05T12:41:16.088Z,FORTHUSD,mean_reversion,attempt,MAX_POSITION
2025-12-05T12:41:16.380Z,CVXUSD,mean_reversion,attempt,MAX_POSITION
2025-12-05T12:41:16.718Z,AERO/USD,vwap_pullback,attempt,
2025-12-05T12:41:16.758Z,FXSUSD,mean_reversion,attempt,
2025-12-05T12:41:17.085Z,FXSUSD,mean_reversion,attempt,MAX_POSITION
2025-12-05T12:41:17.264Z,AERO/USD,vwap_pullback,attempt,MAX_TOTAL_EXPOSURE
2025-12-05T12:41:17.463Z,DOTEUR,mean_reversion,attempt,
2025-12-05T12:41:17.807Z,DOTEUR,mean_reversion,attempt,MAX_POSITION
2025-12-05T12:41:17.848Z,KSMUSD,mean_reversion,attempt,
2025-12-05T12:41:18.429Z,KSMUSD,mean_reversion,attempt,MAX_POSITION
2025-12-05T12:41:18.997Z,DOTGBP,mean_reversion,attempt,
2025-12-05T12:41:19.323Z,DOTGBP,mean_reversion,attempt,MAX_POSITION
2025-12-05T12:41:19.362Z,LINKEUR,vwap_pullback,attempt,
2025-12-05T12:41:19.689Z,LINKEUR,vwap_pullback,attempt,MAX_POSITION
2025-12-05T12:41:19.730Z,TIA/USD,vwap_pullback,attempt,
2025-12-05T12:41:20.251Z,TIA/USD,vwap_pullback,attempt,MAX_TOTAL_EXPOSURE
2025-12-05T12:41:20.423Z,DOTUSDC,mean_reversion,attempt,
2025-12-05T12:41:20.755Z,DOTUSDC,mean_reversion,attempt,MAX_POSITION
2025-12-05T12:41:20.944Z,LINKUSD,vwap_pullback,attempt,
2025-12-05T12:41:21.270Z,LINKUSD,vwap_pullback,attempt,MAX_POSITION
2025-12-05T12:41:21.705Z,DOTUSDT,mean_reversion,attempt,
2025-12-05T12:41:21.969Z,ONDO/USD,vwap_pullback,attempt,
2025-12-05T12:41:22.030Z,DOTUSDT,mean_reversion,attempt,MAX_POSITION
2025-12-05T12:41:22.491Z,ONDO/USD,vwap_pullback,attempt,MAX_TOTAL_EXPOSURE
2025-12-05T12:41:22.549Z,LINKUSDC,vwap_pullback,attempt,
2025-12-05T12:41:22.929Z,LINKUSDC,vwap_pullback,attempt,MAX_POSITION
2025-12-05T12:41:23.563Z,LINKUSDT,vwap_pullback,attempt,
2025-12-05T12:41:23.745Z,XETCZUSD,mean_reversion,attempt,
2025-12-05T12:41:23.890Z,LINKUSDT,vwap_pullback,attempt,MAX_POSITION
2025-12-05T12:41:24.079Z,XETCZUSD,mean_reversion,attempt,MAX_POSITION
2025-12-05T12:41:24.771Z,XLTCZEUR,mean_reversion,attempt,
2025-12-05T12:41:25.016Z,ETHFIEUR,mean_reversion,attempt,
2025-12-05T12:41:25.100Z,XLTCZEUR,mean_reversion,attempt,MAX_POSITION
2025-12-05T12:41:25.343Z,ETHFIEUR,mean_reversion,attempt,MAX_POSITION
2025-12-05T12:41:26.027Z,XLTCZUSD,mean_reversion,attempt,
2025-12-05T12:41:26.324Z,EULEUR,mean_reversion,attempt,
2025-12-05T12:41:26.326Z,ADA/EUR,vwap_pullback,attempt,
2025-12-05T12:41:26.353Z,XLTCZUSD,mean_reversion,attempt,MAX_POSITION
2025-12-05T12:41:26.663Z,EULEUR,mean_reversion,attempt,MAX_POSITION
2025-12-05T12:41:26.877Z,ADA/EUR,vwap_pullback,rtb,
2025-12-05T12:41:26.947Z,ADA/EUR,vwap_pullback,opened,
2025-12-05T12:41:27.033Z,MASKEUR,mean_reversion,attempt,
2025-12-05T12:41:27.402Z,MASKEUR,mean_reversion,attempt,MAX_POSITION
2025-12-05T12:41:27.771Z,EWTUSD,mean_reversion,attempt,
2025-12-05T12:41:28.130Z,EWTUSD,mean_reversion,attempt,MAX_POSITION
2025-12-05T12:41:28.693Z,MASKUSD,mean_reversion,attempt,
2025-12-05T12:41:28.926Z,SYRUP/USD,vwap_bounce,attempt,
2025-12-05T12:41:29.019Z,MASKUSD,mean_reversion,attempt,MAX_POSITION
2025-12-05T12:41:29.381Z,FORTHUSD,mean_reversion,attempt,
2025-12-05T12:41:29.483Z,SYRUP/USD,vwap_bounce,attempt,MAX_TOTAL_EXPOSURE
2025-12-05T12:41:29.715Z,FORTHUSD,mean_reversion,attempt,MAX_POSITION
2025-12-05T12:41:29.734Z,MEUSD,mean_reversion,attempt,
2025-12-05T12:41:30.063Z,MEUSD,mean_reversion,attempt,MAX_POSITION
2025-12-05T12:41:30.638Z,FXSUSD,mean_reversion,attempt,
2025-12-05T12:41:30.737Z,AUD/USD,sma_trend_ride,attempt,
2025-12-05T12:41:30.975Z,FXSUSD,mean_reversion,attempt,MAX_POSITION
2025-12-05T12:41:31.256Z,AUD/USD,sma_trend_ride,attempt,MAX_TOTAL_EXPOSURE
2025-12-05T12:41:31.642Z,KSMUSD,mean_reversion,attempt,
2025-12-05T12:41:31.712Z,NANOEUR,mean_reversion,attempt,
2025-12-05T12:41:31.968Z,KSMUSD,mean_reversion,attempt,MAX_POSITION
2025-12-05T12:41:32.038Z,NANOEUR,mean_reversion,attempt,MAX_POSITION
2025-12-05T12:41:32.328Z,ADA/USD,vwap_pullback,attempt,
2025-12-05T12:41:32.854Z,ADA/USD,vwap_pullback,attempt,MAX_TOTAL_EXPOSURE
2025-12-05T12:41:32.898Z,LINKEUR,vwap_pullback,attempt,
2025-12-05T12:41:33.063Z,NANOUSD,mean_reversion,attempt,
2025-12-05T12:41:33.532Z,LINKEUR,vwap_pullback,attempt,MAX_POSITION
2025-12-05T12:41:33.670Z,NANOUSD,mean_reversion,attempt,MAX_POSITION
2025-12-05T12:41:33.891Z,CRV/USD,vwap_pullback,attempt,
2025-12-05T12:41:34.433Z,CRV/USD,vwap_pullback,attempt,MAX_TOTAL_EXPOSURE
2025-12-05T12:41:34.473Z,LINKUSD,vwap_pullback,attempt,
2025-12-05T12:41:34.801Z,LINKUSD,vwap_pullback,attempt,MAX_POSITION
2025-12-05T12:41:34.873Z,NOSUSD,mean_reversion,attempt,
2025-12-05T12:41:35.216Z,NOSUSD,mean_reversion,attempt,MAX_POSITION
2025-12-05T12:41:36.026Z,LINKUSDC,vwap_pullback,attempt,
2025-12-05T12:41:36.275Z,SNX/USD,vwap_pullback,attempt,
2025-12-05T12:41:36.354Z,LINKUSDC,vwap_pullback,attempt,MAX_POSITION
2025-12-05T12:41:36.413Z,OPEUR,mean_reversion,attempt,
2025-12-05T12:41:36.741Z,OPEUR,mean_reversion,attempt,MAX_POSITION
2025-12-05T12:41:36.802Z,SNX/USD,vwap_pullback,attempt,MAX_TOTAL_EXPOSURE
2025-12-05T12:41:37.573Z,ADA/USDT,vwap_pullback,attempt,
2025-12-05T12:41:37.579Z,LINKUSDT,vwap_pullback,attempt,
2025-12-05T12:41:37.907Z,LINKUSDT,vwap_pullback,attempt,MAX_POSITION
2025-12-05T12:41:37.952Z,OPUSD,mean_reversion,attempt,
2025-12-05T12:41:38.094Z,ADA/USDT,vwap_pullback,attempt,MAX_TOTAL_EXPOSURE
2025-12-05T12:41:38.282Z,OPUSD,mean_reversion,attempt,MAX_POSITION
2025-12-05T12:41:38.607Z,XLTCZEUR,mean_reversion,attempt,
2025-12-05T12:41:38.944Z,XLTCZEUR,mean_reversion,attempt,MAX_POSITION
2025-12-05T12:41:39.246Z,PROVEEUR,mean_reversion,attempt,
2025-12-05T12:41:39.393Z,AERO/USD,vwap_pullback,attempt,
2025-12-05T12:41:39.589Z,PROVEEUR,mean_reversion,attempt,MAX_POSITION
2025-12-05T12:41:39.707Z,XLTCZUSD,mean_reversion,attempt,
2025-12-05T12:41:39.917Z,AERO/USD,vwap_pullback,attempt,MAX_TOTAL_EXPOSURE
2025-12-05T12:41:40.043Z,XLTCZUSD,mean_reversion,attempt,MAX_POSITION
2025-12-05T12:41:40.720Z,MASKEUR,mean_reversion,attempt,
2025-12-05T12:41:41.048Z,MASKEUR,mean_reversion,attempt,MAX_POSITION
2025-12-05T12:41:41.063Z,RUNEEUR,mean_reversion,attempt,
2025-12-05T12:41:41.393Z,RUNEEUR,mean_reversion,attempt,MAX_POSITION
2025-12-05T12:41:41.755Z,TIA/USD,vwap_pullback,attempt,
2025-12-05T12:41:41.984Z,MASKUSD,mean_reversion,attempt,
2025-12-05T12:41:42.321Z,MASKUSD,mean_reversion,attempt,MAX_POSITION
2025-12-05T12:41:42.338Z,TIA/USD,vwap_pullback,attempt,MAX_TOTAL_EXPOSURE
2025-12-05T12:41:42.734Z,RUNEUSD,mean_reversion,attempt,
2025-12-05T12:41:43.066Z,RUNEUSD,mean_reversion,attempt,MAX_POSITION
2025-12-05T12:41:43.561Z,MEUSD,mean_reversion,attempt,
2025-12-05T12:41:43.887Z,MEUSD,mean_reversion,attempt,MAX_POSITION
2025-12-05T12:41:44.102Z,SOSOUSD,mean_reversion,attempt,
2025-12-05T12:41:44.425Z,SOSOUSD,mean_reversion,attempt,MAX_POSITION
2025-12-05T12:41:44.675Z,ONDO/USD,vwap_pullback,attempt,
2025-12-05T12:41:45.209Z,ONDO/USD,vwap_pullback,attempt,MAX_TOTAL_EXPOSURE
2025-12-05T12:41:45.354Z,TONEUR,mean_reversion,attempt,
2025-12-05T12:41:45.692Z,TONEUR,mean_reversion,attempt,MAX_POSITION
2025-12-05T12:41:45.783Z,NANOEUR,mean_reversion,attempt,
2025-12-05T12:41:46.112Z,NANOEUR,mean_reversion,attempt,MAX_POSITION
2025-12-05T12:41:46.860Z,TONUSD,mean_reversion,attempt,
2025-12-05T12:41:47.195Z,TONUSD,mean_reversion,attempt,MAX_POSITION
2025-12-05T12:41:47.328Z,NANOUSD,mean_reversion,attempt,
2025-12-05T12:41:47.654Z,NANOUSD,mean_reversion,attempt,MAX_POSITION
2025-12-05T12:41:48.576Z,TRUMPUSD,mean_reversion,attempt,
2025-12-05T12:41:48.658Z,NOSUSD,mean_reversion,attempt,
2025-12-05T12:41:48.904Z,TRUMPUSD,mean_reversion,attempt,MAX_POSITION
2025-12-05T12:41:48.983Z,NOSUSD,mean_reversion,attempt,MAX_POSITION
2025-12-05T12:41:49.369Z,TRXUSD,vwap_pullback,attempt,
2025-12-05T12:41:49.569Z,TRXUSD,vwap_pullback,attempt,POSITION_LIMIT
2025-12-05T12:41:50.194Z,SYRUP/USD,vwap_bounce,attempt,
2025-12-05T12:41:50.231Z,OPEUR,mean_reversion,attempt,
2025-12-05T12:41:50.337Z,USDCHF,vwap_pullback,attempt,
2025-12-05T12:41:50.561Z,OPEUR,mean_reversion,attempt,MAX_POSITION
2025-12-05T12:41:50.670Z,USDCHF,vwap_pullback,attempt,MAX_POSITION
2025-12-05T12:41:50.731Z,SYRUP/USD,vwap_bounce,attempt,MAX_TOTAL_EXPOSURE
2025-12-05T12:41:51.148Z,XXRPZCAD,mean_reversion,attempt,
2025-12-05T12:41:51.443Z,OPUSD,mean_reversion,attempt,
2025-12-05T12:41:51.479Z,XXRPZCAD,mean_reversion,attempt,MAX_POSITION
2025-12-05T12:41:51.772Z,OPUSD,mean_reversion,attempt,MAX_POSITION
2025-12-05T12:41:51.878Z,AUD/USD,sma_trend_ride,attempt,
2025-12-05T12:41:52.411Z,AUD/USD,sma_trend_ride,attempt,MAX_TOTAL_EXPOSURE
2025-12-05T12:41:52.442Z,XXRPZEUR,mean_reversion,attempt,
2025-12-05T12:41:52.770Z,XXRPZEUR,mean_reversion,attempt,MAX_POSITION
2025-12-05T12:41:53.382Z,PROVEEUR,mean_reversion,attempt,
2025-12-05T12:41:53.446Z,ADA/USD,vwap_pullback,attempt,
2025-12-05T12:41:53.599Z,XRPGBP,mean_reversion,attempt,
2025-12-05T12:41:53.710Z,PROVEEUR,mean_reversion,attempt,MAX_POSITION
2025-12-05T12:41:53.929Z,XRPGBP,mean_reversion,attempt,MAX_POSITION
2025-12-05T12:41:53.964Z,ADA/USD,vwap_pullback,attempt,MAX_TOTAL_EXPOSURE
2025-12-05T12:41:54.614Z,XRPRLUSD,mean_reversion,attempt,
2025-12-05T12:41:54.829Z,CRV/USD,vwap_pullback,attempt,
2025-12-05T12:41:54.938Z,XRPRLUSD,mean_reversion,attempt,MAX_POSITION
2025-12-05T12:41:55.013Z,RUNEEUR,mean_reversion,attempt,
2025-12-05T12:41:55.346Z,RUNEEUR,mean_reversion,attempt,MAX_POSITION
2025-12-05T12:41:55.348Z,CRV/USD,vwap_pullback,attempt,MAX_TOTAL_EXPOSURE
2025-12-05T12:41:55.596Z,XRPUSDT,mean_reversion,attempt,
2025-12-05T12:41:55.945Z,XRPUSDT,mean_reversion,attempt,MAX_POSITION
2025-12-05T12:41:56.540Z,RUNEUSD,mean_reversion,attempt,
2025-12-05T12:41:56.839Z,SNX/USD,vwap_pullback,attempt,
2025-12-05T12:41:56.866Z,RUNEUSD,mean_reversion,attempt,MAX_POSITION
2025-12-05T12:41:56.896Z,XTZEUR,mean_reversion,attempt,
2025-12-05T12:41:57.243Z,XTZEUR,mean_reversion,attempt,MAX_POSITION
2025-12-05T12:41:57.399Z,SNX/USD,vwap_pullback,attempt,MAX_TOTAL_EXPOSURE
2025-12-05T12:41:58.071Z,SOSOUSD,mean_reversion,attempt,
2025-12-05T12:41:58.187Z,XTZUSD,mean_reversion,attempt,
2025-12-05T12:41:58.234Z,ADA/USDT,vwap_pullback,attempt,
2025-12-05T12:41:58.402Z,SOSOUSD,mean_reversion,attempt,MAX_POSITION
2025-12-05T12:41:58.514Z,XTZUSD,mean_reversion,attempt,MAX_POSITION
2025-12-05T12:41:58.758Z,ADA/USDT,vwap_pullback,attempt,MAX_TOTAL_EXPOSURE
2025-12-05T12:41:59.664Z,TONEUR,mean_reversion,attempt,
2025-12-05T12:41:59.682Z,AERO/USD,vwap_pullback,attempt,
2025-12-05T12:42:00.001Z,TONEUR,mean_reversion,attempt,MAX_POSITION
2025-12-05T12:42:00.008Z,ADAAUD,mean_reversion,attempt,
2025-12-05T12:42:00.201Z,AERO/USD,vwap_pullback,attempt,MAX_TOTAL_EXPOSURE
2025-12-05T12:42:00.332Z,ADAAUD,mean_reversion,attempt,MAX_POSITION
2025-12-05T12:42:00.750Z,TONUSD,mean_reversion,attempt,
2025-12-05T12:42:01.084Z,TONUSD,mean_reversion,attempt,MAX_POSITION
2025-12-05T12:42:01.531Z,AKTEUR,mean_reversion,attempt,
2025-12-05T12:42:01.861Z,AKTEUR,mean_reversion,attempt,MAX_POSITION
2025-12-05T12:42:01.949Z,TIA/USD,vwap_pullback,attempt,
2025-12-05T12:42:02.033Z,TRUMPUSD,mean_reversion,attempt,
2025-12-05T12:42:02.369Z,TRUMPUSD,mean_reversion,attempt,MAX_POSITION
2025-12-05T12:42:02.474Z,TIA/USD,vwap_pullback,attempt,MAX_TOTAL_EXPOSURE
2025-12-05T12:42:02.797Z,AUDUSD,vwap_pullback,attempt,
2025-12-05T12:42:03.199Z,AUDUSD,vwap_pullback,attempt,MAX_POSITION
2025-12-05T12:42:03.715Z,AUDUSD,sma_trend_ride,attempt,
2025-12-05T12:42:03.721Z,TRXUSD,vwap_pullback,attempt,
2025-12-05T12:42:03.917Z,TRXUSD,vwap_pullback,attempt,POSITION_LIMIT
2025-12-05T12:42:03.988Z,ONDO/USD,vwap_pullback,attempt,
2025-12-05T12:42:04.048Z,AUDUSD,sma_trend_ride,attempt,MAX_POSITION
2025-12-05T12:42:04.525Z,ONDO/USD,vwap_pullback,attempt,MAX_TOTAL_EXPOSURE
2025-12-05T12:42:04.594Z,USDCHF,vwap_pullback,attempt,
2025-12-05T12:42:04.924Z,USDCHF,vwap_pullback,attempt,MAX_POSITION
2025-12-05T12:42:04.993Z,CVXUSD,mean_reversion,attempt,
2025-12-05T12:42:05.325Z,CVXUSD,mean_reversion,attempt,MAX_POSITION
2025-12-05T12:42:05.862Z,XXRPZCAD,mean_reversion,attempt,
2025-12-05T12:42:06.199Z,XXRPZCAD,mean_reversion,attempt,MAX_POSITION
2025-12-05T12:42:06.410Z,DOTEUR,mean_reversion,attempt,
2025-12-05T12:42:06.743Z,DOTEUR,mean_reversion,attempt,MAX_POSITION
2025-12-05T12:42:07.121Z,XXRPZEUR,mean_reversion,attempt,
2025-12-05T12:42:07.456Z,XXRPZEUR,mean_reversion,attempt,MAX_POSITION
2025-12-05T12:42:07.529Z,DOTGBP,mean_reversion,attempt,
2025-12-05T12:42:07.892Z,DOTGBP,mean_reversion,attempt,MAX_POSITION
2025-12-05T12:42:08.411Z,XRPGBP,mean_reversion,attempt,
2025-12-05T12:42:08.746Z,XRPGBP,mean_reversion,attempt,MAX_POSITION
2025-12-05T12:42:09.105Z,DOTUSDC,mean_reversion,attempt,
2025-12-05T12:42:09.437Z,DOTUSDC,mean_reversion,attempt,MAX_POSITION
2025-12-05T12:42:09.542Z,SYRUP/USD,vwap_bounce,attempt,
2025-12-05T12:42:10.076Z,SYRUP/USD,vwap_bounce,attempt,MAX_TOTAL_EXPOSURE
2025-12-05T12:42:10.468Z,XRPRLUSD,mean_reversion,attempt,
2025-12-05T12:42:10.686Z,DOTUSDT,mean_reversion,attempt,
2025-12-05T12:42:10.820Z,XRPRLUSD,mean_reversion,attempt,MAX_POSITION
2025-12-05T12:42:11.015Z,DOTUSDT,mean_reversion,attempt,MAX_POSITION
2025-12-05T12:42:11.429Z,AUD/USD,vwap_pullback,attempt,
2025-12-05T12:42:11.557Z,XRPUSDT,mean_reversion,attempt,
2025-12-05T12:42:11.627Z,ADAAUD,mean_reversion,attempt,
2025-12-05T12:42:11.853Z,XETCZUSD,mean_reversion,attempt,
2025-12-05T12:42:11.888Z,XRPUSDT,mean_reversion,attempt,MAX_POSITION
2025-12-05T12:42:11.986Z,AUD/USD,vwap_pullback,attempt,MAX_TOTAL_EXPOSURE
2025-12-05T12:42:11.989Z,ADAAUD,mean_reversion,attempt,MAX_POSITION
2025-12-05T12:42:12.178Z,XETCZUSD,mean_reversion,attempt,MAX_POSITION
2025-12-05T12:42:12.586Z,XTZEUR,mean_reversion,attempt,
2025-12-05T12:42:12.911Z,XTZEUR,mean_reversion,attempt,MAX_POSITION
2025-12-05T12:42:13.010Z,ADA/USD,vwap_pullback,attempt,
2025-12-05T12:42:13.189Z,AKTEUR,mean_reversion,attempt,
2025-12-05T12:42:13.259Z,ETHFIEUR,mean_reversion,attempt,
2025-12-05T12:42:13.544Z,AKTEUR,mean_reversion,attempt,MAX_POSITION
2025-12-05T12:42:13.586Z,ADA/USD,vwap_pullback,attempt,MAX_TOTAL_EXPOSURE
2025-12-05T12:42:13.608Z,ETHFIEUR,mean_reversion,attempt,MAX_POSITION
2025-12-05T12:42:14.675Z,AUDUSD,vwap_pullback,attempt,
2025-12-05T12:42:14.855Z,EULEUR,mean_reversion,attempt,
2025-12-05T12:42:14.999Z,AUDUSD,vwap_pullback,attempt,MAX_POSITION
2025-12-05T12:42:15.061Z,CRV/USD,vwap_pullback,attempt,
2025-12-05T12:42:15.191Z,EULEUR,mean_reversion,attempt,MAX_POSITION
2025-12-05T12:42:15.248Z,XTZUSD,mean_reversion,attempt,
2025-12-05T12:42:15.288Z,AUDUSD,sma_trend_ride,attempt,
2025-12-05T12:42:15.574Z,XTZUSD,mean_reversion,attempt,MAX_POSITION
2025-12-05T12:42:15.588Z,CRV/USD,vwap_pullback,attempt,MAX_TOTAL_EXPOSURE
2025-12-05T12:42:15.624Z,AUDUSD,sma_trend_ride,attempt,MAX_POSITION
2025-12-05T12:42:16.540Z,CVXUSD,mean_reversion,attempt,
2025-12-05T12:42:16.882Z,CVXUSD,mean_reversion,attempt,MAX_POSITION
2025-12-05T12:42:17.045Z,EWTUSD,mean_reversion,attempt,
2025-12-05T12:42:17.215Z,SNX/USD,vwap_pullback,attempt,
2025-12-05T12:42:17.378Z,EWTUSD,mean_reversion,attempt,MAX_POSITION
2025-12-05T12:42:17.772Z,SNX/USD,vwap_pullback,attempt,MAX_TOTAL_EXPOSURE
2025-12-05T12:42:17.861Z,DOTEUR,mean_reversion,attempt,
2025-12-05T12:42:18.465Z,DOTEUR,mean_reversion,attempt,MAX_POSITION
2025-12-05T12:42:18.617Z,FORTHUSD,mean_reversion,attempt,
2025-12-05T12:42:18.814Z,ADA/USDT,vwap_pullback,attempt,
2025-12-05T12:42:18.949Z,FORTHUSD,mean_reversion,attempt,MAX_POSITION
2025-12-05T12:42:19.354Z,ADA/USDT,vwap_pullback,attempt,MAX_TOTAL_EXPOSURE
2025-12-05T12:42:19.413Z,DOTGBP,mean_reversion,attempt,
2025-12-05T12:42:19.579Z,FXSUSD,mean_reversion,attempt,
2025-12-05T12:42:19.753Z,DOTGBP,mean_reversion,attempt,MAX_POSITION
2025-12-05T12:42:19.906Z,FXSUSD,mean_reversion,attempt,MAX_POSITION
2025-12-05T12:42:20.112Z,AERO/USD,vwap_pullback,attempt,
2025-12-05T12:42:20.635Z,AERO/USD,vwap_pullback,attempt,MAX_TOTAL_EXPOSURE
2025-12-05T12:42:20.678Z,DOTUSDC,mean_reversion,attempt,
2025-12-05T12:42:21.011Z,DOTUSDC,mean_reversion,attempt,MAX_POSITION
2025-12-05T12:42:21.449Z,KSMUSD,mean_reversion,attempt,
2025-12-05T12:42:21.779Z,KSMUSD,mean_reversion,attempt,MAX_POSITION
2025-12-05T12:42:21.997Z,DOTUSDT,mean_reversion,attempt,
2025-12-05T12:42:22.328Z,DOTUSDT,mean_reversion,attempt,MAX_POSITION
2025-12-05T12:42:22.450Z,LINKEUR,vwap_pullback,attempt,
2025-12-05T12:42:22.590Z,TIA/USD,vwap_pullback,attempt,
2025-12-05T12:42:22.781Z,LINKEUR,vwap_pullback,attempt,MAX_POSITION
2025-12-05T12:42:23.117Z,TIA/USD,vwap_pullback,attempt,MAX_TOTAL_EXPOSURE
2025-12-05T12:42:23.478Z,XETCZUSD,mean_reversion,attempt,
2025-12-05T12:42:23.572Z,LINKUSD,vwap_pullback,attempt,
2025-12-05T12:42:23.805Z,XETCZUSD,mean_reversion,attempt,MAX_POSITION
2025-12-05T12:42:23.903Z,LINKUSD,vwap_pullback,attempt,MAX_POSITION
2025-12-05T12:42:24.917Z,ONDO/USD,vwap_pullback,attempt,
2025-12-05T12:42:25.082Z,ETHFIEUR,mean_reversion,attempt,
2025-12-05T12:42:25.166Z,LINKUSDC,vwap_pullback,attempt,
2025-12-05T12:42:25.410Z,ETHFIEUR,mean_reversion,attempt,MAX_POSITION
2025-12-05T12:42:25.483Z,ONDO/USD,vwap_pullback,attempt,MAX_TOTAL_EXPOSURE
2025-12-05T12:42:25.491Z,LINKUSDC,vwap_pullback,attempt,MAX_POSITION
2025-12-05T12:42:26.185Z,LINKUSDT,vwap_pullback,attempt,
2025-12-05T12:42:26.514Z,LINKUSDT,vwap_pullback,attempt,MAX_POSITION
2025-12-05T12:42:26.658Z,EULEUR,mean_reversion,attempt,
2025-12-05T12:42:27.023Z,EULEUR,mean_reversion,attempt,MAX_POSITION
2025-12-05T12:42:27.767Z,XLTCZEUR,mean_reversion,attempt,
2025-12-05T12:42:28.103Z,XLTCZEUR,mean_reversion,attempt,MAX_POSITION
2025-12-05T12:42:28.401Z,SYRUP/USD,vwap_bounce,attempt,
2025-12-05T12:42:28.936Z,SYRUP/USD,vwap_bounce,attempt,MAX_TOTAL_EXPOSURE
2025-12-05T12:42:29.007Z,EWTUSD,mean_reversion,attempt,
2025-12-05T12:42:29.074Z,XLTCZUSD,mean_reversion,attempt,
2025-12-05T12:42:29.355Z,EWTUSD,mean_reversion,attempt,MAX_POSITION
2025-12-05T12:42:29.400Z,XLTCZUSD,mean_reversion,attempt,MAX_POSITION
2025-12-05T12:42:30.028Z,AUD/USD,vwap_pullback,attempt,
2025-12-05T12:42:30.057Z,FORTHUSD,mean_reversion,attempt,
2025-12-05T12:42:30.380Z,FORTHUSD,mean_reversion,attempt,MAX_POSITION
2025-12-05T12:42:30.553Z,AUD/USD,vwap_pullback,attempt,MAX_TOTAL_EXPOSURE
2025-12-05T12:42:30.721Z,MASKEUR,mean_reversion,attempt,
2025-12-05T12:42:31.070Z,MASKEUR,mean_reversion,attempt,MAX_POSITION
2025-12-05T12:42:31.344Z,FXSUSD,mean_reversion,attempt,
2025-12-05T12:42:31.682Z,FXSUSD,mean_reversion,attempt,MAX_POSITION
2025-12-05T12:42:31.696Z,ADA/USD,vwap_pullback,attempt,
2025-12-05T12:42:32.035Z,MASKUSD,mean_reversion,attempt,
2025-12-05T12:42:32.223Z,ADA/USD,vwap_pullback,attempt,MAX_TOTAL_EXPOSURE
2025-12-05T12:42:32.367Z,MASKUSD,mean_reversion,attempt,MAX_POSITION
2025-12-05T12:42:32.556Z,KSMUSD,mean_reversion,attempt,
2025-12-05T12:42:32.887Z,KSMUSD,mean_reversion,attempt,MAX_POSITION
2025-12-05T12:42:33.159Z,MEUSD,mean_reversion,attempt,
2025-12-05T12:42:33.668Z,CRV/USD,vwap_pullback,attempt,
2025-12-05T12:42:33.778Z,MEUSD,mean_reversion,attempt,MAX_POSITION
2025-12-05T12:42:33.976Z,LINKEUR,vwap_pullback,attempt,
2025-12-05T12:42:34.195Z,CRV/USD,vwap_pullback,attempt,MAX_TOTAL_EXPOSURE
2025-12-05T12:42:34.311Z,LINKEUR,vwap_pullback,attempt,MAX_POSITION
2025-12-05T12:42:35.009Z,LINKUSD,vwap_pullback,attempt,
2025-12-05T12:42:35.107Z,NANOEUR,mean_reversion,attempt,
2025-12-05T12:42:35.340Z,LINKUSD,vwap_pullback,attempt,MAX_POSITION
2025-12-05T12:42:35.455Z,NANOEUR,mean_reversion,attempt,MAX_POSITION
2025-12-05T12:42:35.947Z,SNX/USD,vwap_pullback,attempt,
2025-12-05T12:42:36.235Z,LINKUSDC,vwap_pullback,attempt,
2025-12-05T12:42:36.471Z,SNX/USD,vwap_pullback,attempt,MAX_TOTAL_EXPOSURE
2025-12-05T12:42:36.572Z,LINKUSDC,vwap_pullback,attempt,MAX_POSITION
2025-12-05T12:42:36.665Z,NANOUSD,mean_reversion,attempt,
2025-12-05T12:42:36.991Z,NANOUSD,mean_reversion,attempt,MAX_POSITION
2025-12-05T12:42:37.522Z,LINKUSDT,vwap_pullback,attempt,
2025-12-05T12:42:37.590Z,ADA/USDT,vwap_pullback,attempt,
2025-12-05T12:42:37.876Z,LINKUSDT,vwap_pullback,attempt,MAX_POSITION
2025-12-05T12:42:38.140Z,ADA/USDT,vwap_pullback,attempt,MAX_TOTAL_EXPOSURE
2025-12-05T12:42:38.385Z,NOSUSD,mean_reversion,attempt,
2025-12-05T12:42:38.761Z,NOSUSD,mean_reversion,attempt,MAX_POSITION
2025-12-05T12:42:38.826Z,XLTCZEUR,mean_reversion,attempt,
2025-12-05T12:42:39.150Z,XLTCZEUR,mean_reversion,attempt,MAX_POSITION
2025-12-05T12:42:39.170Z,AERO/USD,vwap_pullback,attempt,
2025-12-05T12:42:39.439Z,OPEUR,mean_reversion,attempt,
2025-12-05T12:42:39.706Z,AERO/USD,vwap_pullback,attempt,MAX_TOTAL_EXPOSURE
2025-12-05T12:42:39.771Z,OPEUR,mean_reversion,attempt,MAX_POSITION
2025-12-05T12:42:40.031Z,XLTCZUSD,mean_reversion,attempt,
2025-12-05T12:42:40.356Z,XLTCZUSD,mean_reversion,attempt,MAX_POSITION
2025-12-05T12:42:40.961Z,OPUSD,mean_reversion,attempt,
2025-12-05T12:42:40.962Z,TIA/USD,vwap_pullback,attempt,
2025-12-05T12:42:41.294Z,OPUSD,mean_reversion,attempt,MAX_POSITION
2025-12-05T12:42:41.494Z,TIA/USD,vwap_pullback,attempt,MAX_TOTAL_EXPOSURE
2025-12-05T12:42:41.539Z,MASKEUR,mean_reversion,attempt,
2025-12-05T12:42:41.871Z,MASKEUR,mean_reversion,attempt,MAX_POSITION
2025-12-05T12:42:41.941Z,ADAAUD,mean_reversion,attempt,
2025-12-05T12:42:41.988Z,PROVEEUR,mean_reversion,attempt,
2025-12-05T12:42:42.269Z,ADAAUD,mean_reversion,attempt,MAX_POSITION
2025-12-05T12:42:42.314Z,PROVEEUR,mean_reversion,attempt,MAX_POSITION
2025-12-05T12:42:42.878Z,MASKUSD,mean_reversion,attempt,
2025-12-05T12:42:43.210Z,MASKUSD,mean_reversion,attempt,MAX_POSITION
2025-12-05T12:42:43.360Z,AKTEUR,mean_reversion,attempt,
2025-12-05T12:42:43.521Z,RUNEEUR,mean_reversion,attempt,
2025-12-05T12:42:43.688Z,AKTEUR,mean_reversion,attempt,MAX_POSITION
2025-12-05T12:42:43.848Z,RUNEEUR,mean_reversion,attempt,MAX_POSITION
2025-12-05T12:42:44.239Z,MEUSD,mean_reversion,attempt,
2025-12-05T12:42:44.564Z,MEUSD,mean_reversion,attempt,MAX_POSITION
2025-12-05T12:42:44.587Z,ONDO/USD,vwap_pullback,attempt,
2025-12-05T12:42:44.660Z,AUDUSD,vwap_pullback,attempt,
2025-12-05T12:42:44.855Z,RUNEUSD,mean_reversion,attempt,
2025-12-05T12:42:44.988Z,AUDUSD,vwap_pullback,attempt,MAX_POSITION
2025-12-05T12:42:45.110Z,ONDO/USD,vwap_pullback,attempt,MAX_TOTAL_EXPOSURE
2025-12-05T12:42:45.181Z,RUNEUSD,mean_reversion,attempt,MAX_POSITION
2025-12-05T12:42:45.254Z,AUDUSD,sma_trend_ride,attempt,
2025-12-05T12:42:45.578Z,AUDUSD,sma_trend_ride,attempt,MAX_POSITION
2025-12-05T12:42:46.322Z,CVXUSD,mean_reversion,attempt,
2025-12-05T12:42:46.419Z,NANOEUR,mean_reversion,attempt,
2025-12-05T12:42:46.649Z,CVXUSD,mean_reversion,attempt,MAX_POSITION
2025-12-05T12:42:46.744Z,NANOEUR,mean_reversion,attempt,MAX_POSITION
2025-12-05T12:42:46.891Z,SOSOUSD,mean_reversion,attempt,
2025-12-05T12:42:47.220Z,SOSOUSD,mean_reversion,attempt,MAX_POSITION
2025-12-05T12:42:47.494Z,DOTEUR,mean_reversion,attempt,
2025-12-05T12:42:47.844Z,DOTEUR,mean_reversion,attempt,MAX_POSITION
2025-12-05T12:42:47.893Z,NANOUSD,mean_reversion,attempt,
2025-12-05T12:42:47.962Z,SYRUP/USD,vwap_bounce,attempt,
2025-12-05T12:42:48.030Z,TONEUR,mean_reversion,attempt,
2025-12-05T12:42:48.582Z,NANOUSD,mean_reversion,attempt,MAX_POSITION
2025-12-05T12:42:48.646Z,TONEUR,mean_reversion,attempt,MAX_POSITION
2025-12-05T12:42:48.709Z,SYRUP/USD,vwap_bounce,attempt,MAX_TOTAL_EXPOSURE
2025-12-05T12:42:48.797Z,DOTGBP,mean_reversion,attempt,
2025-12-05T12:42:49.142Z,DOTGBP,mean_reversion,attempt,MAX_POSITION
2025-12-05T12:42:49.587Z,TONUSD,mean_reversion,attempt,
2025-12-05T12:42:49.735Z,NOSUSD,mean_reversion,attempt,
2025-12-05T12:42:49.911Z,TONUSD,mean_reversion,attempt,MAX_POSITION
2025-12-05T12:42:49.976Z,AUD/USD,vwap_pullback,attempt,
2025-12-05T12:42:50.062Z,NOSUSD,mean_reversion,attempt,MAX_POSITION
2025-12-05T12:42:50.094Z,DOTUSDC,mean_reversion,attempt,
2025-12-05T12:42:50.425Z,DOTUSDC,mean_reversion,attempt,MAX_POSITION
2025-12-05T12:42:50.502Z,AUD/USD,vwap_pullback,attempt,MAX_TOTAL_EXPOSURE
2025-12-05T12:42:50.978Z,TRUMPUSD,mean_reversion,attempt,
2025-12-05T12:42:51.003Z,OPEUR,mean_reversion,attempt,
2025-12-05T12:42:51.255Z,ADA/USD,vwap_pullback,attempt,
2025-12-05T12:42:51.312Z,TRUMPUSD,mean_reversion,attempt,MAX_POSITION
2025-12-05T12:42:51.333Z,OPEUR,mean_reversion,attempt,MAX_POSITION
2025-12-05T12:42:51.673Z,DOTUSDT,mean_reversion,attempt,
2025-12-05T12:42:51.788Z,ADA/USD,vwap_pullback,attempt,MAX_TOTAL_EXPOSURE
2025-12-05T12:42:52.000Z,DOTUSDT,mean_reversion,attempt,MAX_POSITION
2025-12-05T12:42:52.314Z,OPUSD,mean_reversion,attempt,
2025-12-05T12:42:52.573Z,TRXUSD,vwap_pullback,attempt,
2025-12-05T12:42:52.643Z,OPUSD,mean_reversion,attempt,MAX_POSITION
2025-12-05T12:42:52.784Z,TRXUSD,vwap_pullback,attempt,POSITION_LIMIT
2025-12-05T12:42:52.812Z,CRV/USD,vwap_pullback,attempt,
2025-12-05T12:42:53.078Z,XETCZUSD,mean_reversion,attempt,
2025-12-05T12:42:53.358Z,CRV/USD,vwap_pullback,attempt,MAX_TOTAL_EXPOSURE
2025-12-05T12:42:53.405Z,XETCZUSD,mean_reversion,attempt,MAX_POSITION
2025-12-05T12:42:53.782Z,USDCHF,vwap_pullback,attempt,
2025-12-05T12:42:53.901Z,PROVEEUR,mean_reversion,attempt,
2025-12-05T12:42:54.107Z,USDCHF,vwap_pullback,attempt,MAX_POSITION
2025-12-05T12:42:54.233Z,PROVEEUR,mean_reversion,attempt,MAX_POSITION
2025-12-05T12:42:54.388Z,ETHFIEUR,mean_reversion,attempt,
2025-12-05T12:42:54.720Z,ETHFIEUR,mean_reversion,attempt,MAX_POSITION
2025-12-05T12:42:54.889Z,RUNEEUR,mean_reversion,attempt,
2025-12-05T12:42:55.169Z,SNX/USD,vwap_pullback,attempt,
2025-12-05T12:42:55.217Z,RUNEEUR,mean_reversion,attempt,MAX_POSITION
2025-12-05T12:42:55.494Z,XXRPZCAD,mean_reversion,attempt,
2025-12-05T12:42:55.528Z,EULEUR,mean_reversion,attempt,
2025-12-05T12:42:55.703Z,SNX/USD,vwap_pullback,attempt,MAX_TOTAL_EXPOSURE
2025-12-05T12:42:55.829Z,XXRPZCAD,mean_reversion,attempt,MAX_POSITION
2025-12-05T12:42:55.853Z,EULEUR,mean_reversion,attempt,MAX_POSITION
2025-12-05T12:42:56.173Z,RUNEUSD,mean_reversion,attempt,
2025-12-05T12:42:56.500Z,RUNEUSD,mean_reversion,attempt,MAX_POSITION
2025-12-05T12:42:56.731Z,ADA/USDT,vwap_pullback,attempt,
2025-12-05T12:42:56.794Z,XXRPZEUR,mean_reversion,attempt,
2025-12-05T12:42:57.135Z,XXRPZEUR,mean_reversion,attempt,MAX_POSITION
2025-12-05T12:42:57.163Z,SOSOUSD,mean_reversion,attempt,
2025-12-05T12:42:57.257Z,EWTUSD,mean_reversion,attempt,
2025-12-05T12:42:57.261Z,ADA/USDT,vwap_pullback,attempt,MAX_TOTAL_EXPOSURE
2025-12-05T12:42:57.489Z,SOSOUSD,mean_reversion,attempt,MAX_POSITION
2025-12-05T12:42:57.584Z,EWTUSD,mean_reversion,attempt,MAX_POSITION
2025-12-05T12:42:58.003Z,XRPGBP,mean_reversion,attempt,
2025-12-05T12:42:58.027Z,AERO/USD,vwap_pullback,attempt,
2025-12-05T12:42:58.257Z,FORTHUSD,mean_reversion,attempt,
2025-12-05T12:42:58.330Z,XRPGBP,mean_reversion,attempt,MAX_POSITION
2025-12-05T12:42:58.476Z,TONEUR,mean_reversion,attempt,
2025-12-05T12:42:58.571Z,AERO/USD,vwap_pullback,attempt,MAX_TOTAL_EXPOSURE
2025-12-05T12:42:58.584Z,FORTHUSD,mean_reversion,attempt,MAX_POSITION
2025-12-05T12:42:58.803Z,TONEUR,mean_reversion,attempt,MAX_POSITION
2025-12-05T12:42:59.262Z,XRPRLUSD,mean_reversion,attempt,
2025-12-05T12:42:59.562Z,FXSUSD,mean_reversion,attempt,
2025-12-05T12:42:59.588Z,XRPRLUSD,mean_reversion,attempt,MAX_POSITION
2025-12-05T12:42:59.889Z,FXSUSD,mean_reversion,attempt,MAX_POSITION
2025-12-05T12:43:00.073Z,TONUSD,mean_reversion,attempt,
2025-12-05T12:43:00.306Z,XRPUSDT,mean_reversion,attempt,
2025-12-05T12:43:00.398Z,TONUSD,mean_reversion,attempt,MAX_POSITION
2025-12-05T12:43:00.633Z,XRPUSDT,mean_reversion,attempt,MAX_POSITION
2025-12-05T12:43:00.669Z,KSMUSD,mean_reversion,attempt,
2025-12-05T12:43:00.732Z,TIA/USD,vwap_pullback,attempt,
2025-12-05T12:43:00.993Z,KSMUSD,mean_reversion,attempt,MAX_POSITION
2025-12-05T12:43:01.255Z,TIA/USD,vwap_pullback,attempt,MAX_TOTAL_EXPOSURE
2025-12-05T12:43:01.302Z,XTZEUR,mean_reversion,attempt,
2025-12-05T12:43:01.626Z,XTZEUR,mean_reversion,attempt,MAX_POSITION
2025-12-05T12:43:01.695Z,LINKEUR,vwap_pullback,attempt,
2025-12-05T12:43:01.790Z,TRUMPUSD,mean_reversion,attempt,
2025-12-05T12:43:02.023Z,LINKEUR,vwap_pullback,attempt,MAX_POSITION
2025-12-05T12:43:02.115Z,TRUMPUSD,mean_reversion,attempt,MAX_POSITION
2025-12-05T12:43:02.778Z,LINKUSD,vwap_pullback,attempt,
2025-12-05T12:43:02.879Z,XTZUSD,mean_reversion,attempt,
2025-12-05T12:43:03.114Z,LINKUSD,vwap_pullback,attempt,MAX_POSITION
2025-12-05T12:43:03.436Z,XTZUSD,mean_reversion,attempt,MAX_POSITION
2025-12-05T12:43:03.515Z,ONDO/USD,vwap_pullback,attempt,
2025-12-05T12:43:03.570Z,TRXUSD,vwap_pullback,attempt,
2025-12-05T12:43:03.766Z,TRXUSD,vwap_pullback,attempt,POSITION_LIMIT
2025-12-05T12:43:04.048Z,ONDO/USD,vwap_pullback,attempt,MAX_TOTAL_EXPOSURE
2025-12-05T12:43:04.577Z,LINKUSDC,vwap_pullback,attempt,
2025-12-05T12:43:04.655Z,USDCHF,vwap_pullback,attempt,
2025-12-05T12:43:04.904Z,LINKUSDC,vwap_pullback,attempt,MAX_POSITION
2025-12-05T12:43:04.979Z,USDCHF,vwap_pullback,attempt,MAX_POSITION
2025-12-05T12:43:05.798Z,LINKUSDT,vwap_pullback,attempt,
2025-12-05T12:43:06.126Z,LINKUSDT,vwap_pullback,attempt,MAX_POSITION
2025-12-05T12:43:06.378Z,XXRPZCAD,mean_reversion,attempt,
2025-12-05T12:43:06.707Z,XXRPZCAD,mean_reversion,attempt,MAX_POSITION
2025-12-05T12:43:07.119Z,XLTCZEUR,mean_reversion,attempt,
2025-12-05T12:43:07.446Z,XLTCZEUR,mean_reversion,attempt,MAX_POSITION
2025-12-05T12:43:07.642Z,ADA/USD,vwap_pullback,attempt,
2025-12-05T12:43:08.005Z,XXRPZEUR,mean_reversion,attempt,
2025-12-05T12:43:08.171Z,ADA/USD,vwap_pullback,attempt,MAX_TOTAL_EXPOSURE
2025-12-05T12:43:08.357Z,XXRPZEUR,mean_reversion,attempt,MAX_POSITION
2025-12-05T12:43:08.588Z,XLTCZUSD,mean_reversion,attempt,
2025-12-05T12:43:08.922Z,CRV/USD,vwap_pullback,attempt,
2025-12-05T12:43:08.926Z,XLTCZUSD,mean_reversion,attempt,MAX_POSITION
2025-12-05T12:43:09.465Z,CRV/USD,vwap_pullback,attempt,MAX_TOTAL_EXPOSURE
2025-12-05T12:43:09.865Z,MASKEUR,mean_reversion,attempt,
2025-12-05T12:43:10.031Z,XRPGBP,mean_reversion,attempt,
2025-12-05T12:43:10.193Z,MASKEUR,mean_reversion,attempt,MAX_POSITION
2025-12-05T12:43:10.363Z,XRPGBP,mean_reversion,attempt,MAX_POSITION
2025-12-05T12:43:11.087Z,XRPRLUSD,mean_reversion,attempt,
2025-12-05T12:43:11.420Z,XRPRLUSD,mean_reversion,attempt,MAX_POSITION
2025-12-05T12:43:11.510Z,MASKUSD,mean_reversion,attempt,
2025-12-05T12:43:11.865Z,MASKUSD,mean_reversion,attempt,MAX_POSITION
2025-12-05T12:43:11.916Z,SNX/USD,vwap_pullback,attempt,
2025-12-05T12:43:12.435Z,SNX/USD,vwap_pullback,attempt,MAX_TOTAL_EXPOSURE
2025-12-05T12:43:12.643Z,MEUSD,mean_reversion,attempt,
2025-12-05T12:43:12.968Z,MEUSD,mean_reversion,attempt,MAX_POSITION
2025-12-05T12:43:13.310Z,ADA/USDT,vwap_pullback,attempt,
2025-12-05T12:43:13.847Z,ADA/USDT,vwap_pullback,attempt,MAX_TOTAL_EXPOSURE
2025-12-05T12:43:14.382Z,XRPUSDT,mean_reversion,attempt,
2025-12-05T12:43:14.708Z,XRPUSDT,mean_reversion,attempt,MAX_POSITION
2025-12-05T12:43:14.810Z,NANOEUR,mean_reversion,attempt,
2025-12-05T12:43:15.144Z,NANOEUR,mean_reversion,attempt,MAX_POSITION
2025-12-05T12:43:15.863Z,NANOUSD,mean_reversion,attempt,
2025-12-05T12:43:15.882Z,XTZEUR,mean_reversion,attempt,
2025-12-05T12:43:16.192Z,NANOUSD,mean_reversion,attempt,MAX_POSITION
2025-12-05T12:43:16.207Z,XTZEUR,mean_reversion,attempt,MAX_POSITION
2025-12-05T12:43:16.318Z,TIA/USD,vwap_pullback,attempt,
2025-12-05T12:43:16.845Z,TIA/USD,vwap_pullback,attempt,MAX_TOTAL_EXPOSURE
2025-12-05T12:43:17.141Z,NOSUSD,mean_reversion,attempt,
2025-12-05T12:43:17.233Z,XTZUSD,mean_reversion,attempt,
2025-12-05T12:43:17.480Z,NOSUSD,mean_reversion,attempt,MAX_POSITION
2025-12-05T12:43:17.577Z,XTZUSD,mean_reversion,attempt,MAX_POSITION
2025-12-05T12:43:18.527Z,OPEUR,mean_reversion,attempt,
2025-12-05T12:43:18.864Z,OPEUR,mean_reversion,attempt,MAX_POSITION
2025-12-05T12:43:18.875Z,ONDO/USD,vwap_pullback,attempt,
2025-12-05T12:43:19.414Z,ONDO/USD,vwap_pullback,attempt,MAX_TOTAL_EXPOSURE
2025-12-05T12:43:19.571Z,OPUSD,mean_reversion,attempt,
2025-12-05T12:43:19.896Z,OPUSD,mean_reversion,attempt,MAX_POSITION
2025-12-05T12:43:20.885Z,PROVEEUR,mean_reversion,attempt,
2025-12-05T12:43:21.212Z,PROVEEUR,mean_reversion,attempt,MAX_POSITION
2025-12-05T12:43:21.721Z,XRP/GBP,vwap_pullback,attempt,
2025-12-05T12:43:21.924Z,RUNEEUR,mean_reversion,attempt,
2025-12-05T12:43:22.252Z,RUNEEUR,mean_reversion,attempt,MAX_POSITION
2025-12-05T12:43:22.254Z,XRP/GBP,vwap_pullback,attempt,MAX_TOTAL_EXPOSURE
2025-12-05T12:43:22.949Z,RUNEUSD,mean_reversion,attempt,
2025-12-05T12:43:23.279Z,RUNEUSD,mean_reversion,attempt,MAX_POSITION
2025-12-05T12:43:24.409Z,SOSOUSD,mean_reversion,attempt,
2025-12-05T12:43:24.748Z,SOSOUSD,mean_reversion,attempt,MAX_POSITION
2025-12-05T12:43:26.280Z,DOT/USD,vwap_pullback,attempt,
2025-12-05T12:43:26.815Z,DOT/USD,vwap_pullback,attempt,MAX_TOTAL_EXPOSURE
2025-12-05T12:43:27.174Z,TONEUR,mean_reversion,attempt,
2025-12-05T12:43:27.511Z,TONEUR,mean_reversion,attempt,MAX_POSITION
2025-12-05T12:43:27.574Z,XTZ/USD,vwap_pullback,attempt,
2025-12-05T12:43:28.108Z,XTZ/USD,vwap_pullback,attempt,MAX_TOTAL_EXPOSURE
2025-12-05T12:43:28.132Z,ADAAUD,mean_reversion,attempt,
2025-12-05T12:43:28.432Z,TONUSD,mean_reversion,attempt,
2025-12-05T12:43:28.462Z,ADAAUD,mean_reversion,attempt,MAX_POSITION
2025-12-05T12:43:28.757Z,TONUSD,mean_reversion,attempt,MAX_POSITION
2025-12-05T12:43:29.722Z,AKTEUR,mean_reversion,attempt,
2025-12-05T12:43:30.056Z,AKTEUR,mean_reversion,attempt,MAX_POSITION
2025-12-05T12:43:30.195Z,TRUMPUSD,mean_reversion,attempt,
2025-12-05T12:43:30.522Z,TRUMPUSD,mean_reversion,attempt,MAX_POSITION
2025-12-05T12:43:31.524Z,AUDUSD,vwap_pullback,attempt,
2025-12-05T12:43:31.743Z,TRXUSD,vwap_pullback,attempt,
2025-12-05T12:43:31.855Z,AUDUSD,vwap_pullback,attempt,MAX_POSITION
2025-12-05T12:43:31.940Z,TRXUSD,vwap_pullback,attempt,POSITION_LIMIT
2025-12-05T12:43:32.119Z,AUDUSD,sma_trend_ride,attempt,
2025-12-05T12:43:32.443Z,AUDUSD,sma_trend_ride,attempt,MAX_POSITION
2025-12-05T12:43:32.449Z,SNX/USD,vwap_pullback,attempt,
2025-12-05T12:43:32.874Z,USDCHF,vwap_pullback,attempt,
2025-12-05T12:43:32.976Z,SNX/USD,vwap_pullback,attempt,MAX_TOTAL_EXPOSURE
2025-12-05T12:43:33.142Z,CVXUSD,mean_reversion,attempt,
2025-12-05T12:43:33.458Z,USDCHF,vwap_pullback,attempt,MAX_POSITION
2025-12-05T12:43:33.737Z,CVXUSD,mean_reversion,attempt,MAX_POSITION
2025-12-05T12:43:33.997Z,ADA/USDT,vwap_pullback,attempt,
2025-12-05T12:43:34.426Z,DOTEUR,mean_reversion,attempt,
2025-12-05T12:43:34.513Z,ADA/USDT,vwap_pullback,attempt,MAX_TOTAL_EXPOSURE
2025-12-05T12:43:34.755Z,DOTEUR,mean_reversion,attempt,MAX_POSITION
2025-12-05T12:43:34.892Z,XXRPZCAD,mean_reversion,attempt,
2025-12-05T12:43:35.218Z,XXRPZCAD,mean_reversion,attempt,MAX_POSITION
2025-12-05T12:43:35.715Z,DOTGBP,mean_reversion,attempt,
2025-12-05T12:43:35.955Z,XXRPZEUR,mean_reversion,attempt,
2025-12-05T12:43:36.040Z,DOTGBP,mean_reversion,attempt,MAX_POSITION
2025-12-05T12:43:36.281Z,XXRPZEUR,mean_reversion,attempt,MAX_POSITION
2025-12-05T12:43:36.772Z,DOTUSDC,mean_reversion,attempt,
2025-12-05T12:43:37.097Z,DOTUSDC,mean_reversion,attempt,MAX_POSITION
2025-12-05T12:43:37.219Z,XRPGBP,mean_reversion,attempt,
2025-12-05T12:43:37.545Z,XRPGBP,mean_reversion,attempt,MAX_POSITION
2025-12-05T12:43:37.664Z,TIA/USD,vwap_pullback,attempt,
2025-12-05T12:43:38.189Z,TIA/USD,vwap_pullback,attempt,MAX_TOTAL_EXPOSURE
2025-12-05T12:43:38.297Z,DOTUSDT,mean_reversion,attempt,
2025-12-05T12:43:38.623Z,DOTUSDT,mean_reversion,attempt,MAX_POSITION
2025-12-05T12:43:38.742Z,XRPRLUSD,mean_reversion,attempt,
2025-12-05T12:43:39.066Z,XRPRLUSD,mean_reversion,attempt,MAX_POSITION
2025-12-05T12:43:39.447Z,ONDO/USD,vwap_pullback,attempt,
2025-12-05T12:43:39.562Z,XETCZUSD,mean_reversion,attempt,
2025-12-05T12:43:39.820Z,XRPUSDT,mean_reversion,attempt,
2025-12-05T12:43:39.890Z,XETCZUSD,mean_reversion,attempt,MAX_POSITION
2025-12-05T12:43:39.976Z,ONDO/USD,vwap_pullback,attempt,MAX_TOTAL_EXPOSURE
2025-12-05T12:43:40.148Z,XRPUSDT,mean_reversion,attempt,MAX_POSITION
2025-12-05T12:43:40.809Z,ETHFIEUR,mean_reversion,attempt,
2025-12-05T12:43:41.139Z,ETHFIEUR,mean_reversion,attempt,MAX_POSITION
2025-12-05T12:43:41.148Z,XTZEUR,mean_reversion,attempt,
2025-12-05T12:43:41.480Z,XTZEUR,mean_reversion,attempt,MAX_POSITION
2025-12-05T12:43:42.148Z,EULEUR,mean_reversion,attempt,
2025-12-05T12:43:42.313Z,XTZUSD,mean_reversion,attempt,
2025-12-05T12:43:42.317Z,XRP/GBP,vwap_pullback,attempt,
2025-12-05T12:43:42.449Z,ADAAUD,mean_reversion,attempt,
2025-12-05T12:43:42.482Z,EULEUR,mean_reversion,attempt,MAX_POSITION
2025-12-05T12:43:42.657Z,XTZUSD,mean_reversion,attempt,MAX_POSITION
2025-12-05T12:43:42.798Z,ADAAUD,mean_reversion,attempt,MAX_POSITION
2025-12-05T12:43:42.895Z,XRP/GBP,vwap_pullback,attempt,MAX_TOTAL_EXPOSURE
2025-12-05T12:43:44.064Z,AKTEUR,mean_reversion,attempt,
2025-12-05T12:43:44.345Z,EWTUSD,mean_reversion,attempt,
2025-12-05T12:43:44.393Z,AKTEUR,mean_reversion,attempt,MAX_POSITION
2025-12-05T12:43:44.673Z,EWTUSD,mean_reversion,attempt,MAX_POSITION
2025-12-05T12:43:45.642Z,AUDUSD,vwap_pullback,attempt,
2025-12-05T12:43:45.949Z,DOT/USD,vwap_pullback,attempt,
2025-12-05T12:43:45.955Z,FORTHUSD,mean_reversion,attempt,
2025-12-05T12:43:45.970Z,AUDUSD,vwap_pullback,attempt,MAX_POSITION
2025-12-05T12:43:46.237Z,AUDUSD,sma_trend_ride,attempt,
2025-12-05T12:43:46.282Z,FORTHUSD,mean_reversion,attempt,MAX_POSITION
2025-12-05T12:43:46.474Z,DOT/USD,vwap_pullback,attempt,MAX_TOTAL_EXPOSURE
2025-12-05T12:43:46.566Z,AUDUSD,sma_trend_ride,attempt,MAX_POSITION
2025-12-05T12:43:46.937Z,FXSUSD,mean_reversion,attempt,
2025-12-05T12:43:47.215Z,XTZ/USD,vwap_pullback,attempt,
2025-12-05T12:43:47.263Z,FXSUSD,mean_reversion,attempt,MAX_POSITION
2025-12-05T12:43:47.493Z,CVXUSD,mean_reversion,attempt,
2025-12-05T12:43:47.778Z,XTZ/USD,vwap_pullback,attempt,MAX_TOTAL_EXPOSURE
2025-12-05T12:43:47.871Z,CVXUSD,mean_reversion,attempt,MAX_POSITION
2025-12-05T12:43:47.894Z,KSMUSD,mean_reversion,attempt,
2025-12-05T12:43:48.462Z,KSMUSD,mean_reversion,attempt,MAX_POSITION
2025-12-05T12:43:48.788Z,DOTEUR,mean_reversion,attempt,
2025-12-05T12:43:49.116Z,DOTEUR,mean_reversion,attempt,MAX_POSITION
2025-12-05T12:43:49.423Z,LINKEUR,vwap_pullback,attempt,
2025-12-05T12:43:49.750Z,LINKEUR,vwap_pullback,attempt,MAX_POSITION
2025-12-05T12:43:49.761Z,SOL/USD,vwap_pullback,attempt,
2025-12-05T12:43:50.107Z,DOTGBP,mean_reversion,attempt,
2025-12-05T12:43:50.287Z,SOL/USD,vwap_pullback,attempt,MAX_TOTAL_EXPOSURE
2025-12-05T12:43:50.449Z,DOTGBP,mean_reversion,attempt,MAX_POSITION
2025-12-05T12:43:50.583Z,LINKUSD,vwap_pullback,attempt,
2025-12-05T12:43:50.909Z,LINKUSD,vwap_pullback,attempt,MAX_POSITION
2025-12-05T12:43:51.622Z,XRP/CAD,vwap_pullback,attempt,
2025-12-05T12:43:51.870Z,LINKUSDC,vwap_pullback,attempt,
2025-12-05T12:43:52.025Z,DOTUSDC,mean_reversion,attempt,
2025-12-05T12:43:52.216Z,XRP/CAD,vwap_pullback,attempt,MAX_TOTAL_EXPOSURE
2025-12-05T12:43:52.285Z,LINKUSDC,vwap_pullback,attempt,MAX_POSITION
2025-12-05T12:43:52.354Z,DOTUSDC,mean_reversion,attempt,MAX_POSITION
2025-12-05T12:43:53.227Z,LINKUSDT,vwap_pullback,attempt,
2025-12-05T12:43:53.423Z,DOTUSDT,mean_reversion,attempt,
2025-12-05T12:43:53.562Z,LINKUSDT,vwap_pullback,attempt,MAX_POSITION
2025-12-05T12:43:53.760Z,DOTUSDT,mean_reversion,attempt,MAX_POSITION
2025-12-05T12:43:54.697Z,XLTCZEUR,mean_reversion,attempt,
2025-12-05T12:43:54.701Z,XETCZUSD,mean_reversion,attempt,
2025-12-05T12:43:55.022Z,XLTCZEUR,mean_reversion,attempt,MAX_POSITION
2025-12-05T12:43:55.037Z,XETCZUSD,mean_reversion,attempt,MAX_POSITION
2025-12-05T12:43:56.376Z,XLTCZUSD,mean_reversion,attempt,
2025-12-05T12:43:56.388Z,TIA/USD,vwap_pullback,attempt,
2025-12-05T12:43:56.711Z,XLTCZUSD,mean_reversion,attempt,MAX_POSITION
2025-12-05T12:43:56.937Z,TIA/USD,vwap_pullback,attempt,MAX_TOTAL_EXPOSURE
2025-12-05T12:43:57.411Z,ETHFIEUR,mean_reversion,attempt,
2025-12-05T12:43:57.749Z,ETHFIEUR,mean_reversion,attempt,MAX_POSITION
2025-12-05T12:43:57.876Z,MASKEUR,mean_reversion,attempt,
2025-12-05T12:43:58.217Z,MASKEUR,mean_reversion,attempt,MAX_POSITION
2025-12-05T12:43:58.847Z,ONDO/USD,vwap_pullback,attempt,
2025-12-05T12:43:58.940Z,EULEUR,mean_reversion,attempt,
2025-12-05T12:43:59.015Z,MASKUSD,mean_reversion,attempt,
2025-12-05T12:43:59.271Z,EULEUR,mean_reversion,attempt,MAX_POSITION
2025-12-05T12:43:59.351Z,MASKUSD,mean_reversion,attempt,MAX_POSITION
2025-12-05T12:43:59.384Z,ONDO/USD,vwap_pullback,attempt,MAX_TOTAL_EXPOSURE
2025-12-05T12:44:00.084Z,MEUSD,mean_reversion,attempt,
2025-12-05T12:44:00.425Z,MEUSD,mean_reversion,attempt,MAX_POSITION
2025-12-05T12:44:01.009Z,EWTUSD,mean_reversion,attempt,
2025-12-05T12:44:01.336Z,EWTUSD,mean_reversion,attempt,MAX_POSITION
2025-12-05T12:44:01.640Z,XRP/GBP,vwap_pullback,attempt,
2025-12-05T12:44:02.166Z,XRP/GBP,vwap_pullback,attempt,MAX_TOTAL_EXPOSURE
2025-12-05T12:44:02.312Z,NANOEUR,mean_reversion,attempt,
2025-12-05T12:44:02.586Z,FORTHUSD,mean_reversion,attempt,
2025-12-05T12:44:02.640Z,NANOEUR,mean_reversion,attempt,MAX_POSITION
2025-12-05T12:44:02.924Z,FORTHUSD,mean_reversion,attempt,MAX_POSITION
2025-12-05T12:44:03.643Z,NANOUSD,mean_reversion,attempt,
2025-12-05T12:44:03.673Z,FXSUSD,mean_reversion,attempt,
2025-12-05T12:44:03.969Z,NANOUSD,mean_reversion,attempt,MAX_POSITION
2025-12-05T12:44:04.019Z,FXSUSD,mean_reversion,attempt,MAX_POSITION
2025-12-05T12:44:04.872Z,DOT/USD,vwap_pullback,attempt,
2025-12-05T12:44:05.126Z,KSMUSD,mean_reversion,attempt,
2025-12-05T12:44:05.158Z,NOSUSD,mean_reversion,attempt,
2025-12-05T12:44:05.397Z,DOT/USD,vwap_pullback,attempt,MAX_TOTAL_EXPOSURE
2025-12-05T12:44:05.462Z,KSMUSD,mean_reversion,attempt,MAX_POSITION
2025-12-05T12:44:05.485Z,NOSUSD,mean_reversion,attempt,MAX_POSITION
2025-12-05T12:44:06.372Z,LINKEUR,vwap_pullback,attempt,
2025-12-05T12:44:06.419Z,OPEUR,mean_reversion,attempt,
2025-12-05T12:44:06.423Z,XTZ/USD,vwap_pullback,attempt,
2025-12-05T12:44:06.729Z,LINKEUR,vwap_pullback,attempt,MAX_POSITION
2025-12-05T12:44:06.771Z,OPEUR,mean_reversion,attempt,MAX_POSITION
2025-12-05T12:44:06.984Z,XTZ/USD,vwap_pullback,attempt,MAX_TOTAL_EXPOSURE
2025-12-05T12:44:07.382Z,LINKUSD,vwap_pullback,attempt,
2025-12-05T12:44:07.717Z,LINKUSD,vwap_pullback,attempt,MAX_POSITION
2025-12-05T12:44:07.759Z,OPUSD,mean_reversion,attempt,
2025-12-05T12:44:08.090Z,OPUSD,mean_reversion,attempt,MAX_POSITION
2025-12-05T12:44:08.658Z,LINKUSDC,vwap_pullback,attempt,
2025-12-05T12:44:08.995Z,LINKUSDC,vwap_pullback,attempt,MAX_POSITION
2025-12-05T12:44:09.017Z,SOL/USD,vwap_pullback,attempt,
2025-12-05T12:44:09.020Z,PROVEEUR,mean_reversion,attempt,
2025-12-05T12:44:09.348Z,PROVEEUR,mean_reversion,attempt,MAX_POSITION
2025-12-05T12:44:09.547Z,SOL/USD,vwap_pullback,attempt,MAX_TOTAL_EXPOSURE
2025-12-05T12:44:09.911Z,LINKUSDT,vwap_pullback,attempt,
2025-12-05T12:44:10.233Z,RUNEEUR,mean_reversion,attempt,
2025-12-05T12:44:10.236Z,LINKUSDT,vwap_pullback,attempt,MAX_POSITION
2025-12-05T12:44:10.563Z,RUNEEUR,mean_reversion,attempt,MAX_POSITION
2025-12-05T12:44:10.979Z,XRP/CAD,vwap_pullback,attempt,
2025-12-05T12:44:11.402Z,XLTCZEUR,mean_reversion,attempt,
2025-12-05T12:44:11.513Z,XRP/CAD,vwap_pullback,attempt,MAX_TOTAL_EXPOSURE
2025-12-05T12:44:11.732Z,XLTCZEUR,mean_reversion,attempt,MAX_POSITION
2025-12-05T12:44:11.987Z,RUNEUSD,mean_reversion,attempt,
2025-12-05T12:44:12.311Z,RUNEUSD,mean_reversion,attempt,MAX_POSITION
2025-12-05T12:44:13.377Z,SOSOUSD,mean_reversion,attempt,
2025-12-05T12:44:13.400Z,XLTCZUSD,mean_reversion,attempt,
2025-12-05T12:44:13.714Z,SOSOUSD,mean_reversion,attempt,MAX_POSITION
2025-12-05T12:44:13.725Z,XLTCZUSD,mean_reversion,attempt,MAX_POSITION
2025-12-05T12:44:14.022Z,ICP/USD,vwap_pullback,attempt,
2025-12-05T12:44:14.546Z,ICP/USD,vwap_pullback,attempt,MAX_TOTAL_EXPOSURE
2025-12-05T12:44:14.819Z,TONEUR,mean_reversion,attempt,
2025-12-05T12:44:14.845Z,MASKEUR,mean_reversion,attempt,
2025-12-05T12:44:15.154Z,TONEUR,mean_reversion,attempt,MAX_POSITION
2025-12-05T12:44:15.180Z,MASKEUR,mean_reversion,attempt,MAX_POSITION
2025-12-05T12:44:15.924Z,MASKUSD,mean_reversion,attempt,
2025-12-05T12:44:16.058Z,TIA/EUR,vwap_pullback,attempt,
2025-12-05T12:44:16.153Z,TONUSD,mean_reversion,attempt,
2025-12-05T12:44:16.260Z,MASKUSD,mean_reversion,attempt,MAX_POSITION
2025-12-05T12:44:16.495Z,TONUSD,mean_reversion,attempt,MAX_POSITION
2025-12-05T12:44:16.585Z,TIA/EUR,vwap_pullback,attempt,MAX_TOTAL_EXPOSURE
2025-12-05T12:44:17.183Z,TRUMPUSD,mean_reversion,attempt,
2025-12-05T12:44:17.217Z,MEUSD,mean_reversion,attempt,
2025-12-05T12:44:17.515Z,TRUMPUSD,mean_reversion,attempt,MAX_POSITION
2025-12-05T12:44:17.549Z,MEUSD,mean_reversion,attempt,MAX_POSITION
2025-12-05T12:44:18.616Z,TRXUSD,vwap_pullback,attempt,
2025-12-05T12:44:18.812Z,TRXUSD,vwap_pullback,attempt,POSITION_LIMIT
2025-12-05T12:44:18.850Z,NANOEUR,mean_reversion,attempt,
2025-12-05T12:44:19.174Z,NANOEUR,mean_reversion,attempt,MAX_POSITION
2025-12-05T12:44:19.517Z,USDCHF,vwap_pullback,attempt,
2025-12-05T12:44:19.844Z,USDCHF,vwap_pullback,attempt,MAX_POSITION
2025-12-05T12:44:20.120Z,NANOUSD,mean_reversion,attempt,
2025-12-05T12:44:20.455Z,NANOUSD,mean_reversion,attempt,MAX_POSITION
2025-12-05T12:44:20.636Z,XXRPZCAD,mean_reversion,attempt,
2025-12-05T12:44:20.710Z,ONDO/USD,vwap_pullback,attempt,
2025-12-05T12:44:20.963Z,XXRPZCAD,mean_reversion,attempt,MAX_POSITION
2025-12-05T12:44:21.231Z,ONDO/USD,vwap_pullback,attempt,MAX_TOTAL_EXPOSURE
2025-12-05T12:44:21.386Z,NOSUSD,mean_reversion,attempt,
2025-12-05T12:44:21.711Z,NOSUSD,mean_reversion,attempt,MAX_POSITION
2025-12-05T12:44:22.166Z,XXRPZEUR,mean_reversion,attempt,
2025-12-05T12:44:22.458Z,OPEUR,mean_reversion,attempt,
2025-12-05T12:44:22.498Z,XXRPZEUR,mean_reversion,attempt,MAX_POSITION
2025-12-05T12:44:22.783Z,OPEUR,mean_reversion,attempt,MAX_POSITION
2025-12-05T12:44:23.441Z,XRPGBP,mean_reversion,attempt,
2025-12-05T12:44:23.773Z,XRPGBP,mean_reversion,attempt,MAX_POSITION
2025-12-05T12:44:23.793Z,XRP/GBP,vwap_pullback,attempt,
2025-12-05T12:44:23.977Z,OPUSD,mean_reversion,attempt,
2025-12-05T12:44:24.298Z,OPUSD,mean_reversion,attempt,MAX_POSITION
2025-12-05T12:44:24.314Z,XRP/GBP,vwap_pullback,attempt,MAX_TOTAL_EXPOSURE
2025-12-05T12:44:24.460Z,XRPRLUSD,mean_reversion,attempt,
2025-12-05T12:44:24.792Z,XRPRLUSD,mean_reversion,attempt,MAX_POSITION
2025-12-05T12:44:25.208Z,PROVEEUR,mean_reversion,attempt,
2025-12-05T12:44:25.548Z,PROVEEUR,mean_reversion,attempt,MAX_POSITION
2025-12-05T12:44:25.827Z,XRPUSDT,mean_reversion,attempt,
2025-12-05T12:44:26.188Z,XRPUSDT,mean_reversion,attempt,MAX_POSITION
2025-12-05T12:44:26.543Z,RUNEEUR,mean_reversion,attempt,
2025-12-05T12:44:26.825Z,XTZEUR,mean_reversion,attempt,
2025-12-05T12:44:26.874Z,RUNEEUR,mean_reversion,attempt,MAX_POSITION
2025-12-05T12:44:27.156Z,XTZEUR,mean_reversion,attempt,MAX_POSITION
2025-12-05T12:44:27.844Z,XTZUSD,mean_reversion,attempt,
2025-12-05T12:44:28.084Z,RUNEUSD,mean_reversion,attempt,
2025-12-05T12:44:28.176Z,XTZUSD,mean_reversion,attempt,MAX_POSITION
2025-12-05T12:44:28.430Z,RUNEUSD,mean_reversion,attempt,MAX_POSITION
2025-12-05T12:44:28.553Z,DOT/USD,vwap_pullback,attempt,
2025-12-05T12:44:29.083Z,DOT/USD,vwap_pullback,attempt,MAX_TOTAL_EXPOSURE
2025-12-05T12:44:29.340Z,SOSOUSD,mean_reversion,attempt,
2025-12-05T12:44:29.657Z,ADAAUD,mean_reversion,attempt,
2025-12-05T12:44:29.667Z,SOSOUSD,mean_reversion,attempt,MAX_POSITION
2025-12-05T12:44:29.982Z,ADAAUD,mean_reversion,attempt,MAX_POSITION
2025-12-05T12:44:30.080Z,XTZ/USD,vwap_pullback,attempt,
2025-12-05T12:44:30.370Z,TONEUR,mean_reversion,attempt,
2025-12-05T12:44:30.601Z,XTZ/USD,vwap_pullback,attempt,MAX_TOTAL_EXPOSURE
2025-12-05T12:44:30.705Z,TONEUR,mean_reversion,attempt,MAX_POSITION
2025-12-05T12:44:31.181Z,AKTEUR,mean_reversion,attempt,
2025-12-05T12:44:31.365Z,TONUSD,mean_reversion,attempt,
2025-12-05T12:44:31.514Z,AKTEUR,mean_reversion,attempt,MAX_POSITION
2025-12-05T12:44:31.692Z,TONUSD,mean_reversion,attempt,MAX_POSITION
2025-12-05T12:44:32.409Z,SOL/USD,vwap_pullback,attempt,
2025-12-05T12:44:32.695Z,TRUMPUSD,mean_reversion,attempt,
2025-12-05T12:44:32.830Z,AUDUSD,vwap_pullback,attempt,
2025-12-05T12:44:32.941Z,SOL/USD,vwap_pullback,attempt,MAX_TOTAL_EXPOSURE
2025-12-05T12:44:33.028Z,TRUMPUSD,mean_reversion,attempt,MAX_POSITION
2025-12-05T12:44:33.161Z,AUDUSD,vwap_pullback,attempt,MAX_POSITION
2025-12-05T12:44:33.661Z,AUDUSD,sma_trend_ride,attempt,
2025-12-05T12:44:33.990Z,TRXUSD,vwap_pullback,attempt,
2025-12-05T12:44:33.995Z,AUDUSD,sma_trend_ride,attempt,MAX_POSITION
2025-12-05T12:44:34.191Z,TRXUSD,vwap_pullback,attempt,POSITION_LIMIT
2025-12-05T12:44:34.273Z,XRP/CAD,vwap_pullback,attempt,
2025-12-05T12:44:34.797Z,XRP/CAD,vwap_pullback,attempt,MAX_TOTAL_EXPOSURE
2025-12-05T12:44:35.037Z,CVXUSD,mean_reversion,attempt,
2025-12-05T12:44:35.185Z,USDCHF,vwap_pullback,attempt,
2025-12-05T12:44:35.364Z,CVXUSD,mean_reversion,attempt,MAX_POSITION
2025-12-05T12:44:35.511Z,USDCHF,vwap_pullback,attempt,MAX_POSITION
2025-12-05T12:44:36.503Z,XXRPZCAD,mean_reversion,attempt,
2025-12-05T12:44:36.504Z,DOTEUR,mean_reversion,attempt,
2025-12-05T12:44:36.848Z,XXRPZCAD,mean_reversion,attempt,MAX_POSITION
2025-12-05T12:44:36.851Z,DOTEUR,mean_reversion,attempt,MAX_POSITION
2025-12-05T12:44:37.538Z,DOTGBP,mean_reversion,attempt,
2025-12-05T12:44:37.632Z,ICP/USD,vwap_pullback,attempt,
2025-12-05T12:44:37.835Z,XXRPZEUR,mean_reversion,attempt,
2025-12-05T12:44:37.873Z,DOTGBP,mean_reversion,attempt,MAX_POSITION
2025-12-05T12:44:38.166Z,ICP/USD,vwap_pullback,attempt,MAX_TOTAL_EXPOSURE
2025-12-05T12:44:38.180Z,XXRPZEUR,mean_reversion,attempt,MAX_POSITION
2025-12-05T12:44:38.518Z,DOTUSDC,mean_reversion,attempt,
2025-12-05T12:44:38.848Z,DOTUSDC,mean_reversion,attempt,MAX_POSITION
2025-12-05T12:44:38.852Z,XRPGBP,mean_reversion,attempt,
2025-12-05T12:44:39.176Z,XRPGBP,mean_reversion,attempt,MAX_POSITION
2025-12-05T12:44:39.773Z,DOTUSDT,mean_reversion,attempt,
2025-12-05T12:44:39.902Z,XRPRLUSD,mean_reversion,attempt,
2025-12-05T12:44:39.990Z,TIA/EUR,vwap_pullback,attempt,
2025-12-05T12:44:40.103Z,DOTUSDT,mean_reversion,attempt,MAX_POSITION
2025-12-05T12:44:40.241Z,XRPRLUSD,mean_reversion,attempt,MAX_POSITION
2025-12-05T12:44:40.523Z,TIA/EUR,vwap_pullback,attempt,MAX_TOTAL_EXPOSURE
2025-12-05T12:44:40.587Z,XETCZUSD,mean_reversion,attempt,
2025-12-05T12:44:40.912Z,XETCZUSD,mean_reversion,attempt,MAX_POSITION
2025-12-05T12:44:41.343Z,XRPUSDT,mean_reversion,attempt,
2025-12-05T12:44:41.679Z,XRPUSDT,mean_reversion,attempt,MAX_POSITION
2025-12-05T12:44:41.886Z,ETHFIEUR,mean_reversion,attempt,
2025-12-05T12:44:42.211Z,ETHFIEUR,mean_reversion,attempt,MAX_POSITION
2025-12-05T12:44:42.236Z,ADAAUD,mean_reversion,attempt,
2025-12-05T12:44:42.563Z,ADAAUD,mean_reversion,attempt,MAX_POSITION
2025-12-05T12:44:42.594Z,XTZEUR,mean_reversion,attempt,
2025-12-05T12:44:42.917Z,XTZEUR,mean_reversion,attempt,MAX_POSITION
2025-12-05T12:44:43.556Z,AKTEUR,mean_reversion,attempt,
2025-12-05T12:44:43.562Z,EWTUSD,mean_reversion,attempt,
2025-12-05T12:44:43.892Z,EWTUSD,mean_reversion,attempt,MAX_POSITION
2025-12-05T12:44:43.895Z,AKTEUR,mean_reversion,attempt,MAX_POSITION
2025-12-05T12:44:43.926Z,XTZUSD,mean_reversion,attempt,
2025-12-05T12:44:44.250Z,XTZUSD,mean_reversion,attempt,MAX_POSITION
2025-12-05T12:44:44.816Z,FORTHUSD,mean_reversion,attempt,
2025-12-05T12:44:44.856Z,AUDUSD,vwap_pullback,attempt,
2025-12-05T12:44:44.983Z,XRP/RLUSD,vwap_pullback,attempt,
2025-12-05T12:44:45.141Z,FORTHUSD,mean_reversion,attempt,MAX_POSITION
2025-12-05T12:44:45.185Z,AUDUSD,vwap_pullback,attempt,MAX_POSITION
2025-12-05T12:44:45.447Z,AUDUSD,sma_trend_ride,attempt,
2025-12-05T12:44:45.511Z,XRP/RLUSD,vwap_pullback,attempt,MAX_TOTAL_EXPOSURE
2025-12-05T12:44:45.785Z,AUDUSD,sma_trend_ride,attempt,MAX_POSITION
2025-12-05T12:44:46.064Z,FXSUSD,mean_reversion,attempt,
2025-12-05T12:44:46.391Z,FXSUSD,mean_reversion,attempt,MAX_POSITION
2025-12-05T12:44:46.465Z,CVXUSD,mean_reversion,attempt,
2025-12-05T12:44:46.812Z,CVXUSD,mean_reversion,attempt,MAX_POSITION
2025-12-05T12:44:47.195Z,KSMUSD,mean_reversion,attempt,
2025-12-05T12:44:47.517Z,KSMUSD,mean_reversion,attempt,MAX_POSITION
2025-12-05T12:44:47.689Z,DOTEUR,mean_reversion,attempt,
2025-12-05T12:44:48.036Z,DOTEUR,mean_reversion,attempt,MAX_POSITION
2025-12-05T12:44:48.580Z,LINKEUR,vwap_pullback,attempt,
2025-12-05T12:44:48.732Z,ONDO/USD,vwap_pullback,attempt,
2025-12-05T12:44:48.914Z,LINKEUR,vwap_pullback,attempt,MAX_POSITION
2025-12-05T12:44:48.974Z,DOTGBP,mean_reversion,attempt,
2025-12-05T12:44:49.263Z,ONDO/USD,vwap_pullback,attempt,MAX_TOTAL_EXPOSURE
2025-12-05T12:44:49.295Z,DOTGBP,mean_reversion,attempt,MAX_POSITION
2025-12-05T12:44:49.790Z,LINKUSD,vwap_pullback,attempt,
2025-12-05T12:44:49.973Z,DOTUSDC,mean_reversion,attempt,
2025-12-05T12:44:50.114Z,LINKUSD,vwap_pullback,attempt,MAX_POSITION
2025-12-05T12:44:50.300Z,DOTUSDC,mean_reversion,attempt,MAX_POSITION
2025-12-05T12:44:50.742Z,LINKUSDC,vwap_pullback,attempt,
2025-12-05T12:44:51.066Z,LINKUSDC,vwap_pullback,attempt,MAX_POSITION
2025-12-05T12:44:51.239Z,DOTUSDT,mean_reversion,attempt,
2025-12-05T12:44:51.536Z,XRP/GBP,vwap_pullback,attempt,
2025-12-05T12:44:51.568Z,DOTUSDT,mean_reversion,attempt,MAX_POSITION
2025-12-05T12:44:52.059Z,XRP/GBP,vwap_pullback,attempt,MAX_TOTAL_EXPOSURE
2025-12-05T12:44:52.132Z,LINKUSDT,vwap_pullback,attempt,
2025-12-05T12:44:52.384Z,XETCZUSD,mean_reversion,attempt,
2025-12-05T12:44:52.458Z,LINKUSDT,vwap_pullback,attempt,MAX_POSITION
2025-12-05T12:44:52.717Z,XETCZUSD,mean_reversion,attempt,MAX_POSITION
2025-12-05T12:44:53.404Z,XLTCZEUR,mean_reversion,attempt,
2025-12-05T12:44:53.656Z,ETHFIEUR,mean_reversion,attempt,
2025-12-05T12:44:53.733Z,XLTCZEUR,mean_reversion,attempt,MAX_POSITION
2025-12-05T12:44:54.000Z,ETHFIEUR,mean_reversion,attempt,MAX_POSITION
2025-12-05T12:44:54.588Z,XLTCZUSD,mean_reversion,attempt,
2025-12-05T12:44:54.897Z,DOT/USD,vwap_pullback,attempt,
2025-12-05T12:44:54.918Z,XLTCZUSD,mean_reversion,attempt,MAX_POSITION
2025-12-05T12:44:55.321Z,EWTUSD,mean_reversion,attempt,
2025-12-05T12:44:55.433Z,DOT/USD,vwap_pullback,attempt,MAX_TOTAL_EXPOSURE
2025-12-05T12:44:55.653Z,EWTUSD,mean_reversion,attempt,MAX_POSITION
2025-12-05T12:44:55.924Z,MASKEUR,mean_reversion,attempt,
2025-12-05T12:44:56.281Z,MASKEUR,mean_reversion,attempt,MAX_POSITION
2025-12-05T12:44:56.444Z,XTZ/USD,vwap_pullback,attempt,
2025-12-05T12:44:56.929Z,FORTHUSD,mean_reversion,attempt,
2025-12-05T12:44:57.008Z,MASKUSD,mean_reversion,attempt,
2025-12-05T12:44:57.009Z,XTZ/USD,vwap_pullback,attempt,MAX_TOTAL_EXPOSURE
2025-12-05T12:44:57.257Z,FORTHUSD,mean_reversion,attempt,MAX_POSITION
2025-12-05T12:44:57.340Z,MASKUSD,mean_reversion,attempt,MAX_POSITION
2025-12-05T12:44:58.297Z,MEUSD,mean_reversion,attempt,
2025-12-05T12:44:58.622Z,MEUSD,mean_reversion,attempt,MAX_POSITION
2025-12-05T12:44:59.064Z,SOL/USD,vwap_pullback,attempt,
2025-12-05T12:44:59.154Z,FXSUSD,mean_reversion,attempt,
2025-12-05T12:44:59.480Z,FXSUSD,mean_reversion,attempt,MAX_POSITION
2025-12-05T12:44:59.611Z,SOL/USD,vwap_pullback,attempt,MAX_TOTAL_EXPOSURE
2025-12-05T12:44:59.982Z,NANOEUR,mean_reversion,attempt,
2025-12-05T12:45:00.319Z,NANOEUR,mean_reversion,attempt,MAX_POSITION
2025-12-05T12:45:00.406Z,XRP/CAD,vwap_pullback,attempt,
2025-12-05T12:45:00.436Z,KSMUSD,mean_reversion,attempt,
2025-12-05T12:45:00.789Z,KSMUSD,mean_reversion,attempt,MAX_POSITION
2025-12-05T12:45:00.952Z,XRP/CAD,vwap_pullback,attempt,MAX_TOTAL_EXPOSURE
2025-12-05T12:45:01.286Z,NANOUSD,mean_reversion,attempt,
2025-12-05T12:45:01.572Z,LINKEUR,vwap_pullback,attempt,
2025-12-05T12:45:01.622Z,NANOUSD,mean_reversion,attempt,MAX_POSITION
2025-12-05T12:45:01.908Z,LINKEUR,vwap_pullback,attempt,MAX_POSITION
2025-12-05T12:45:02.470Z,LINKUSD,vwap_pullback,attempt,
2025-12-05T12:45:02.623Z,NOSUSD,mean_reversion,attempt,
2025-12-05T12:45:02.819Z,LINKUSD,vwap_pullback,attempt,MAX_POSITION
2025-12-05T12:45:02.962Z,NOSUSD,mean_reversion,attempt,MAX_POSITION
2025-12-05T12:45:03.616Z,LINKUSDC,vwap_pullback,attempt,
2025-12-05T12:45:03.687Z,OPEUR,mean_reversion,attempt,
2025-12-05T12:45:03.693Z,ICP/USD,vwap_pullback,attempt,
2025-12-05T12:45:03.961Z,LINKUSDC,vwap_pullback,attempt,MAX_POSITION
2025-12-05T12:45:04.024Z,OPEUR,mean_reversion,attempt,MAX_POSITION
2025-12-05T12:45:04.227Z,ICP/USD,vwap_pullback,attempt,MAX_TOTAL_EXPOSURE
2025-12-05T12:45:04.930Z,LINKUSDT,vwap_pullback,attempt,
2025-12-05T12:45:04.962Z,OPUSD,mean_reversion,attempt,
2025-12-05T12:45:05.286Z,LINKUSDT,vwap_pullback,attempt,MAX_POSITION
2025-12-05T12:45:05.367Z,OPUSD,mean_reversion,attempt,MAX_POSITION
2025-12-05T12:45:05.769Z,TIA/EUR,vwap_pullback,attempt,
2025-12-05T12:45:06.302Z,TIA/EUR,vwap_pullback,attempt,MAX_TOTAL_EXPOSURE
2025-12-05T12:45:06.360Z,PROVEEUR,mean_reversion,attempt,
2025-12-05T12:45:06.601Z,XLTCZEUR,mean_reversion,attempt,
2025-12-05T12:45:06.701Z,PROVEEUR,mean_reversion,attempt,MAX_POSITION
2025-12-05T12:45:06.929Z,XLTCZEUR,mean_reversion,attempt,MAX_POSITION
2025-12-05T12:45:07.436Z,RUNEEUR,mean_reversion,attempt,
2025-12-05T12:45:07.772Z,RUNEEUR,mean_reversion,attempt,MAX_POSITION
2025-12-05T12:45:07.937Z,XLTCZUSD,mean_reversion,attempt,
2025-12-05T12:45:08.286Z,XLTCZUSD,mean_reversion,attempt,MAX_POSITION
2025-12-05T12:45:08.358Z,RUNEUSD,mean_reversion,attempt,
2025-12-05T12:45:08.739Z,RUNEUSD,mean_reversion,attempt,MAX_POSITION
2025-12-05T12:45:09.387Z,MASKEUR,mean_reversion,attempt,
2025-12-05T12:45:09.419Z,XRP/RLUSD,vwap_pullback,attempt,
2025-12-05T12:45:09.732Z,MASKEUR,mean_reversion,attempt,MAX_POSITION
2025-12-05T12:45:09.953Z,SOSOUSD,mean_reversion,attempt,
2025-12-05T12:45:09.972Z,XRP/RLUSD,vwap_pullback,attempt,MAX_TOTAL_EXPOSURE
2025-12-05T12:45:10.294Z,SOSOUSD,mean_reversion,attempt,MAX_POSITION
2025-12-05T12:45:10.456Z,MASKUSD,mean_reversion,attempt,
2025-12-05T12:45:10.811Z,MASKUSD,mean_reversion,attempt,MAX_POSITION
2025-12-05T12:45:11.513Z,TONEUR,mean_reversion,attempt,
2025-12-05T12:45:11.735Z,MEUSD,mean_reversion,attempt,
2025-12-05T12:45:11.853Z,TONEUR,mean_reversion,attempt,MAX_POSITION
2025-12-05T12:45:12.060Z,MEUSD,mean_reversion,attempt,MAX_POSITION
2025-12-05T12:45:12.805Z,TONUSD,mean_reversion,attempt,
2025-12-05T12:45:13.145Z,TONUSD,mean_reversion,attempt,MAX_POSITION
2025-12-05T12:45:13.542Z,NANOEUR,mean_reversion,attempt,
2025-12-05T12:45:13.874Z,NANOEUR,mean_reversion,attempt,MAX_POSITION
2025-12-05T12:45:14.164Z,TRUMPUSD,mean_reversion,attempt,
2025-12-05T12:45:14.496Z,TRUMPUSD,mean_reversion,attempt,MAX_POSITION
2025-12-05T12:45:14.921Z,NANOUSD,mean_reversion,attempt,
2025-12-05T12:45:15.259Z,NANOUSD,mean_reversion,attempt,MAX_POSITION
2025-12-05T12:45:15.673Z,TRXUSD,vwap_pullback,attempt,
2025-12-05T12:45:15.920Z,TRXUSD,vwap_pullback,attempt,POSITION_LIMIT
2025-12-05T12:45:16.000Z,NOSUSD,mean_reversion,attempt,
2025-12-05T12:45:16.356Z,NOSUSD,mean_reversion,attempt,MAX_POSITION
2025-12-05T12:45:16.494Z,DOT/USD,vwap_pullback,attempt,
2025-12-05T12:45:16.964Z,USDCHF,vwap_pullback,attempt,
2025-12-05T12:45:17.062Z,OPEUR,mean_reversion,attempt,
2025-12-05T12:45:17.065Z,DOT/USD,vwap_pullback,attempt,MAX_TOTAL_EXPOSURE
2025-12-05T12:45:17.445Z,USDCHF,vwap_pullback,attempt,MAX_POSITION
2025-12-05T12:45:17.509Z,OPEUR,mean_reversion,attempt,MAX_POSITION
2025-12-05T12:45:18.170Z,OPUSD,mean_reversion,attempt,
2025-12-05T12:45:18.578Z,XXRPZCAD,mean_reversion,attempt,
2025-12-05T12:45:18.619Z,XTZ/USD,vwap_pullback,attempt,
2025-12-05T12:45:18.791Z,OPUSD,mean_reversion,attempt,MAX_POSITION
2025-12-05T12:45:18.925Z,XXRPZCAD,mean_reversion,attempt,MAX_POSITION
2025-12-05T12:45:19.169Z,XTZ/USD,vwap_pullback,attempt,MAX_TOTAL_EXPOSURE
2025-12-05T12:45:19.712Z,XXRPZEUR,mean_reversion,attempt,
2025-12-05T12:45:20.041Z,XXRPZEUR,mean_reversion,attempt,MAX_POSITION
2025-12-05T12:45:20.726Z,XRPGBP,mean_reversion,attempt,
2025-12-05T12:45:20.922Z,SOL/USD,vwap_pullback,attempt,
2025-12-05T12:45:21.060Z,XRPGBP,mean_reversion,attempt,MAX_POSITION
2025-12-05T12:45:21.539Z,SOL/USD,vwap_pullback,attempt,MAX_TOTAL_EXPOSURE
2025-12-05T12:45:21.681Z,PROVEEUR,mean_reversion,attempt,
2025-12-05T12:45:21.999Z,XRPRLUSD,mean_reversion,attempt,
2025-12-05T12:45:22.026Z,PROVEEUR,mean_reversion,attempt,MAX_POSITION
2025-12-05T12:45:22.329Z,XRPRLUSD,mean_reversion,attempt,MAX_POSITION
2025-12-05T12:45:22.766Z,RUNEEUR,mean_reversion,attempt,
2025-12-05T12:45:23.145Z,RUNEEUR,mean_reversion,attempt,MAX_POSITION
2025-12-05T12:45:23.554Z,XRPUSDT,mean_reversion,attempt,
2025-12-05T12:45:23.897Z,XRPUSDT,mean_reversion,attempt,MAX_POSITION
2025-12-05T12:45:24.025Z,XRP/CAD,vwap_pullback,attempt,
2025-12-05T12:45:24.222Z,RUNEUSD,mean_reversion,attempt,
2025-12-05T12:45:24.583Z,RUNEUSD,mean_reversion,attempt,MAX_POSITION
2025-12-05T12:45:24.621Z,XTZEUR,mean_reversion,attempt,
2025-12-05T12:45:24.726Z,XRP/CAD,vwap_pullback,attempt,MAX_TOTAL_EXPOSURE
2025-12-05T12:45:25.047Z,XTZEUR,mean_reversion,attempt,MAX_POSITION
2025-12-05T12:45:25.479Z,SOSOUSD,mean_reversion,attempt,
2025-12-05T12:45:25.756Z,XTZUSD,mean_reversion,attempt,
2025-12-05T12:45:25.834Z,SOSOUSD,mean_reversion,attempt,MAX_POSITION
2025-12-05T12:45:26.096Z,XTZUSD,mean_reversion,attempt,MAX_POSITION
2025-12-05T12:45:26.540Z,TONEUR,mean_reversion,attempt,
2025-12-05T12:45:26.922Z,TONEUR,mean_reversion,attempt,MAX_POSITION
2025-12-05T12:45:26.926Z,ICP/USD,vwap_pullback,attempt,
2025-12-05T12:45:27.561Z,ICP/USD,vwap_pullback,attempt,MAX_TOTAL_EXPOSURE
2025-12-05T12:45:27.920Z,TONUSD,mean_reversion,attempt,
2025-12-05T12:45:28.295Z,TONUSD,mean_reversion,attempt,MAX_POSITION
2025-12-05T12:45:28.486Z,ADAAUD,mean_reversion,attempt,
2025-12-05T12:45:28.811Z,ADAAUD,mean_reversion,attempt,MAX_POSITION
2025-12-05T12:45:29.089Z,TRUMPUSD,mean_reversion,attempt,
2025-12-05T12:45:29.464Z,TRUMPUSD,mean_reversion,attempt,MAX_POSITION
2025-12-05T12:45:30.074Z,AKTEUR,mean_reversion,attempt,
2025-12-05T12:45:30.402Z,AKTEUR,mean_reversion,attempt,MAX_POSITION
2025-12-05T12:45:30.429Z,TIA/EUR,vwap_pullback,attempt,
2025-12-05T12:45:30.432Z,TRXUSD,vwap_pullback,attempt,
2025-12-05T12:45:30.709Z,TRXUSD,vwap_pullback,attempt,POSITION_LIMIT
2025-12-05T12:45:31.068Z,TIA/EUR,vwap_pullback,attempt,MAX_TOTAL_EXPOSURE
2025-12-05T12:45:31.164Z,AUDUSD,vwap_pullback,attempt,
2025-12-05T12:45:31.513Z,AUDUSD,vwap_pullback,attempt,MAX_POSITION
2025-12-05T12:45:31.783Z,AUDUSD,sma_trend_ride,attempt,
2025-12-05T12:45:31.978Z,USDCHF,vwap_pullback,attempt,
2025-12-05T12:45:32.176Z,AUDUSD,sma_trend_ride,attempt,MAX_POSITION
2025-12-05T12:45:32.392Z,USDCHF,vwap_pullback,attempt,MAX_POSITION
2025-12-05T12:45:32.939Z,CVXUSD,mean_reversion,attempt,
2025-12-05T12:45:33.525Z,CVXUSD,mean_reversion,attempt,MAX_POSITION
2025-12-05T12:45:33.607Z,XXRPZCAD,mean_reversion,attempt,
2025-12-05T12:45:34.048Z,XXRPZCAD,mean_reversion,attempt,MAX_POSITION
2025-12-05T12:45:34.122Z,DOTEUR,mean_reversion,attempt,
2025-12-05T12:45:34.198Z,XRP/RLUSD,vwap_pullback,attempt,
2025-12-05T12:45:34.517Z,DOTEUR,mean_reversion,attempt,MAX_POSITION
2025-12-05T12:45:34.831Z,XRP/RLUSD,vwap_pullback,attempt,MAX_TOTAL_EXPOSURE
2025-12-05T12:45:35.039Z,XXRPZEUR,mean_reversion,attempt,
2025-12-05T12:45:35.395Z,XXRPZEUR,mean_reversion,attempt,MAX_POSITION
2025-12-05T12:45:35.611Z,WLD/USD,vwap_pullback,attempt,
2025-12-05T12:45:35.748Z,DOTGBP,mean_reversion,attempt,
2025-12-05T12:45:36.122Z,DOTGBP,mean_reversion,attempt,MAX_POSITION
2025-12-05T12:45:36.127Z,XRPGBP,mean_reversion,attempt,
2025-12-05T12:45:36.282Z,WLD/USD,vwap_pullback,attempt,MAX_TOTAL_EXPOSURE
2025-12-05T12:45:36.497Z,XRPGBP,mean_reversion,attempt,MAX_POSITION
2025-12-05T12:45:37.097Z,DOTUSDC,mean_reversion,attempt,
2025-12-05T12:45:37.436Z,DOTUSDC,mean_reversion,attempt,MAX_POSITION
2025-12-05T12:45:37.461Z,XRPRLUSD,mean_reversion,attempt,
2025-12-05T12:45:37.569Z,APT/USD,vwap_pullback,attempt,
2025-12-05T12:45:37.789Z,XRPRLUSD,mean_reversion,attempt,MAX_POSITION
2025-12-05T12:45:38.102Z,DOTUSDT,mean_reversion,attempt,
2025-12-05T12:45:38.102Z,APT/USD,vwap_pullback,attempt,MAX_TOTAL_EXPOSURE
2025-12-05T12:45:38.440Z,DOTUSDT,mean_reversion,attempt,MAX_POSITION
2025-12-05T12:45:38.977Z,XRPUSDT,mean_reversion,attempt,
2025-12-05T12:45:39.316Z,XRPUSDT,mean_reversion,attempt,MAX_POSITION
2025-12-05T12:45:39.354Z,XETCZUSD,mean_reversion,attempt,
2025-12-05T12:45:39.704Z,XETCZUSD,mean_reversion,attempt,MAX_POSITION
2025-12-05T12:45:40.525Z,XTZEUR,mean_reversion,attempt,
2025-12-05T12:45:40.859Z,ETHFIEUR,mean_reversion,attempt,
2025-12-05T12:45:40.880Z,XTZEUR,mean_reversion,attempt,MAX_POSITION
2025-12-05T12:45:41.192Z,ETHFIEUR,mean_reversion,attempt,MAX_POSITION
2025-12-05T12:45:41.261Z,DOT/USD,vwap_pullback,attempt,
2025-12-05T12:45:41.785Z,DOT/USD,vwap_pullback,attempt,MAX_TOTAL_EXPOSURE
2025-12-05T12:45:42.053Z,XTZUSD,mean_reversion,attempt,
2025-12-05T12:45:42.345Z,ADAAUD,mean_reversion,attempt,
2025-12-05T12:45:42.386Z,XTZUSD,mean_reversion,attempt,MAX_POSITION
2025-12-05T12:45:42.674Z,ADAAUD,mean_reversion,attempt,MAX_POSITION
2025-12-05T12:45:42.776Z,XTZ/USD,vwap_pullback,attempt,
2025-12-05T12:45:42.777Z,EWTUSD,mean_reversion,attempt,
2025-12-05T12:45:43.117Z,EWTUSD,mean_reversion,attempt,MAX_POSITION
2025-12-05T12:45:43.378Z,XTZ/USD,vwap_pullback,attempt,MAX_TOTAL_EXPOSURE
2025-12-05T12:45:43.632Z,AKTEUR,mean_reversion,attempt,
2025-12-05T12:45:43.979Z,AKTEUR,mean_reversion,attempt,MAX_POSITION
2025-12-05T12:45:44.701Z,AUDUSD,vwap_pullback,attempt,
2025-12-05T12:45:44.957Z,FORTHUSD,mean_reversion,attempt,
2025-12-05T12:45:45.044Z,AUDUSD,vwap_pullback,attempt,MAX_POSITION
2025-12-05T12:45:45.139Z,SOL/USD,vwap_pullback,attempt,
2025-12-05T12:45:45.296Z,FORTHUSD,mean_reversion,attempt,MAX_POSITION
2025-12-05T12:45:45.308Z,AUDUSD,sma_trend_ride,attempt,
2025-12-05T12:45:45.665Z,AUDUSD,sma_trend_ride,attempt,MAX_POSITION
2025-12-05T12:45:45.667Z,SOL/USD,vwap_pullback,attempt,MAX_TOTAL_EXPOSURE
2025-12-05T12:45:46.283Z,CVXUSD,mean_reversion,attempt,
2025-12-05T12:45:46.307Z,FXSUSD,mean_reversion,attempt,
2025-12-05T12:45:46.612Z,CVXUSD,mean_reversion,attempt,MAX_POSITION
2025-12-05T12:45:46.641Z,FXSUSD,mean_reversion,attempt,MAX_POSITION
2025-12-05T12:45:47.014Z,XRP/CAD,vwap_pullback,attempt,
2025-12-05T12:45:47.653Z,DOTEUR,mean_reversion,attempt,
2025-12-05T12:45:47.657Z,XRP/CAD,vwap_pullback,attempt,MAX_TOTAL_EXPOSURE
2025-12-05T12:45:47.731Z,KSMUSD,mean_reversion,attempt,
2025-12-05T12:45:48.017Z,DOTEUR,mean_reversion,attempt,MAX_POSITION
2025-12-05T12:45:48.085Z,KSMUSD,mean_reversion,attempt,MAX_POSITION
2025-12-05T12:45:48.805Z,LINKEUR,vwap_pullback,attempt,
2025-12-05T12:45:48.962Z,DOTGBP,mean_reversion,attempt,
2025-12-05T12:45:49.137Z,LINKEUR,vwap_pullback,attempt,MAX_POSITION
2025-12-05T12:45:49.292Z,DOTGBP,mean_reversion,attempt,MAX_POSITION
2025-12-05T12:45:50.129Z,ICP/USD,vwap_pullback,attempt,
2025-12-05T12:45:50.318Z,LINKUSD,vwap_pullback,attempt,
2025-12-05T12:45:50.454Z,DOTUSDC,mean_reversion,attempt,
2025-12-05T12:45:50.664Z,ICP/USD,vwap_pullback,attempt,MAX_TOTAL_EXPOSURE
2025-12-05T12:45:50.667Z,LINKUSD,vwap_pullback,attempt,MAX_POSITION
2025-12-05T12:45:50.802Z,DOTUSDC,mean_reversion,attempt,MAX_POSITION
2025-12-05T12:45:51.456Z,DOTUSDT,mean_reversion,attempt,
2025-12-05T12:45:51.824Z,DOTUSDT,mean_reversion,attempt,MAX_POSITION
2025-12-05T12:45:52.115Z,LINKUSDC,vwap_pullback,attempt,
2025-12-05T12:45:52.456Z,LINKUSDC,vwap_pullback,attempt,MAX_POSITION
2025-12-05T12:45:52.895Z,XETCZUSD,mean_reversion,attempt,
2025-12-05T12:45:53.228Z,XETCZUSD,mean_reversion,attempt,MAX_POSITION
2025-12-05T12:45:53.265Z,TIA/EUR,vwap_pullback,attempt,
2025-12-05T12:45:53.716Z,LINKUSDT,vwap_pullback,attempt,
2025-12-05T12:45:53.791Z,TIA/EUR,vwap_pullback,attempt,MAX_TOTAL_EXPOSURE
2025-12-05T12:45:53.860Z,ETHFIEUR,mean_reversion,attempt,
2025-12-05T12:45:54.063Z,LINKUSDT,vwap_pullback,attempt,MAX_POSITION
2025-12-05T12:45:54.195Z,ETHFIEUR,mean_reversion,attempt,MAX_POSITION
2025-12-05T12:45:55.307Z,XLTCZEUR,mean_reversion,attempt,
2025-12-05T12:45:55.643Z,XLTCZEUR,mean_reversion,attempt,MAX_POSITION
2025-12-05T12:45:56.470Z,EWTUSD,mean_reversion,attempt,
2025-12-05T12:45:56.673Z,XRP/RLUSD,vwap_pullback,attempt,
2025-12-05T12:45:56.810Z,EWTUSD,mean_reversion,attempt,MAX_POSITION
2025-12-05T12:45:56.896Z,XLTCZUSD,mean_reversion,attempt,
2025-12-05T12:45:57.223Z,XRP/RLUSD,vwap_pullback,attempt,MAX_TOTAL_EXPOSURE
2025-12-05T12:45:57.249Z,XLTCZUSD,mean_reversion,attempt,MAX_POSITION
2025-12-05T12:45:57.730Z,FORTHUSD,mean_reversion,attempt,
2025-12-05T12:45:57.999Z,WLD/USD,vwap_pullback,attempt,
2025-12-05T12:45:58.061Z,FORTHUSD,mean_reversion,attempt,MAX_POSITION
2025-12-05T12:45:58.186Z,MASKEUR,mean_reversion,attempt,
2025-12-05T12:45:58.515Z,MASKEUR,mean_reversion,attempt,MAX_POSITION
2025-12-05T12:45:58.529Z,WLD/USD,vwap_pullback,attempt,MAX_TOTAL_EXPOSURE
2025-12-05T12:45:59.057Z,FXSUSD,mean_reversion,attempt,
2025-12-05T12:45:59.384Z,FXSUSD,mean_reversion,attempt,MAX_POSITION
2025-12-05T12:45:59.474Z,MASKUSD,mean_reversion,attempt,
2025-12-05T12:45:59.574Z,APT/USD,vwap_pullback,attempt,
2025-12-05T12:45:59.802Z,MASKUSD,mean_reversion,attempt,MAX_POSITION
2025-12-05T12:46:00.100Z,APT/USD,vwap_pullback,attempt,MAX_TOTAL_EXPOSURE
2025-12-05T12:46:00.333Z,KSMUSD,mean_reversion,attempt,
2025-12-05T12:46:00.668Z,KSMUSD,mean_reversion,attempt,MAX_POSITION
2025-12-05T12:46:01.001Z,MEUSD,mean_reversion,attempt,
2025-12-05T12:46:01.345Z,MEUSD,mean_reversion,attempt,MAX_POSITION
2025-12-05T12:46:02.031Z,LINKEUR,vwap_pullback,attempt,
2025-12-05T12:46:02.375Z,LINKEUR,vwap_pullback,attempt,MAX_POSITION
2025-12-05T12:46:02.718Z,NANOEUR,mean_reversion,attempt,
2025-12-05T12:46:03.015Z,LINKUSD,vwap_pullback,attempt,
2025-12-05T12:46:03.056Z,NANOEUR,mean_reversion,attempt,MAX_POSITION
2025-12-05T12:46:03.680Z,LINKUSD,vwap_pullback,attempt,MAX_POSITION
2025-12-05T12:46:04.309Z,NANOUSD,mean_reversion,attempt,
2025-12-05T12:46:04.522Z,LINKUSDC,vwap_pullback,attempt,
2025-12-05T12:46:04.682Z,NANOUSD,mean_reversion,attempt,MAX_POSITION
2025-12-05T12:46:04.897Z,LINKUSDC,vwap_pullback,attempt,MAX_POSITION
2025-12-05T12:46:05.288Z,ICP/USD,vwap_pullback,attempt,
2025-12-05T12:46:05.829Z,ICP/USD,vwap_pullback,attempt,MAX_TOTAL_EXPOSURE
2025-12-05T12:46:06.045Z,NOSUSD,mean_reversion,attempt,
2025-12-05T12:46:06.216Z,LINKUSDT,vwap_pullback,attempt,
2025-12-05T12:46:06.374Z,NOSUSD,mean_reversion,attempt,MAX_POSITION
2025-12-05T12:46:06.553Z,LINKUSDT,vwap_pullback,attempt,MAX_POSITION
2025-12-05T12:46:07.265Z,XLTCZEUR,mean_reversion,attempt,
2025-12-05T12:46:07.611Z,TIA/EUR,vwap_pullback,attempt,
2025-12-05T12:46:07.613Z,XLTCZEUR,mean_reversion,attempt,MAX_POSITION
2025-12-05T12:46:08.147Z,TIA/EUR,vwap_pullback,attempt,MAX_TOTAL_EXPOSURE
2025-12-05T12:46:08.280Z,OPEUR,mean_reversion,attempt,
2025-12-05T12:46:08.620Z,OPEUR,mean_reversion,attempt,MAX_POSITION
2025-12-05T12:46:08.781Z,XLTCZUSD,mean_reversion,attempt,
2025-12-05T12:46:09.115Z,XLTCZUSD,mean_reversion,attempt,MAX_POSITION
2025-12-05T12:46:09.654Z,OPUSD,mean_reversion,attempt,
2025-12-05T12:46:09.983Z,OPUSD,mean_reversion,attempt,MAX_POSITION
2025-12-05T12:46:10.045Z,MASKEUR,mean_reversion,attempt,
2025-12-05T12:46:10.368Z,MASKEUR,mean_reversion,attempt,MAX_POSITION
2025-12-05T12:46:11.253Z,PROVEEUR,mean_reversion,attempt,
2025-12-05T12:46:11.594Z,PROVEEUR,mean_reversion,attempt,MAX_POSITION
2025-12-05T12:46:11.704Z,MASKUSD,mean_reversion,attempt,
2025-12-05T12:46:12.058Z,XRP/RLUSD,vwap_pullback,attempt,
2025-12-05T12:46:12.059Z,MASKUSD,mean_reversion,attempt,MAX_POSITION
2025-12-05T12:46:12.313Z,ADAAUD,mean_reversion,attempt,
2025-12-05T12:46:12.596Z,XRP/RLUSD,vwap_pullback,attempt,MAX_TOTAL_EXPOSURE
2025-12-05T12:46:12.637Z,ADAAUD,mean_reversion,attempt,MAX_POSITION
2025-12-05T12:46:12.727Z,MEUSD,mean_reversion,attempt,
2025-12-05T12:46:12.855Z,RUNEEUR,mean_reversion,attempt,
2025-12-05T12:46:13.072Z,MEUSD,mean_reversion,attempt,MAX_POSITION
2025-12-05T12:46:13.200Z,RUNEEUR,mean_reversion,attempt,MAX_POSITION
2025-12-05T12:46:13.637Z,WLD/USD,vwap_pullback,attempt,
2025-12-05T12:46:13.905Z,AKTEUR,mean_reversion,attempt,
2025-12-05T12:46:14.164Z,WLD/USD,vwap_pullback,attempt,MAX_TOTAL_EXPOSURE
2025-12-05T12:46:14.234Z,RUNEUSD,mean_reversion,attempt,
2025-12-05T12:46:14.241Z,AKTEUR,mean_reversion,attempt,MAX_POSITION
2025-12-05T12:46:14.473Z,NANOEUR,mean_reversion,attempt,
2025-12-05T12:46:14.585Z,RUNEUSD,mean_reversion,attempt,MAX_POSITION
2025-12-05T12:46:14.808Z,NANOEUR,mean_reversion,attempt,MAX_POSITION
2025-12-05T12:46:14.929Z,AUDUSD,vwap_pullback,attempt,
2025-12-05T12:46:15.252Z,AUDUSD,vwap_pullback,attempt,MAX_POSITION
2025-12-05T12:46:15.477Z,APT/USD,vwap_pullback,attempt,
2025-12-05T12:46:15.534Z,AUDUSD,sma_trend_ride,attempt,
2025-12-05T12:46:15.863Z,AUDUSD,sma_trend_ride,attempt,MAX_POSITION
2025-12-05T12:46:15.928Z,SOSOUSD,mean_reversion,attempt,
2025-12-05T12:46:16.021Z,APT/USD,vwap_pullback,attempt,MAX_TOTAL_EXPOSURE
2025-12-05T12:46:16.258Z,SOSOUSD,mean_reversion,attempt,MAX_POSITION
2025-12-05T12:46:16.597Z,CVXUSD,mean_reversion,attempt,
2025-12-05T12:46:16.956Z,CVXUSD,mean_reversion,attempt,MAX_POSITION
2025-12-05T12:46:17.403Z,NANOUSD,mean_reversion,attempt,
2025-12-05T12:46:17.654Z,DOTEUR,mean_reversion,attempt,
2025-12-05T12:46:17.657Z,TONEUR,mean_reversion,attempt,
2025-12-05T12:46:17.802Z,NANOUSD,mean_reversion,attempt,MAX_POSITION
2025-12-05T12:46:18.087Z,DOTEUR,mean_reversion,attempt,MAX_POSITION
2025-12-05T12:46:18.173Z,TONEUR,mean_reversion,attempt,MAX_POSITION
2025-12-05T12:46:18.842Z,NOSUSD,mean_reversion,attempt,
2025-12-05T12:46:19.216Z,NOSUSD,mean_reversion,attempt,MAX_POSITION
2025-12-05T12:46:19.217Z,TONUSD,mean_reversion,attempt,
2025-12-05T12:46:19.284Z,DOTGBP,mean_reversion,attempt,
2025-12-05T12:46:19.288Z,GOMINING/USD,vwap_bounce,attempt,
2025-12-05T12:46:19.605Z,TONUSD,mean_reversion,attempt,MAX_POSITION
2025-12-05T12:46:19.625Z,DOTGBP,mean_reversion,attempt,MAX_POSITION
2025-12-05T12:46:19.828Z,GOMINING/USD,vwap_bounce,attempt,MAX_TOTAL_EXPOSURE
2025-12-05T12:46:20.161Z,OPEUR,mean_reversion,attempt,
2025-12-05T12:46:20.488Z,OPEUR,mean_reversion,attempt,MAX_POSITION
2025-12-05T12:46:20.599Z,TRUMPUSD,mean_reversion,attempt,
2025-12-05T12:46:20.705Z,DOTUSDC,mean_reversion,attempt,
2025-12-05T12:46:20.925Z,TRUMPUSD,mean_reversion,attempt,MAX_POSITION
2025-12-05T12:46:21.038Z,DOTUSDC,mean_reversion,attempt,MAX_POSITION
2025-12-05T12:46:21.454Z,OPUSD,mean_reversion,attempt,
2025-12-05T12:46:21.642Z,NANO/USD,vwap_pullback,attempt,
2025-12-05T12:46:21.780Z,OPUSD,mean_reversion,attempt,MAX_POSITION
2025-12-05T12:46:21.952Z,TRXUSD,vwap_pullback,attempt,
2025-12-05T12:46:22.151Z,TRXUSD,vwap_pullback,attempt,POSITION_LIMIT
2025-12-05T12:46:22.163Z,NANO/USD,vwap_pullback,attempt,MAX_TOTAL_EXPOSURE
2025-12-05T12:46:22.453Z,DOTUSDT,mean_reversion,attempt,
2025-12-05T12:46:22.777Z,DOTUSDT,mean_reversion,attempt,MAX_POSITION
2025-12-05T12:46:23.062Z,PROVEEUR,mean_reversion,attempt,
2025-12-05T12:46:23.390Z,PROVEEUR,mean_reversion,attempt,MAX_POSITION
2025-12-05T12:46:23.423Z,USDCHF,vwap_pullback,attempt,
2025-12-05T12:46:23.424Z,ONDO/EUR,vwap_pullback,attempt,
2025-12-05T12:46:23.763Z,USDCHF,vwap_pullback,attempt,MAX_POSITION
2025-12-05T12:46:23.920Z,XETCZUSD,mean_reversion,attempt,
2025-12-05T12:46:23.963Z,ONDO/EUR,vwap_pullback,attempt,MAX_TOTAL_EXPOSURE
2025-12-05T12:46:24.056Z,RUNEEUR,mean_reversion,attempt,
2025-12-05T12:46:24.251Z,XETCZUSD,mean_reversion,attempt,MAX_POSITION
2025-12-05T12:46:24.386Z,RUNEEUR,mean_reversion,attempt,MAX_POSITION
2025-12-05T12:46:24.807Z,XXRPZCAD,mean_reversion,attempt,
2025-12-05T12:46:25.050Z,JTO/USD,vwap_pullback,attempt,
2025-12-05T12:46:25.149Z,XXRPZCAD,mean_reversion,attempt,MAX_POSITION
2025-12-05T12:46:25.189Z,ETHFIEUR,mean_reversion,attempt,
2025-12-05T12:46:25.517Z,ETHFIEUR,mean_reversion,attempt,MAX_POSITION
2025-12-05T12:46:25.585Z,JTO/USD,vwap_pullback,attempt,MAX_TOTAL_EXPOSURE
2025-12-05T12:46:25.858Z,RUNEUSD,mean_reversion,attempt,
2025-12-05T12:46:26.185Z,XXRPZEUR,mean_reversion,attempt,
2025-12-05T12:46:26.187Z,RUNEUSD,mean_reversion,attempt,MAX_POSITION
2025-12-05T12:46:26.514Z,XXRPZEUR,mean_reversion,attempt,MAX_POSITION
2025-12-05T12:46:26.875Z,SOSOUSD,mean_reversion,attempt,
2025-12-05T12:46:27.224Z,SOSOUSD,mean_reversion,attempt,MAX_POSITION
2025-12-05T12:46:27.530Z,XRPGBP,mean_reversion,attempt,
2025-12-05T12:46:27.546Z,EWTUSD,mean_reversion,attempt,
2025-12-05T12:46:27.872Z,EWTUSD,mean_reversion,attempt,MAX_POSITION
2025-12-05T12:46:27.875Z,XRPGBP,mean_reversion,attempt,MAX_POSITION
2025-12-05T12:46:27.962Z,TONEUR,mean_reversion,attempt,
2025-12-05T12:46:28.294Z,TONEUR,mean_reversion,attempt,MAX_POSITION
2025-12-05T12:46:28.340Z,XRPRLUSD,mean_reversion,attempt,
2025-12-05T12:46:28.666Z,XRPRLUSD,mean_reversion,attempt,MAX_POSITION
2025-12-05T12:46:28.701Z,FORTHUSD,mean_reversion,attempt,
2025-12-05T12:46:28.872Z,ICP/USD,vwap_pullback,attempt,
2025-12-05T12:46:29.034Z,FORTHUSD,mean_reversion,attempt,MAX_POSITION
2025-12-05T12:46:29.231Z,TONUSD,mean_reversion,attempt,
2025-12-05T12:46:29.470Z,ICP/USD,vwap_pullback,attempt,MAX_TOTAL_EXPOSURE
2025-12-05T12:46:29.558Z,TONUSD,mean_reversion,attempt,MAX_POSITION
2025-12-05T12:46:29.742Z,XRPUSDT,mean_reversion,attempt,
2025-12-05T12:46:30.014Z,FXSUSD,mean_reversion,attempt,
2025-12-05T12:46:30.069Z,XRPUSDT,mean_reversion,attempt,MAX_POSITION
2025-12-05T12:46:30.248Z,TRUMPUSD,mean_reversion,attempt,
2025-12-05T12:46:30.337Z,FXSUSD,mean_reversion,attempt,MAX_POSITION
2025-12-05T12:46:30.576Z,TRUMPUSD,mean_reversion,attempt,MAX_POSITION
2025-12-05T12:46:30.755Z,XTZEUR,mean_reversion,attempt,
2025-12-05T12:46:31.027Z,TIA/EUR,vwap_pullback,attempt,
2025-12-05T12:46:31.091Z,XTZEUR,mean_reversion,attempt,MAX_POSITION
2025-12-05T12:46:31.524Z,KSMUSD,mean_reversion,attempt,
2025-12-05T12:46:31.557Z,TIA/EUR,vwap_pullback,attempt,MAX_TOTAL_EXPOSURE
2025-12-05T12:46:31.569Z,TRXUSD,vwap_pullback,attempt,
2025-12-05T12:46:31.767Z,TRXUSD,vwap_pullback,attempt,POSITION_LIMIT
2025-12-05T12:46:31.850Z,KSMUSD,mean_reversion,attempt,MAX_POSITION
2025-12-05T12:46:32.295Z,XTZUSD,mean_reversion,attempt,
2025-12-05T12:46:32.617Z,XTZUSD,mean_reversion,attempt,MAX_POSITION
2025-12-05T12:46:32.881Z,LINKEUR,vwap_pullback,attempt,
2025-12-05T12:46:33.091Z,USDCHF,vwap_pullback,attempt,
2025-12-05T12:46:33.211Z,LINKEUR,vwap_pullback,attempt,MAX_POSITION
2025-12-05T12:46:33.657Z,USDCHF,vwap_pullback,attempt,MAX_POSITION
2025-12-05T12:46:34.260Z,LINKUSD,vwap_pullback,attempt,
2025-12-05T12:46:34.404Z,XRP/RLUSD,vwap_pullback,attempt,
2025-12-05T12:46:34.599Z,LINKUSD,vwap_pullback,attempt,MAX_POSITION
2025-12-05T12:46:34.892Z,XXRPZCAD,mean_reversion,attempt,
2025-12-05T12:46:34.935Z,XRP/RLUSD,vwap_pullback,attempt,MAX_TOTAL_EXPOSURE
2025-12-05T12:46:35.225Z,XXRPZCAD,mean_reversion,attempt,MAX_POSITION
2025-12-05T12:46:35.295Z,LINKUSDC,vwap_pullback,attempt,
2025-12-05T12:46:35.626Z,LINKUSDC,vwap_pullback,attempt,MAX_POSITION
2025-12-05T12:46:35.839Z,XXRPZEUR,mean_reversion,attempt,
2025-12-05T12:46:36.168Z,XXRPZEUR,mean_reversion,attempt,MAX_POSITION
2025-12-05T12:46:36.617Z,WLD/USD,vwap_pullback,attempt,
2025-12-05T12:46:36.683Z,LINKUSDT,vwap_pullback,attempt,
2025-12-05T12:46:37.007Z,LINKUSDT,vwap_pullback,attempt,MAX_POSITION
2025-12-05T12:46:37.107Z,XRPGBP,mean_reversion,attempt,
2025-12-05T12:46:37.150Z,WLD/USD,vwap_pullback,attempt,MAX_TOTAL_EXPOSURE
2025-12-05T12:46:37.432Z,XRPGBP,mean_reversion,attempt,MAX_POSITION
2025-12-05T12:46:38.079Z,XLTCZEUR,mean_reversion,attempt,
2025-12-05T12:46:38.274Z,APT/USD,vwap_pullback,attempt,
2025-12-05T12:46:38.359Z,XRPRLUSD,mean_reversion,attempt,
2025-12-05T12:46:38.421Z,XLTCZEUR,mean_reversion,attempt,MAX_POSITION
2025-12-05T12:46:38.683Z,XRPRLUSD,mean_reversion,attempt,MAX_POSITION
2025-12-05T12:46:38.812Z,APT/USD,vwap_pullback,attempt,MAX_TOTAL_EXPOSURE
2025-12-05T12:46:39.339Z,XLTCZUSD,mean_reversion,attempt,
2025-12-05T12:46:39.411Z,XRPUSDT,mean_reversion,attempt,
2025-12-05T12:46:39.667Z,XLTCZUSD,mean_reversion,attempt,MAX_POSITION
2025-12-05T12:46:39.747Z,XRPUSDT,mean_reversion,attempt,MAX_POSITION
2025-12-05T12:46:40.676Z,XTZEUR,mean_reversion,attempt,
2025-12-05T12:46:40.870Z,MASKEUR,mean_reversion,attempt,
2025-12-05T12:46:41.004Z,XTZEUR,mean_reversion,attempt,MAX_POSITION
2025-12-05T12:46:41.197Z,MASKEUR,mean_reversion,attempt,MAX_POSITION
2025-12-05T12:46:42.080Z,GOMINING/USD,vwap_bounce,attempt,
2025-12-05T12:46:42.285Z,MASKUSD,mean_reversion,attempt,
2025-12-05T12:46:42.374Z,XTZUSD,mean_reversion,attempt,
2025-12-05T12:46:42.600Z,GOMINING/USD,vwap_bounce,attempt,MAX_TOTAL_EXPOSURE
2025-12-05T12:46:42.609Z,MASKUSD,mean_reversion,attempt,MAX_POSITION
2025-12-05T12:46:42.705Z,XTZUSD,mean_reversion,attempt,MAX_POSITION
2025-12-05T12:46:43.855Z,MEUSD,mean_reversion,attempt,
2025-12-05T12:46:44.180Z,MEUSD,mean_reversion,attempt,MAX_POSITION
2025-12-05T12:46:44.433Z,NANO/USD,vwap_pullback,attempt,
2025-12-05T12:46:44.973Z,NANO/USD,vwap_pullback,attempt,MAX_TOTAL_EXPOSURE